customer_id,churn,label_date,split
CUST-00001,No,2025-06-01,val
CUST-00002,No,2025-06-01,train
CUST-00003,Yes,2025-06-01,test
CUST-00004,Yes,2025-06-01,train
CUST-00005,Yes,2025-06-01,train
CUST-00006,Yes,2025-06-01,test
CUST-00007,No,2025-06-01,val
CUST-00008,No,2025-06-01,val
CUST-00009,No,2025-06-01,train
CUST-00010,No,2025-06-01,train
CUST-00011,No,2025-06-01,train
CUST-00012,No,2025-06-01,test
CUST-00013,No,2025-06-01,train
CUST-00014,No,2025-06-01,val
CUST-00015,Yes,2025-06-01,train
CUST-00016,No,2025-06-01,train
CUST-00017,No,2025-06-01,train
CUST-00018,Yes,2025-06-01,train
CUST-00019,No,2025-06-01,val
CUST-00020,Yes,2025-06-01,train
CUST-00021,Yes,2025-06-01,val
CUST-00022,No,2025-06-01,train
CUST-00023,No,2025-06-01,test
CUST-00024,Yes,2025-06-01,test
CUST-00025,No,2025-06-01,val
CUST-00026,No,2025-06-01,train
CUST-00027,No,2025-06-01,train
CUST-00028,Yes,2025-06-01,train
CUST-00029,No,2025-06-01,train
CUST-00030,Yes,2025-06-01,train
CUST-00031,No,2025-06-01,val
CUST-00032,No,2025-06-01,test
CUST-00033,No,2025-06-01,train
CUST-00034,No,2025-06-01,train
CUST-00035,Yes,2025-06-01,train
CUST-00036,No,2025-06-01,train
CUST-00037,No,2025-06-01,train
CUST-00038,No,2025-06-01,train
CUST-00039,Yes,2025-06-01,train
CUST-00040,No,2025-06-01,train
CUST-00041,No,2025-06-01,train
CUST-00042,Yes,2025-06-01,val
CUST-00043,No,2025-06-01,val
CUST-00044,Yes,2025-06-01,train
CUST-00045,No,2025-06-01,val
CUST-00046,Yes,2025-06-01,val
CUST-00047,Yes,2025-06-01,train
CUST-00048,No,2025-06-01,train
CUST-00049,Yes,2025-06-01,train
CUST-00050,Yes,2025-06-01,train
CUST-00051,No,2025-06-01,train
CUST-00052,No,2025-06-01,train
CUST-00053,Yes,2025-06-01,val
CUST-00054,No,2025-06-01,train
CUST-00055,No,2025-06-01,val
CUST-00056,No,2025-06-01,val
CUST-00057,No,2025-06-01,train
CUST-00058,No,2025-06-01,train
CUST-00059,No,2025-06-01,train
CUST-00060,No,2025-06-01,train
CUST-00061,No,2025-06-01,train
CUST-00062,No,2025-06-01,train
CUST-00063,No,2025-06-01,train
CUST-00064,Yes,2025-06-01,val
CUST-00065,Yes,2025-06-01,train
CUST-00066,No,2025-06-01,train
CUST-00067,No,2025-06-01,train
CUST-00068,Yes,2025-06-01,train
CUST-00069,No,2025-06-01,train
CUST-00070,No,2025-06-01,train
CUST-00071,No,2025-06-01,train
CUST-00072,No,2025-06-01,train
CUST-00073,No,2025-06-01,test
CUST-00074,No,2025-06-01,train
CUST-00075,No,2025-06-01,train
CUST-00076,No,2025-06-01,train
CUST-00077,No,2025-06-01,train
CUST-00078,No,2025-06-01,train
CUST-00079,Yes,2025-06-01,train
CUST-00080,No,2025-06-01,val
CUST-00081,No,2025-06-01,train
CUST-00082,Yes,2025-06-01,train
CUST-00083,No,2025-06-01,val
CUST-00084,No,2025-06-01,train
CUST-00085,Yes,2025-06-01,train
CUST-00086,No,2025-06-01,train
CUST-00087,No,2025-06-01,val
CUST-00088,No,2025-06-01,train
CUST-00089,Yes,2025-06-01,train
CUST-00090,Yes,2025-06-01,train
CUST-00091,No,2025-06-01,train
CUST-00092,No,2025-06-01,train
CUST-00093,No,2025-06-01,train
CUST-00094,Yes,2025-06-01,train
CUST-00095,No,2025-06-01,train
CUST-00096,No,2025-06-01,train
CUST-00097,No,2025-06-01,train
CUST-00098,No,2025-06-01,train
CUST-00099,No,2025-06-01,train
CUST-00100,No,2025-06-01,test
CUST-00101,No,2025-06-01,test
CUST-00102,Yes,2025-06-01,train
CUST-00103,No,2025-06-01,train
CUST-00104,No,2025-06-01,test
CUST-00105,No,2025-06-01,val
CUST-00106,No,2025-06-01,val
CUST-00107,Yes,2025-06-01,train
CUST-00108,Yes,2025-06-01,train
CUST-00109,Yes,2025-06-01,train
CUST-00110,Yes,2025-06-01,test
CUST-00111,Yes,2025-06-01,train
CUST-00112,No,2025-06-01,train
CUST-00113,Yes,2025-06-01,train
CUST-00114,No,2025-06-01,train
CUST-00115,No,2025-06-01,train
CUST-00116,No,2025-06-01,test
CUST-00117,No,2025-06-01,val
CUST-00118,No,2025-06-01,val
CUST-00119,No,2025-06-01,train
CUST-00120,No,2025-06-01,train
CUST-00121,No,2025-06-01,train
CUST-00122,Yes,2025-06-01,train
CUST-00123,Yes,2025-06-01,train
CUST-00124,Yes,2025-06-01,train
CUST-00125,Yes,2025-06-01,train
CUST-00126,No,2025-06-01,train
CUST-00127,No,2025-06-01,train
CUST-00128,Yes,2025-06-01,train
CUST-00129,Yes,2025-06-01,train
CUST-00130,No,2025-06-01,train
CUST-00131,No,2025-06-01,train
CUST-00132,No,2025-06-01,test
CUST-00133,No,2025-06-01,train
CUST-00134,No,2025-06-01,train
CUST-00135,No,2025-06-01,train
CUST-00136,Yes,2025-06-01,train
CUST-00137,Yes,2025-06-01,test
CUST-00138,Yes,2025-06-01,train
CUST-00139,No,2025-06-01,val
CUST-00140,No,2025-06-01,train
CUST-00141,Yes,2025-06-01,train
CUST-00142,No,2025-06-01,train
CUST-00143,No,2025-06-01,test
CUST-00144,Yes,2025-06-01,train
CUST-00145,No,2025-06-01,train
CUST-00146,Yes,2025-06-01,train
CUST-00147,Yes,2025-06-01,train
CUST-00148,No,2025-06-01,train
CUST-00149,Yes,2025-06-01,train
CUST-00150,Yes,2025-06-01,train
CUST-00151,No,2025-06-01,val
CUST-00152,No,2025-06-01,test
CUST-00153,No,2025-06-01,train
CUST-00154,Yes,2025-06-01,train
CUST-00155,Yes,2025-06-01,train
CUST-00156,No,2025-06-01,train
CUST-00157,No,2025-06-01,train
CUST-00158,Yes,2025-06-01,train
CUST-00159,No,2025-06-01,val
CUST-00160,Yes,2025-06-01,val
CUST-00161,No,2025-06-01,train
CUST-00162,No,2025-06-01,test
CUST-00163,No,2025-06-01,train
CUST-00164,No,2025-06-01,train
CUST-00165,Yes,2025-06-01,train
CUST-00166,No,2025-06-01,train
CUST-00167,Yes,2025-06-01,val
CUST-00168,No,2025-06-01,val
CUST-00169,Yes,2025-06-01,train
CUST-00170,No,2025-06-01,test
CUST-00171,No,2025-06-01,train
CUST-00172,Yes,2025-06-01,train
CUST-00173,Yes,2025-06-01,train
CUST-00174,No,2025-06-01,test
CUST-00175,No,2025-06-01,train
CUST-00176,No,2025-06-01,train
CUST-00177,Yes,2025-06-01,train
CUST-00178,Yes,2025-06-01,test
CUST-00179,No,2025-06-01,test
CUST-00180,No,2025-06-01,val
CUST-00181,No,2025-06-01,test
CUST-00182,No,2025-06-01,test
CUST-00183,No,2025-06-01,train
CUST-00184,No,2025-06-01,train
CUST-00185,No,2025-06-01,val
CUST-00186,No,2025-06-01,train
CUST-00187,No,2025-06-01,train
CUST-00188,Yes,2025-06-01,train
CUST-00189,Yes,2025-06-01,val
CUST-00190,No,2025-06-01,train
CUST-00191,No,2025-06-01,test
CUST-00192,No,2025-06-01,train
CUST-00193,Yes,2025-06-01,train
CUST-00194,Yes,2025-06-01,val
CUST-00195,Yes,2025-06-01,train
CUST-00196,No,2025-06-01,train
CUST-00197,Yes,2025-06-01,train
CUST-00198,Yes,2025-06-01,test
CUST-00199,No,2025-06-01,train
CUST-00200,Yes,2025-06-01,train
CUST-00201,No,2025-06-01,val
CUST-00202,No,2025-06-01,test
CUST-00203,No,2025-06-01,train
CUST-00204,Yes,2025-06-01,train
CUST-00205,No,2025-06-01,train
CUST-00206,Yes,2025-06-01,train
CUST-00207,Yes,2025-06-01,train
CUST-00208,No,2025-06-01,train
CUST-00209,No,2025-06-01,train
CUST-00210,No,2025-06-01,train
CUST-00211,Yes,2025-06-01,train
CUST-00212,Yes,2025-06-01,train
CUST-00213,No,2025-06-01,train
CUST-00214,No,2025-06-01,val
CUST-00215,No,2025-06-01,val
CUST-00216,Yes,2025-06-01,val
CUST-00217,No,2025-06-01,train
CUST-00218,No,2025-06-01,train
CUST-00219,No,2025-06-01,test
CUST-00220,No,2025-06-01,train
CUST-00221,No,2025-06-01,train
CUST-00222,No,2025-06-01,train
CUST-00223,No,2025-06-01,train
CUST-00224,No,2025-06-01,test
CUST-00225,No,2025-06-01,train
CUST-00226,Yes,2025-06-01,test
CUST-00227,No,2025-06-01,train
CUST-00228,No,2025-06-01,train
CUST-00229,Yes,2025-06-01,train
CUST-00230,No,2025-06-01,train
CUST-00231,No,2025-06-01,train
CUST-00232,No,2025-06-01,train
CUST-00233,No,2025-06-01,test
CUST-00234,Yes,2025-06-01,train
CUST-00235,Yes,2025-06-01,test
CUST-00236,Yes,2025-06-01,val
CUST-00237,Yes,2025-06-01,train
CUST-00238,No,2025-06-01,val
CUST-00239,No,2025-06-01,train
CUST-00240,No,2025-06-01,train
CUST-00241,Yes,2025-06-01,val
CUST-00242,Yes,2025-06-01,val
CUST-00243,No,2025-06-01,train
CUST-00244,No,2025-06-01,train
CUST-00245,No,2025-06-01,train
CUST-00246,No,2025-06-01,test
CUST-00247,No,2025-06-01,train
CUST-00248,Yes,2025-06-01,train
CUST-00249,No,2025-06-01,train
CUST-00250,No,2025-06-01,train
CUST-00251,Yes,2025-06-01,train
CUST-00252,No,2025-06-01,test
CUST-00253,Yes,2025-06-01,train
CUST-00254,No,2025-06-01,train
CUST-00255,No,2025-06-01,train
CUST-00256,No,2025-06-01,val
CUST-00257,No,2025-06-01,val
CUST-00258,Yes,2025-06-01,train
CUST-00259,Yes,2025-06-01,train
CUST-00260,Yes,2025-06-01,train
CUST-00261,No,2025-06-01,train
CUST-00262,No,2025-06-01,val
CUST-00263,Yes,2025-06-01,train
CUST-00264,Yes,2025-06-01,train
CUST-00265,No,2025-06-01,test
CUST-00266,No,2025-06-01,train
CUST-00267,Yes,2025-06-01,train
CUST-00268,No,2025-06-01,train
CUST-00269,Yes,2025-06-01,train
CUST-00270,No,2025-06-01,train
CUST-00271,Yes,2025-06-01,train
CUST-00272,No,2025-06-01,train
CUST-00273,No,2025-06-01,train
CUST-00274,No,2025-06-01,train
CUST-00275,No,2025-06-01,train
CUST-00276,No,2025-06-01,train
CUST-00277,No,2025-06-01,train
CUST-00278,No,2025-06-01,train
CUST-00279,Yes,2025-06-01,test
CUST-00280,Yes,2025-06-01,test
CUST-00281,Yes,2025-06-01,train
CUST-00282,No,2025-06-01,train
CUST-00283,No,2025-06-01,train
CUST-00284,No,2025-06-01,train
CUST-00285,No,2025-06-01,train
CUST-00286,No,2025-06-01,train
CUST-00287,No,2025-06-01,train
CUST-00288,Yes,2025-06-01,train
CUST-00289,Yes,2025-06-01,train
CUST-00290,No,2025-06-01,train
CUST-00291,No,2025-06-01,val
CUST-00292,No,2025-06-01,train
CUST-00293,No,2025-06-01,test
CUST-00294,Yes,2025-06-01,train
CUST-00295,No,2025-06-01,val
CUST-00296,No,2025-06-01,test
CUST-00297,Yes,2025-06-01,test
CUST-00298,No,2025-06-01,val
CUST-00299,No,2025-06-01,val
CUST-00300,Yes,2025-06-01,train
CUST-00301,Yes,2025-06-01,val
CUST-00302,Yes,2025-06-01,train
CUST-00303,No,2025-06-01,train
CUST-00304,Yes,2025-06-01,train
CUST-00305,Yes,2025-06-01,test
CUST-00306,No,2025-06-01,train
CUST-00307,No,2025-06-01,train
CUST-00308,No,2025-06-01,train
CUST-00309,No,2025-06-01,train
CUST-00310,Yes,2025-06-01,train
CUST-00311,No,2025-06-01,train
CUST-00312,No,2025-06-01,train
CUST-00313,No,2025-06-01,train
CUST-00314,No,2025-06-01,train
CUST-00315,No,2025-06-01,train
CUST-00316,No,2025-06-01,train
CUST-00317,No,2025-06-01,train
CUST-00318,Yes,2025-06-01,train
CUST-00319,Yes,2025-06-01,train
CUST-00320,No,2025-06-01,test
CUST-00321,No,2025-06-01,test
CUST-00322,No,2025-06-01,train
CUST-00323,No,2025-06-01,train
CUST-00324,Yes,2025-06-01,train
CUST-00325,Yes,2025-06-01,val
CUST-00326,Yes,2025-06-01,train
CUST-00327,No,2025-06-01,val
CUST-00328,Yes,2025-06-01,train
CUST-00329,Yes,2025-06-01,train
CUST-00330,Yes,2025-06-01,train
CUST-00331,No,2025-06-01,val
CUST-00332,No,2025-06-01,train
CUST-00333,Yes,2025-06-01,train
CUST-00334,Yes,2025-06-01,test
CUST-00335,No,2025-06-01,train
CUST-00336,No,2025-06-01,train
CUST-00337,No,2025-06-01,train
CUST-00338,Yes,2025-06-01,val
CUST-00339,No,2025-06-01,train
CUST-00340,No,2025-06-01,test
CUST-00341,No,2025-06-01,train
CUST-00342,Yes,2025-06-01,test
CUST-00343,No,2025-06-01,val
CUST-00344,No,2025-06-01,train
CUST-00345,No,2025-06-01,val
CUST-00346,Yes,2025-06-01,val
CUST-00347,Yes,2025-06-01,test
CUST-00348,No,2025-06-01,train
CUST-00349,No,2025-06-01,train
CUST-00350,Yes,2025-06-01,train
CUST-00351,Yes,2025-06-01,train
CUST-00352,Yes,2025-06-01,train
CUST-00353,No,2025-06-01,train
CUST-00354,No,2025-06-01,train
CUST-00355,No,2025-06-01,train
CUST-00356,No,2025-06-01,train
CUST-00357,Yes,2025-06-01,val
CUST-00358,Yes,2025-06-01,val
CUST-00359,Yes,2025-06-01,train
CUST-00360,No,2025-06-01,train
CUST-00361,No,2025-06-01,test
CUST-00362,No,2025-06-01,train
CUST-00363,No,2025-06-01,train
CUST-00364,Yes,2025-06-01,train
CUST-00365,Yes,2025-06-01,train
CUST-00366,No,2025-06-01,train
CUST-00367,Yes,2025-06-01,val
CUST-00368,No,2025-06-01,train
CUST-00369,Yes,2025-06-01,train
CUST-00370,No,2025-06-01,test
CUST-00371,No,2025-06-01,val
CUST-00372,No,2025-06-01,train
CUST-00373,No,2025-06-01,train
CUST-00374,No,2025-06-01,train
CUST-00375,No,2025-06-01,train
CUST-00376,Yes,2025-06-01,train
CUST-00377,No,2025-06-01,test
CUST-00378,Yes,2025-06-01,train
CUST-00379,No,2025-06-01,train
CUST-00380,Yes,2025-06-01,val
CUST-00381,No,2025-06-01,train
CUST-00382,No,2025-06-01,test
CUST-00383,No,2025-06-01,val
CUST-00384,Yes,2025-06-01,train
CUST-00385,No,2025-06-01,train
CUST-00386,No,2025-06-01,test
CUST-00387,No,2025-06-01,val
CUST-00388,Yes,2025-06-01,test
CUST-00389,No,2025-06-01,train
CUST-00390,No,2025-06-01,test
CUST-00391,No,2025-06-01,train
CUST-00392,No,2025-06-01,train
CUST-00393,No,2025-06-01,train
CUST-00394,Yes,2025-06-01,train
CUST-00395,No,2025-06-01,train
CUST-00396,No,2025-06-01,train
CUST-00397,No,2025-06-01,val
CUST-00398,Yes,2025-06-01,train
CUST-00399,No,2025-06-01,train
CUST-00400,No,2025-06-01,train
CUST-00401,Yes,2025-06-01,train
CUST-00402,No,2025-06-01,test
CUST-00403,No,2025-06-01,val
CUST-00404,Yes,2025-06-01,train
CUST-00405,No,2025-06-01,test
CUST-00406,No,2025-06-01,test
CUST-00407,No,2025-06-01,train
CUST-00408,No,2025-06-01,val
CUST-00409,No,2025-06-01,train
CUST-00410,No,2025-06-01,test
CUST-00411,No,2025-06-01,train
CUST-00412,No,2025-06-01,train
CUST-00413,Yes,2025-06-01,train
CUST-00414,No,2025-06-01,test
CUST-00415,Yes,2025-06-01,train
CUST-00416,Yes,2025-06-01,train
CUST-00417,No,2025-06-01,train
CUST-00418,No,2025-06-01,val
CUST-00419,No,2025-06-01,train
CUST-00420,No,2025-06-01,test
CUST-00421,Yes,2025-06-01,train
CUST-00422,No,2025-06-01,train
CUST-00423,Yes,2025-06-01,train
CUST-00424,Yes,2025-06-01,train
CUST-00425,No,2025-06-01,train
CUST-00426,Yes,2025-06-01,val
CUST-00427,Yes,2025-06-01,train
CUST-00428,Yes,2025-06-01,val
CUST-00429,Yes,2025-06-01,train
CUST-00430,No,2025-06-01,val
CUST-00431,No,2025-06-01,test
CUST-00432,No,2025-06-01,val
CUST-00433,No,2025-06-01,train
CUST-00434,No,2025-06-01,val
CUST-00435,No,2025-06-01,train
CUST-00436,No,2025-06-01,train
CUST-00437,No,2025-06-01,train
CUST-00438,No,2025-06-01,train
CUST-00439,No,2025-06-01,val
CUST-00440,No,2025-06-01,train
CUST-00441,Yes,2025-06-01,test
CUST-00442,No,2025-06-01,train
CUST-00443,Yes,2025-06-01,val
CUST-00444,Yes,2025-06-01,train
CUST-00445,No,2025-06-01,train
CUST-00446,No,2025-06-01,val
CUST-00447,No,2025-06-01,test
CUST-00448,No,2025-06-01,train
CUST-00449,No,2025-06-01,train
CUST-00450,No,2025-06-01,train
CUST-00451,Yes,2025-06-01,train
CUST-00452,No,2025-06-01,test
CUST-00453,No,2025-06-01,val
CUST-00454,No,2025-06-01,train
CUST-00455,Yes,2025-06-01,train
CUST-00456,No,2025-06-01,train
CUST-00457,Yes,2025-06-01,test
CUST-00458,No,2025-06-01,train
CUST-00459,No,2025-06-01,val
CUST-00460,No,2025-06-01,train
CUST-00461,Yes,2025-06-01,train
CUST-00462,No,2025-06-01,train
CUST-00463,Yes,2025-06-01,test
CUST-00464,Yes,2025-06-01,train
CUST-00465,No,2025-06-01,train
CUST-00466,Yes,2025-06-01,train
CUST-00467,No,2025-06-01,train
CUST-00468,Yes,2025-06-01,test
CUST-00469,Yes,2025-06-01,train
CUST-00470,No,2025-06-01,train
CUST-00471,Yes,2025-06-01,train
CUST-00472,Yes,2025-06-01,train
CUST-00473,No,2025-06-01,train
CUST-00474,No,2025-06-01,train
CUST-00475,No,2025-06-01,train
CUST-00476,No,2025-06-01,train
CUST-00477,No,2025-06-01,train
CUST-00478,Yes,2025-06-01,train
CUST-00479,Yes,2025-06-01,train
CUST-00480,No,2025-06-01,train
CUST-00481,No,2025-06-01,train
CUST-00482,No,2025-06-01,train
CUST-00483,Yes,2025-06-01,train
CUST-00484,No,2025-06-01,train
CUST-00485,Yes,2025-06-01,train
CUST-00486,No,2025-06-01,train
CUST-00487,Yes,2025-06-01,train
CUST-00488,No,2025-06-01,train
CUST-00489,Yes,2025-06-01,train
CUST-00490,No,2025-06-01,train
CUST-00491,No,2025-06-01,val
CUST-00492,No,2025-06-01,train
CUST-00493,No,2025-06-01,train
CUST-00494,Yes,2025-06-01,train
CUST-00495,Yes,2025-06-01,val
CUST-00496,No,2025-06-01,train
CUST-00497,No,2025-06-01,train
CUST-00498,No,2025-06-01,train
CUST-00499,Yes,2025-06-01,train
CUST-00500,No,2025-06-01,train
CUST-00501,No,2025-06-01,val
CUST-00502,No,2025-06-01,test
CUST-00503,No,2025-06-01,test
CUST-00504,Yes,2025-06-01,train
CUST-00505,Yes,2025-06-01,train
CUST-00506,No,2025-06-01,val
CUST-00507,No,2025-06-01,train
CUST-00508,No,2025-06-01,val
CUST-00509,Yes,2025-06-01,train
CUST-00510,No,2025-06-01,train
CUST-00511,Yes,2025-06-01,train
CUST-00512,Yes,2025-06-01,val
CUST-00513,No,2025-06-01,train
CUST-00514,No,2025-06-01,train
CUST-00515,No,2025-06-01,train
CUST-00516,No,2025-06-01,train
CUST-00517,Yes,2025-06-01,train
CUST-00518,No,2025-06-01,val
CUST-00519,No,2025-06-01,train
CUST-00520,Yes,2025-06-01,val
CUST-00521,Yes,2025-06-01,test
CUST-00522,No,2025-06-01,train
CUST-00523,Yes,2025-06-01,train
CUST-00524,Yes,2025-06-01,train
CUST-00525,No,2025-06-01,train
CUST-00526,No,2025-06-01,train
CUST-00527,No,2025-06-01,test
CUST-00528,No,2025-06-01,test
CUST-00529,Yes,2025-06-01,val
CUST-00530,No,2025-06-01,train
CUST-00531,No,2025-06-01,train
CUST-00532,Yes,2025-06-01,val
CUST-00533,Yes,2025-06-01,train
CUST-00534,Yes,2025-06-01,train
CUST-00535,No,2025-06-01,train
CUST-00536,Yes,2025-06-01,train
CUST-00537,No,2025-06-01,train
CUST-00538,Yes,2025-06-01,train
CUST-00539,Yes,2025-06-01,train
CUST-00540,No,2025-06-01,val
CUST-00541,Yes,2025-06-01,test
CUST-00542,No,2025-06-01,train
CUST-00543,No,2025-06-01,val
CUST-00544,No,2025-06-01,test
CUST-00545,No,2025-06-01,train
CUST-00546,No,2025-06-01,train
CUST-00547,Yes,2025-06-01,train
CUST-00548,Yes,2025-06-01,train
CUST-00549,No,2025-06-01,val
CUST-00550,Yes,2025-06-01,train
CUST-00551,No,2025-06-01,train
CUST-00552,No,2025-06-01,train
CUST-00553,No,2025-06-01,train
CUST-00554,Yes,2025-06-01,test
CUST-00555,No,2025-06-01,train
CUST-00556,No,2025-06-01,train
CUST-00557,Yes,2025-06-01,train
CUST-00558,No,2025-06-01,train
CUST-00559,No,2025-06-01,train
CUST-00560,No,2025-06-01,train
CUST-00561,No,2025-06-01,train
CUST-00562,Yes,2025-06-01,train
CUST-00563,No,2025-06-01,val
CUST-00564,Yes,2025-06-01,train
CUST-00565,No,2025-06-01,train
CUST-00566,Yes,2025-06-01,train
CUST-00567,No,2025-06-01,val
CUST-00568,No,2025-06-01,train
CUST-00569,No,2025-06-01,train
CUST-00570,No,2025-06-01,train
CUST-00571,No,2025-06-01,train
CUST-00572,No,2025-06-01,val
CUST-00573,No,2025-06-01,train
CUST-00574,Yes,2025-06-01,val
CUST-00575,No,2025-06-01,test
CUST-00576,No,2025-06-01,train
CUST-00577,Yes,2025-06-01,test
CUST-00578,Yes,2025-06-01,train
CUST-00579,No,2025-06-01,test
CUST-00580,No,2025-06-01,train
CUST-00581,No,2025-06-01,train
CUST-00582,No,2025-06-01,train
CUST-00583,No,2025-06-01,train
CUST-00584,No,2025-06-01,train
CUST-00585,Yes,2025-06-01,test
CUST-00586,Yes,2025-06-01,train
CUST-00587,No,2025-06-01,train
CUST-00588,No,2025-06-01,train
CUST-00589,No,2025-06-01,train
CUST-00590,No,2025-06-01,train
CUST-00591,No,2025-06-01,test
CUST-00592,No,2025-06-01,train
CUST-00593,No,2025-06-01,train
CUST-00594,No,2025-06-01,train
CUST-00595,No,2025-06-01,train
CUST-00596,No,2025-06-01,train
CUST-00597,No,2025-06-01,val
CUST-00598,No,2025-06-01,train
CUST-00599,No,2025-06-01,test
CUST-00600,No,2025-06-01,train
CUST-00601,No,2025-06-01,train
CUST-00602,Yes,2025-06-01,val
CUST-00603,No,2025-06-01,test
CUST-00604,No,2025-06-01,val
CUST-00605,Yes,2025-06-01,test
CUST-00606,No,2025-06-01,val
CUST-00607,No,2025-06-01,test
CUST-00608,Yes,2025-06-01,train
CUST-00609,No,2025-06-01,val
CUST-00610,Yes,2025-06-01,train
CUST-00611,No,2025-06-01,train
CUST-00612,No,2025-06-01,train
CUST-00613,No,2025-06-01,test
CUST-00614,No,2025-06-01,test
CUST-00615,Yes,2025-06-01,train
CUST-00616,No,2025-06-01,val
CUST-00617,Yes,2025-06-01,val
CUST-00618,No,2025-06-01,train
CUST-00619,Yes,2025-06-01,train
CUST-00620,Yes,2025-06-01,train
CUST-00621,No,2025-06-01,val
CUST-00622,No,2025-06-01,train
CUST-00623,No,2025-06-01,test
CUST-00624,Yes,2025-06-01,train
CUST-00625,No,2025-06-01,test
CUST-00626,Yes,2025-06-01,train
CUST-00627,No,2025-06-01,val
CUST-00628,No,2025-06-01,train
CUST-00629,Yes,2025-06-01,train
CUST-00630,No,2025-06-01,val
CUST-00631,No,2025-06-01,test
CUST-00632,No,2025-06-01,val
CUST-00633,No,2025-06-01,train
CUST-00634,No,2025-06-01,train
CUST-00635,Yes,2025-06-01,train
CUST-00636,No,2025-06-01,train
CUST-00637,Yes,2025-06-01,train
CUST-00638,Yes,2025-06-01,val
CUST-00639,No,2025-06-01,val
CUST-00640,Yes,2025-06-01,test
CUST-00641,No,2025-06-01,val
CUST-00642,No,2025-06-01,val
CUST-00643,No,2025-06-01,train
CUST-00644,No,2025-06-01,train
CUST-00645,No,2025-06-01,train
CUST-00646,No,2025-06-01,test
CUST-00647,No,2025-06-01,train
CUST-00648,Yes,2025-06-01,train
CUST-00649,Yes,2025-06-01,train
CUST-00650,Yes,2025-06-01,train
CUST-00651,Yes,2025-06-01,train
CUST-00652,Yes,2025-06-01,test
CUST-00653,Yes,2025-06-01,train
CUST-00654,No,2025-06-01,train
CUST-00655,No,2025-06-01,test
CUST-00656,No,2025-06-01,train
CUST-00657,No,2025-06-01,test
CUST-00658,No,2025-06-01,train
CUST-00659,No,2025-06-01,train
CUST-00660,No,2025-06-01,train
CUST-00661,Yes,2025-06-01,train
CUST-00662,No,2025-06-01,test
CUST-00663,No,2025-06-01,train
CUST-00664,Yes,2025-06-01,train
CUST-00665,Yes,2025-06-01,train
CUST-00666,No,2025-06-01,val
CUST-00667,No,2025-06-01,val
CUST-00668,No,2025-06-01,test
CUST-00669,No,2025-06-01,train
CUST-00670,No,2025-06-01,train
CUST-00671,No,2025-06-01,train
CUST-00672,No,2025-06-01,train
CUST-00673,No,2025-06-01,test
CUST-00674,No,2025-06-01,val
CUST-00675,No,2025-06-01,train
CUST-00676,No,2025-06-01,train
CUST-00677,No,2025-06-01,test
CUST-00678,No,2025-06-01,train
CUST-00679,Yes,2025-06-01,train
CUST-00680,No,2025-06-01,train
CUST-00681,No,2025-06-01,train
CUST-00682,No,2025-06-01,train
CUST-00683,No,2025-06-01,train
CUST-00684,No,2025-06-01,train
CUST-00685,Yes,2025-06-01,train
CUST-00686,No,2025-06-01,train
CUST-00687,Yes,2025-06-01,train
CUST-00688,No,2025-06-01,test
CUST-00689,Yes,2025-06-01,val
CUST-00690,Yes,2025-06-01,train
CUST-00691,No,2025-06-01,train
CUST-00692,Yes,2025-06-01,test
CUST-00693,No,2025-06-01,train
CUST-00694,No,2025-06-01,train
CUST-00695,Yes,2025-06-01,test
CUST-00696,No,2025-06-01,train
CUST-00697,No,2025-06-01,val
CUST-00698,No,2025-06-01,train
CUST-00699,No,2025-06-01,train
CUST-00700,No,2025-06-01,train
CUST-00701,No,2025-06-01,train
CUST-00702,No,2025-06-01,train
CUST-00703,No,2025-06-01,train
CUST-00704,Yes,2025-06-01,test
CUST-00705,No,2025-06-01,train
CUST-00706,No,2025-06-01,train
CUST-00707,No,2025-06-01,val
CUST-00708,No,2025-06-01,val
CUST-00709,No,2025-06-01,train
CUST-00710,No,2025-06-01,train
CUST-00711,No,2025-06-01,test
CUST-00712,No,2025-06-01,train
CUST-00713,Yes,2025-06-01,val
CUST-00714,Yes,2025-06-01,test
CUST-00715,No,2025-06-01,val
CUST-00716,Yes,2025-06-01,train
CUST-00717,No,2025-06-01,train
CUST-00718,Yes,2025-06-01,train
CUST-00719,No,2025-06-01,train
CUST-00720,No,2025-06-01,test
CUST-00721,No,2025-06-01,train
CUST-00722,Yes,2025-06-01,train
CUST-00723,Yes,2025-06-01,train
CUST-00724,No,2025-06-01,test
CUST-00725,No,2025-06-01,train
CUST-00726,Yes,2025-06-01,train
CUST-00727,Yes,2025-06-01,train
CUST-00728,No,2025-06-01,train
CUST-00729,No,2025-06-01,train
CUST-00730,Yes,2025-06-01,train
CUST-00731,Yes,2025-06-01,train
CUST-00732,No,2025-06-01,train
CUST-00733,No,2025-06-01,train
CUST-00734,No,2025-06-01,train
CUST-00735,Yes,2025-06-01,train
CUST-00736,No,2025-06-01,train
CUST-00737,Yes,2025-06-01,train
CUST-00738,No,2025-06-01,train
CUST-00739,No,2025-06-01,train
CUST-00740,No,2025-06-01,train
CUST-00741,Yes,2025-06-01,train
CUST-00742,No,2025-06-01,train
CUST-00743,Yes,2025-06-01,test
CUST-00744,Yes,2025-06-01,train
CUST-00745,Yes,2025-06-01,train
CUST-00746,No,2025-06-01,train
CUST-00747,No,2025-06-01,train
CUST-00748,Yes,2025-06-01,train
CUST-00749,No,2025-06-01,val
CUST-00750,No,2025-06-01,val
CUST-00751,No,2025-06-01,train
CUST-00752,Yes,2025-06-01,train
CUST-00753,Yes,2025-06-01,train
CUST-00754,No,2025-06-01,train
CUST-00755,No,2025-06-01,train
CUST-00756,No,2025-06-01,train
CUST-00757,No,2025-06-01,train
CUST-00758,Yes,2025-06-01,test
CUST-00759,No,2025-06-01,train
CUST-00760,No,2025-06-01,train
CUST-00761,No,2025-06-01,val
CUST-00762,No,2025-06-01,train
CUST-00763,Yes,2025-06-01,train
CUST-00764,No,2025-06-01,train
CUST-00765,No,2025-06-01,test
CUST-00766,No,2025-06-01,train
CUST-00767,No,2025-06-01,train
CUST-00768,No,2025-06-01,train
CUST-00769,No,2025-06-01,train
CUST-00770,No,2025-06-01,train
CUST-00771,No,2025-06-01,train
CUST-00772,No,2025-06-01,train
CUST-00773,Yes,2025-06-01,train
CUST-00774,No,2025-06-01,val
CUST-00775,Yes,2025-06-01,train
CUST-00776,No,2025-06-01,test
CUST-00777,Yes,2025-06-01,train
CUST-00778,No,2025-06-01,train
CUST-00779,No,2025-06-01,val
CUST-00780,No,2025-06-01,test
CUST-00781,No,2025-06-01,train
CUST-00782,Yes,2025-06-01,test
CUST-00783,No,2025-06-01,train
CUST-00784,No,2025-06-01,train
CUST-00785,No,2025-06-01,test
CUST-00786,Yes,2025-06-01,train
CUST-00787,Yes,2025-06-01,val
CUST-00788,No,2025-06-01,train
CUST-00789,Yes,2025-06-01,val
CUST-00790,No,2025-06-01,train
CUST-00791,No,2025-06-01,train
CUST-00792,No,2025-06-01,train
CUST-00793,No,2025-06-01,train
CUST-00794,No,2025-06-01,train
CUST-00795,No,2025-06-01,train
CUST-00796,No,2025-06-01,train
CUST-00797,No,2025-06-01,train
CUST-00798,No,2025-06-01,train
CUST-00799,Yes,2025-06-01,val
CUST-00800,No,2025-06-01,val
CUST-00801,No,2025-06-01,val
CUST-00802,No,2025-06-01,train
CUST-00803,No,2025-06-01,test
CUST-00804,No,2025-06-01,train
CUST-00805,No,2025-06-01,train
CUST-00806,No,2025-06-01,train
CUST-00807,Yes,2025-06-01,train
CUST-00808,No,2025-06-01,train
CUST-00809,No,2025-06-01,train
CUST-00810,No,2025-06-01,test
CUST-00811,No,2025-06-01,train
CUST-00812,Yes,2025-06-01,train
CUST-00813,No,2025-06-01,test
CUST-00814,No,2025-06-01,train
CUST-00815,No,2025-06-01,train
CUST-00816,No,2025-06-01,test
CUST-00817,No,2025-06-01,test
CUST-00818,Yes,2025-06-01,train
CUST-00819,No,2025-06-01,train
CUST-00820,No,2025-06-01,train
CUST-00821,No,2025-06-01,train
CUST-00822,No,2025-06-01,train
CUST-00823,No,2025-06-01,train
CUST-00824,No,2025-06-01,train
CUST-00825,No,2025-06-01,val
CUST-00826,No,2025-06-01,train
CUST-00827,No,2025-06-01,train
CUST-00828,No,2025-06-01,train
CUST-00829,No,2025-06-01,test
CUST-00830,Yes,2025-06-01,train
CUST-00831,No,2025-06-01,train
CUST-00832,No,2025-06-01,train
CUST-00833,Yes,2025-06-01,train
CUST-00834,Yes,2025-06-01,train
CUST-00835,Yes,2025-06-01,val
CUST-00836,Yes,2025-06-01,train
CUST-00837,Yes,2025-06-01,val
CUST-00838,No,2025-06-01,test
CUST-00839,Yes,2025-06-01,train
CUST-00840,Yes,2025-06-01,train
CUST-00841,No,2025-06-01,train
CUST-00842,No,2025-06-01,val
CUST-00843,No,2025-06-01,train
CUST-00844,No,2025-06-01,train
CUST-00845,No,2025-06-01,train
CUST-00846,Yes,2025-06-01,test
CUST-00847,No,2025-06-01,train
CUST-00848,No,2025-06-01,train
CUST-00849,No,2025-06-01,train
CUST-00850,No,2025-06-01,test
CUST-00851,No,2025-06-01,train
CUST-00852,No,2025-06-01,train
CUST-00853,No,2025-06-01,test
CUST-00854,Yes,2025-06-01,test
CUST-00855,Yes,2025-06-01,train
CUST-00856,Yes,2025-06-01,train
CUST-00857,No,2025-06-01,val
CUST-00858,No,2025-06-01,test
CUST-00859,No,2025-06-01,train
CUST-00860,No,2025-06-01,train
CUST-00861,Yes,2025-06-01,val
CUST-00862,No,2025-06-01,val
CUST-00863,Yes,2025-06-01,val
CUST-00864,Yes,2025-06-01,train
CUST-00865,No,2025-06-01,train
CUST-00866,No,2025-06-01,test
CUST-00867,No,2025-06-01,test
CUST-00868,No,2025-06-01,val
CUST-00869,Yes,2025-06-01,train
CUST-00870,No,2025-06-01,train
CUST-00871,No,2025-06-01,val
CUST-00872,No,2025-06-01,train
CUST-00873,No,2025-06-01,test
CUST-00874,Yes,2025-06-01,train
CUST-00875,Yes,2025-06-01,val
CUST-00876,No,2025-06-01,test
CUST-00877,Yes,2025-06-01,train
CUST-00878,Yes,2025-06-01,train
CUST-00879,Yes,2025-06-01,train
CUST-00880,No,2025-06-01,train
CUST-00881,No,2025-06-01,train
CUST-00882,Yes,2025-06-01,train
CUST-00883,Yes,2025-06-01,test
CUST-00884,Yes,2025-06-01,train
CUST-00885,No,2025-06-01,train
CUST-00886,Yes,2025-06-01,train
CUST-00887,No,2025-06-01,train
CUST-00888,Yes,2025-06-01,train
CUST-00889,Yes,2025-06-01,train
CUST-00890,Yes,2025-06-01,train
CUST-00891,No,2025-06-01,train
CUST-00892,No,2025-06-01,test
CUST-00893,Yes,2025-06-01,train
CUST-00894,Yes,2025-06-01,train
CUST-00895,Yes,2025-06-01,val
CUST-00896,No,2025-06-01,test
CUST-00897,No,2025-06-01,train
CUST-00898,No,2025-06-01,train
CUST-00899,Yes,2025-06-01,train
CUST-00900,No,2025-06-01,train
CUST-00901,No,2025-06-01,train
CUST-00902,No,2025-06-01,train
CUST-00903,Yes,2025-06-01,train
CUST-00904,No,2025-06-01,train
CUST-00905,No,2025-06-01,test
CUST-00906,No,2025-06-01,train
CUST-00907,No,2025-06-01,train
CUST-00908,No,2025-06-01,train
CUST-00909,Yes,2025-06-01,train
CUST-00910,Yes,2025-06-01,train
CUST-00911,No,2025-06-01,val
CUST-00912,No,2025-06-01,test
CUST-00913,No,2025-06-01,test
CUST-00914,No,2025-06-01,test
CUST-00915,No,2025-06-01,test
CUST-00916,No,2025-06-01,test
CUST-00917,No,2025-06-01,train
CUST-00918,Yes,2025-06-01,train
CUST-00919,No,2025-06-01,train
CUST-00920,Yes,2025-06-01,train
CUST-00921,No,2025-06-01,train
CUST-00922,No,2025-06-01,val
CUST-00923,Yes,2025-06-01,train
CUST-00924,No,2025-06-01,train
CUST-00925,Yes,2025-06-01,train
CUST-00926,No,2025-06-01,train
CUST-00927,Yes,2025-06-01,train
CUST-00928,Yes,2025-06-01,test
CUST-00929,No,2025-06-01,train
CUST-00930,Yes,2025-06-01,val
CUST-00931,Yes,2025-06-01,train
CUST-00932,No,2025-06-01,train
CUST-00933,Yes,2025-06-01,train
CUST-00934,No,2025-06-01,val
CUST-00935,No,2025-06-01,val
CUST-00936,No,2025-06-01,train
CUST-00937,Yes,2025-06-01,test
CUST-00938,No,2025-06-01,train
CUST-00939,No,2025-06-01,test
CUST-00940,No,2025-06-01,train
CUST-00941,Yes,2025-06-01,train
CUST-00942,No,2025-06-01,val
CUST-00943,No,2025-06-01,train
CUST-00944,No,2025-06-01,train
CUST-00945,Yes,2025-06-01,train
CUST-00946,Yes,2025-06-01,train
CUST-00947,Yes,2025-06-01,val
CUST-00948,No,2025-06-01,test
CUST-00949,No,2025-06-01,test
CUST-00950,No,2025-06-01,train
CUST-00951,No,2025-06-01,train
CUST-00952,No,2025-06-01,train
CUST-00953,Yes,2025-06-01,train
CUST-00954,No,2025-06-01,train
CUST-00955,No,2025-06-01,test
CUST-00956,No,2025-06-01,test
CUST-00957,No,2025-06-01,val
CUST-00958,No,2025-06-01,train
CUST-00959,Yes,2025-06-01,train
CUST-00960,No,2025-06-01,train
CUST-00961,Yes,2025-06-01,train
CUST-00962,Yes,2025-06-01,train
CUST-00963,No,2025-06-01,train
CUST-00964,No,2025-06-01,train
CUST-00965,Yes,2025-06-01,test
CUST-00966,No,2025-06-01,train
CUST-00967,Yes,2025-06-01,test
CUST-00968,Yes,2025-06-01,train
CUST-00969,No,2025-06-01,train
CUST-00970,Yes,2025-06-01,train
CUST-00971,No,2025-06-01,train
CUST-00972,No,2025-06-01,train
CUST-00973,No,2025-06-01,train
CUST-00974,Yes,2025-06-01,test
CUST-00975,No,2025-06-01,train
CUST-00976,No,2025-06-01,train
CUST-00977,No,2025-06-01,train
CUST-00978,No,2025-06-01,train
CUST-00979,No,2025-06-01,train
CUST-00980,No,2025-06-01,train
CUST-00981,No,2025-06-01,test
CUST-00982,No,2025-06-01,val
CUST-00983,No,2025-06-01,val
CUST-00984,Yes,2025-06-01,train
CUST-00985,Yes,2025-06-01,train
CUST-00986,No,2025-06-01,test
CUST-00987,No,2025-06-01,train
CUST-00988,Yes,2025-06-01,train
CUST-00989,No,2025-06-01,train
CUST-00990,Yes,2025-06-01,val
CUST-00991,No,2025-06-01,train
CUST-00992,No,2025-06-01,val
CUST-00993,No,2025-06-01,val
CUST-00994,No,2025-06-01,train
CUST-00995,No,2025-06-01,test
CUST-00996,No,2025-06-01,train
CUST-00997,No,2025-06-01,train
CUST-00998,No,2025-06-01,train
CUST-00999,No,2025-06-01,test
CUST-01000,No,2025-06-01,train
CUST-03001,Yes,2025-06-01,val
CUST-03002,Yes,2025-06-01,train
CUST-03003,No,2025-06-01,train
CUST-03004,No,2025-06-01,val
CUST-03005,No,2025-06-01,train
CUST-03006,Yes,2025-06-01,val
CUST-03007,No,2025-06-01,train
CUST-03008,No,2025-06-01,train
CUST-03009,No,2025-06-01,train
CUST-03010,No,2025-06-01,val
CUST-03011,Yes,2025-06-01,train
CUST-03012,Yes,2025-06-01,test
CUST-03013,No,2025-06-01,val
CUST-03014,Yes,2025-06-01,train
CUST-03015,No,2025-06-01,train
CUST-03016,No,2025-06-01,val
CUST-03017,No,2025-06-01,test
CUST-03018,No,2025-06-01,train
CUST-03019,No,2025-06-01,train
CUST-03020,No,2025-06-01,train
CUST-03021,No,2025-06-01,train
CUST-03022,No,2025-06-01,val
CUST-03023,Yes,2025-06-01,train
CUST-03024,No,2025-06-01,train
CUST-03025,No,2025-06-01,train
CUST-03026,Yes,2025-06-01,train
CUST-03027,No,2025-06-01,train
CUST-03028,Yes,2025-06-01,test
CUST-03029,Yes,2025-06-01,train
CUST-03030,Yes,2025-06-01,train
CUST-03031,Yes,2025-06-01,val
CUST-03032,No,2025-06-01,train
CUST-03033,Yes,2025-06-01,train
CUST-03034,Yes,2025-06-01,train
CUST-03035,Yes,2025-06-01,test
CUST-03036,Yes,2025-06-01,val
CUST-03037,No,2025-06-01,train
CUST-03038,No,2025-06-01,train
CUST-03039,No,2025-06-01,train
CUST-03040,No,2025-06-01,train
CUST-03041,No,2025-06-01,train
CUST-03042,Yes,2025-06-01,test
CUST-03043,Yes,2025-06-01,val
CUST-03044,No,2025-06-01,train
CUST-03045,Yes,2025-06-01,val
CUST-03046,No,2025-06-01,test
CUST-03047,No,2025-06-01,train
CUST-03048,Yes,2025-06-01,train
CUST-03049,No,2025-06-01,test
CUST-03050,No,2025-06-01,train
CUST-03051,Yes,2025-06-01,test
CUST-03052,No,2025-06-01,train
CUST-03053,No,2025-06-01,train
CUST-03054,No,2025-06-01,val
CUST-03055,No,2025-06-01,train
CUST-03056,No,2025-06-01,train
CUST-03057,No,2025-06-01,train
CUST-03058,No,2025-06-01,train
CUST-03059,No,2025-06-01,train
CUST-03060,No,2025-06-01,train
CUST-03061,No,2025-06-01,train
CUST-03062,Yes,2025-06-01,train
CUST-03063,Yes,2025-06-01,train
CUST-03064,No,2025-06-01,test
CUST-03065,No,2025-06-01,train
CUST-03066,Yes,2025-06-01,train
CUST-03067,No,2025-06-01,train
CUST-03068,No,2025-06-01,train
CUST-03069,Yes,2025-06-01,val
CUST-03070,Yes,2025-06-01,train
CUST-03071,Yes,2025-06-01,train
CUST-03072,No,2025-06-01,test
CUST-03073,No,2025-06-01,val
CUST-03074,No,2025-06-01,val
CUST-03075,Yes,2025-06-01,test
CUST-03076,No,2025-06-01,test
CUST-03077,No,2025-06-01,train
CUST-03078,No,2025-06-01,train
CUST-03079,Yes,2025-06-01,train
CUST-03080,No,2025-06-01,train
CUST-03081,No,2025-06-01,train
CUST-03082,Yes,2025-06-01,train
CUST-03083,No,2025-06-01,train
CUST-03084,No,2025-06-01,val
CUST-03085,No,2025-06-01,val
CUST-03086,No,2025-06-01,train
CUST-03087,No,2025-06-01,train
CUST-03088,No,2025-06-01,train
CUST-03089,No,2025-06-01,train
CUST-03090,No,2025-06-01,test
CUST-03091,Yes,2025-06-01,test
CUST-03092,Yes,2025-06-01,test
CUST-03093,Yes,2025-06-01,test
CUST-03094,No,2025-06-01,test
CUST-03095,Yes,2025-06-01,train
CUST-03096,No,2025-06-01,train
CUST-03097,Yes,2025-06-01,train
CUST-03098,Yes,2025-06-01,train
CUST-03099,No,2025-06-01,train
CUST-03100,No,2025-06-01,train
CUST-03101,Yes,2025-06-01,test
CUST-03102,No,2025-06-01,train
CUST-03103,No,2025-06-01,test
CUST-03104,No,2025-06-01,val
CUST-03105,No,2025-06-01,train
CUST-03106,No,2025-06-01,train
CUST-03107,No,2025-06-01,train
CUST-03108,No,2025-06-01,train
CUST-03109,No,2025-06-01,train
CUST-03110,Yes,2025-06-01,test
CUST-03111,No,2025-06-01,train
CUST-03112,Yes,2025-06-01,train
CUST-03113,No,2025-06-01,val
CUST-03114,No,2025-06-01,train
CUST-03115,No,2025-06-01,train
CUST-03116,Yes,2025-06-01,train
CUST-03117,Yes,2025-06-01,train
CUST-03118,No,2025-06-01,train
CUST-03119,No,2025-06-01,train
CUST-03120,No,2025-06-01,train
CUST-03121,No,2025-06-01,train
CUST-03122,No,2025-06-01,train
CUST-03123,No,2025-06-01,train
CUST-03124,No,2025-06-01,train
CUST-03125,No,2025-06-01,train
CUST-03126,Yes,2025-06-01,train
CUST-03127,No,2025-06-01,train
CUST-03128,No,2025-06-01,train
CUST-03129,Yes,2025-06-01,train
CUST-03130,Yes,2025-06-01,test
CUST-03131,No,2025-06-01,train
CUST-03132,No,2025-06-01,test
CUST-03133,No,2025-06-01,train
CUST-03134,Yes,2025-06-01,train
CUST-03135,No,2025-06-01,val
CUST-03136,Yes,2025-06-01,val
CUST-03137,Yes,2025-06-01,val
CUST-03138,No,2025-06-01,train
CUST-03139,Yes,2025-06-01,val
CUST-03140,Yes,2025-06-01,train
CUST-03141,No,2025-06-01,train
CUST-03142,No,2025-06-01,train
CUST-03143,No,2025-06-01,test
CUST-03144,No,2025-06-01,train
CUST-03145,No,2025-06-01,val
CUST-03146,No,2025-06-01,train
CUST-03147,No,2025-06-01,val
CUST-03148,Yes,2025-06-01,val
CUST-03149,No,2025-06-01,test
CUST-03150,No,2025-06-01,train
CUST-03151,No,2025-06-01,train
CUST-03152,No,2025-06-01,train
CUST-03153,No,2025-06-01,train
CUST-03154,No,2025-06-01,train
CUST-03155,No,2025-06-01,train
CUST-03156,No,2025-06-01,train
CUST-03157,No,2025-06-01,train
CUST-03158,No,2025-06-01,train
CUST-03159,Yes,2025-06-01,test
CUST-03160,Yes,2025-06-01,train
CUST-03161,No,2025-06-01,test
CUST-03162,Yes,2025-06-01,test
CUST-03163,No,2025-06-01,train
CUST-03164,No,2025-06-01,val
CUST-03165,No,2025-06-01,train
CUST-03166,No,2025-06-01,train
CUST-03167,No,2025-06-01,train
CUST-03168,Yes,2025-06-01,train
CUST-03169,No,2025-06-01,train
CUST-03170,Yes,2025-06-01,train
CUST-03171,No,2025-06-01,test
CUST-03172,No,2025-06-01,train
CUST-03173,No,2025-06-01,val
CUST-03174,No,2025-06-01,test
CUST-03175,Yes,2025-06-01,train
CUST-03176,No,2025-06-01,train
CUST-03177,Yes,2025-06-01,test
CUST-03178,Yes,2025-06-01,train
CUST-03179,No,2025-06-01,train
CUST-03180,No,2025-06-01,train
CUST-03181,No,2025-06-01,test
CUST-03182,Yes,2025-06-01,train
CUST-03183,No,2025-06-01,train
CUST-03184,Yes,2025-06-01,train
CUST-03185,No,2025-06-01,train
CUST-03186,No,2025-06-01,train
CUST-03187,No,2025-06-01,val
CUST-03188,No,2025-06-01,test
CUST-03189,No,2025-06-01,train
CUST-03190,No,2025-06-01,train
CUST-03191,No,2025-06-01,train
CUST-03192,Yes,2025-06-01,train
CUST-03193,No,2025-06-01,train
CUST-03194,Yes,2025-06-01,train
CUST-03195,No,2025-06-01,train
CUST-03196,Yes,2025-06-01,train
CUST-03197,No,2025-06-01,train
CUST-03198,Yes,2025-06-01,train
CUST-03199,No,2025-06-01,train
CUST-03200,No,2025-06-01,test
CUST-03201,No,2025-06-01,val
CUST-03202,No,2025-06-01,test
CUST-03203,No,2025-06-01,test
CUST-03204,No,2025-06-01,train
CUST-03205,No,2025-06-01,test
CUST-03206,No,2025-06-01,train
CUST-03207,No,2025-06-01,train
CUST-03208,No,2025-06-01,train
CUST-03209,No,2025-06-01,train
CUST-03210,Yes,2025-06-01,train
CUST-03211,Yes,2025-06-01,train
CUST-03212,Yes,2025-06-01,val
CUST-03213,No,2025-06-01,val
CUST-03214,No,2025-06-01,train
CUST-03215,No,2025-06-01,train
CUST-03216,No,2025-06-01,val
CUST-03217,No,2025-06-01,train
CUST-03218,Yes,2025-06-01,train
CUST-03219,No,2025-06-01,train
CUST-03220,No,2025-06-01,train
CUST-03221,No,2025-06-01,train
CUST-03222,No,2025-06-01,val
CUST-03223,No,2025-06-01,val
CUST-03224,No,2025-06-01,train
CUST-03225,No,2025-06-01,train
CUST-03226,No,2025-06-01,val
CUST-03227,No,2025-06-01,train
CUST-03228,No,2025-06-01,train
CUST-03229,Yes,2025-06-01,train
CUST-03230,No,2025-06-01,train
CUST-03231,No,2025-06-01,train
CUST-03232,No,2025-06-01,train
CUST-03233,No,2025-06-01,train
CUST-03234,No,2025-06-01,train
CUST-03235,No,2025-06-01,train
CUST-03236,No,2025-06-01,train
CUST-03237,No,2025-06-01,test
CUST-03238,No,2025-06-01,train
CUST-03239,No,2025-06-01,train
CUST-03240,No,2025-06-01,train
CUST-03241,No,2025-06-01,test
CUST-03242,No,2025-06-01,train
CUST-03243,No,2025-06-01,test
CUST-03244,No,2025-06-01,train
CUST-03245,No,2025-06-01,train
CUST-03246,Yes,2025-06-01,train
CUST-03247,Yes,2025-06-01,train
CUST-03248,Yes,2025-06-01,val
CUST-03249,No,2025-06-01,test
CUST-03250,No,2025-06-01,train
CUST-03251,No,2025-06-01,test
CUST-03252,Yes,2025-06-01,train
CUST-03253,Yes,2025-06-01,train
CUST-03254,No,2025-06-01,train
CUST-03255,Yes,2025-06-01,train
CUST-03256,Yes,2025-06-01,val
CUST-03257,No,2025-06-01,train
CUST-03258,No,2025-06-01,train
CUST-03259,No,2025-06-01,train
CUST-03260,No,2025-06-01,train
CUST-03261,No,2025-06-01,train
CUST-03262,No,2025-06-01,train
CUST-03263,Yes,2025-06-01,train
CUST-03264,No,2025-06-01,train
CUST-03265,No,2025-06-01,train
CUST-03266,No,2025-06-01,train
CUST-03267,No,2025-06-01,train
CUST-03268,No,2025-06-01,val
CUST-03269,No,2025-06-01,test
CUST-03270,Yes,2025-06-01,train
CUST-03271,No,2025-06-01,test
CUST-03272,Yes,2025-06-01,train
CUST-03273,No,2025-06-01,train
CUST-03274,Yes,2025-06-01,val
CUST-03275,No,2025-06-01,val
CUST-03276,No,2025-06-01,val
CUST-03277,Yes,2025-06-01,train
CUST-03278,No,2025-06-01,train
CUST-03279,No,2025-06-01,train
CUST-03280,No,2025-06-01,train
CUST-03281,No,2025-06-01,train
CUST-03282,Yes,2025-06-01,train
CUST-03283,Yes,2025-06-01,train
CUST-03284,No,2025-06-01,train
CUST-03285,No,2025-06-01,train
CUST-03286,No,2025-06-01,train
CUST-03287,Yes,2025-06-01,train
CUST-03288,No,2025-06-01,train
CUST-03289,No,2025-06-01,train
CUST-03290,No,2025-06-01,train
CUST-03291,No,2025-06-01,train
CUST-03292,No,2025-06-01,val
CUST-03293,Yes,2025-06-01,train
CUST-03294,Yes,2025-06-01,train
CUST-03295,Yes,2025-06-01,train
CUST-03296,No,2025-06-01,test
CUST-03297,No,2025-06-01,val
CUST-03298,No,2025-06-01,train
CUST-03299,No,2025-06-01,train
CUST-03300,No,2025-06-01,train
CUST-03301,No,2025-06-01,test
CUST-03302,Yes,2025-06-01,train
CUST-03303,Yes,2025-06-01,train
CUST-03304,No,2025-06-01,test
CUST-03305,No,2025-06-01,val
CUST-03306,No,2025-06-01,train
CUST-03307,Yes,2025-06-01,train
CUST-03308,No,2025-06-01,train
CUST-03309,No,2025-06-01,train
CUST-03310,Yes,2025-06-01,train
CUST-03311,Yes,2025-06-01,test
CUST-03312,Yes,2025-06-01,test
CUST-03313,No,2025-06-01,train
CUST-03314,Yes,2025-06-01,train
CUST-03315,No,2025-06-01,train
CUST-03316,Yes,2025-06-01,train
CUST-03317,No,2025-06-01,val
CUST-03318,Yes,2025-06-01,train
CUST-03319,No,2025-06-01,train
CUST-03320,Yes,2025-06-01,train
CUST-03321,Yes,2025-06-01,train
CUST-03322,Yes,2025-06-01,train
CUST-03323,Yes,2025-06-01,val
CUST-03324,No,2025-06-01,val
CUST-03325,Yes,2025-06-01,train
CUST-03326,Yes,2025-06-01,val
CUST-03327,No,2025-06-01,train
CUST-03328,Yes,2025-06-01,val
CUST-03329,No,2025-06-01,train
CUST-03330,No,2025-06-01,train
CUST-03331,Yes,2025-06-01,test
CUST-03332,No,2025-06-01,train
CUST-03333,No,2025-06-01,train
CUST-03334,No,2025-06-01,train
CUST-03335,No,2025-06-01,train
CUST-03336,No,2025-06-01,train
CUST-03337,No,2025-06-01,train
CUST-03338,Yes,2025-06-01,test
CUST-03339,Yes,2025-06-01,train
CUST-03340,No,2025-06-01,train
CUST-03341,No,2025-06-01,train
CUST-03342,No,2025-06-01,val
CUST-03343,No,2025-06-01,train
CUST-03344,No,2025-06-01,train
CUST-03345,Yes,2025-06-01,train
CUST-03346,Yes,2025-06-01,train
CUST-03347,No,2025-06-01,val
CUST-03348,Yes,2025-06-01,train
CUST-03349,Yes,2025-06-01,val
CUST-03350,Yes,2025-06-01,train
CUST-03351,No,2025-06-01,train
CUST-03352,No,2025-06-01,train
CUST-03353,No,2025-06-01,train
CUST-03354,Yes,2025-06-01,train
CUST-03355,No,2025-06-01,train
CUST-03356,No,2025-06-01,train
CUST-03357,No,2025-06-01,train
CUST-03358,No,2025-06-01,train
CUST-03359,Yes,2025-06-01,train
CUST-03360,No,2025-06-01,train
CUST-03361,No,2025-06-01,train
CUST-03362,No,2025-06-01,train
CUST-03363,No,2025-06-01,train
CUST-03364,No,2025-06-01,train
CUST-03365,Yes,2025-06-01,train
CUST-03366,Yes,2025-06-01,train
CUST-03367,No,2025-06-01,train
CUST-03368,No,2025-06-01,train
CUST-03369,No,2025-06-01,train
CUST-03370,Yes,2025-06-01,train
CUST-03371,No,2025-06-01,test
CUST-03372,No,2025-06-01,train
CUST-03373,Yes,2025-06-01,test
CUST-03374,No,2025-06-01,train
CUST-03375,No,2025-06-01,train
CUST-03376,No,2025-06-01,train
CUST-03377,No,2025-06-01,train
CUST-03378,No,2025-06-01,test
CUST-03379,Yes,2025-06-01,train
CUST-03380,No,2025-06-01,test
CUST-03381,No,2025-06-01,train
CUST-03382,No,2025-06-01,test
CUST-03383,No,2025-06-01,test
CUST-03384,No,2025-06-01,train
CUST-03385,No,2025-06-01,train
CUST-03386,No,2025-06-01,train
CUST-03387,No,2025-06-01,train
CUST-03388,Yes,2025-06-01,test
CUST-03389,No,2025-06-01,train
CUST-03390,No,2025-06-01,train
CUST-03391,No,2025-06-01,train
CUST-03392,No,2025-06-01,train
CUST-03393,Yes,2025-06-01,test
CUST-03394,Yes,2025-06-01,train
CUST-03395,No,2025-06-01,val
CUST-03396,No,2025-06-01,test
CUST-03397,Yes,2025-06-01,train
CUST-03398,No,2025-06-01,train
CUST-03399,No,2025-06-01,train
CUST-03400,Yes,2025-06-01,train
CUST-03401,No,2025-06-01,train
CUST-03402,No,2025-06-01,val
CUST-03403,No,2025-06-01,train
CUST-03404,Yes,2025-06-01,test
CUST-03405,No,2025-06-01,test
CUST-03406,No,2025-06-01,val
CUST-03407,No,2025-06-01,train
CUST-03408,Yes,2025-06-01,train
CUST-03409,No,2025-06-01,train
CUST-03410,No,2025-06-01,train
CUST-03411,Yes,2025-06-01,train
CUST-03412,No,2025-06-01,train
CUST-03413,No,2025-06-01,train
CUST-03414,Yes,2025-06-01,train
CUST-03415,No,2025-06-01,train
CUST-03416,Yes,2025-06-01,train
CUST-03417,Yes,2025-06-01,train
CUST-03418,Yes,2025-06-01,val
CUST-03419,Yes,2025-06-01,train
CUST-03420,No,2025-06-01,test
CUST-03421,No,2025-06-01,test
CUST-03422,Yes,2025-06-01,train
CUST-03423,Yes,2025-06-01,train
CUST-03424,No,2025-06-01,train
CUST-03425,No,2025-06-01,train
CUST-03426,Yes,2025-06-01,train
CUST-03427,Yes,2025-06-01,train
CUST-03428,No,2025-06-01,test
CUST-03429,Yes,2025-06-01,test
CUST-03430,No,2025-06-01,val
CUST-03431,No,2025-06-01,train
CUST-03432,No,2025-06-01,train
CUST-03433,No,2025-06-01,test
CUST-03434,No,2025-06-01,train
CUST-03435,No,2025-06-01,train
CUST-03436,No,2025-06-01,train
CUST-03437,No,2025-06-01,train
CUST-03438,No,2025-06-01,train
CUST-03439,No,2025-06-01,train
CUST-03440,No,2025-06-01,train
CUST-03441,No,2025-06-01,train
CUST-03442,Yes,2025-06-01,train
CUST-03443,No,2025-06-01,train
CUST-03444,Yes,2025-06-01,train
CUST-03445,Yes,2025-06-01,test
CUST-03446,No,2025-06-01,train
CUST-03447,No,2025-06-01,train
CUST-03448,No,2025-06-01,val
CUST-03449,No,2025-06-01,train
CUST-03450,Yes,2025-06-01,val
CUST-03451,No,2025-06-01,train
CUST-03452,Yes,2025-06-01,train
CUST-03453,Yes,2025-06-01,train
CUST-03454,No,2025-06-01,train
CUST-03455,No,2025-06-01,test
CUST-03456,No,2025-06-01,val
CUST-03457,No,2025-06-01,test
CUST-03458,No,2025-06-01,test
CUST-03459,No,2025-06-01,train
CUST-03460,No,2025-06-01,val
CUST-03461,No,2025-06-01,train
CUST-03462,No,2025-06-01,val
CUST-03463,Yes,2025-06-01,train
CUST-03464,Yes,2025-06-01,train
CUST-03465,Yes,2025-06-01,val
CUST-03466,No,2025-06-01,val
CUST-03467,Yes,2025-06-01,train
CUST-03468,No,2025-06-01,train
CUST-03469,No,2025-06-01,train
CUST-03470,Yes,2025-06-01,test
CUST-03471,No,2025-06-01,train
CUST-03472,Yes,2025-06-01,train
CUST-03473,No,2025-06-01,train
CUST-03474,Yes,2025-06-01,train
CUST-03475,Yes,2025-06-01,train
CUST-03476,No,2025-06-01,train
CUST-03477,Yes,2025-06-01,val
CUST-03478,No,2025-06-01,test
CUST-03479,No,2025-06-01,test
CUST-03480,No,2025-06-01,train
CUST-03481,No,2025-06-01,train
CUST-03482,No,2025-06-01,val
CUST-03483,Yes,2025-06-01,val
CUST-03484,No,2025-06-01,train
CUST-03485,No,2025-06-01,train
CUST-03486,No,2025-06-01,val
CUST-03487,No,2025-06-01,train
CUST-03488,No,2025-06-01,val
CUST-03489,Yes,2025-06-01,train
CUST-03490,No,2025-06-01,train
CUST-03491,Yes,2025-06-01,train
CUST-03492,No,2025-06-01,train
CUST-03493,Yes,2025-06-01,test
CUST-03494,Yes,2025-06-01,train
CUST-03495,Yes,2025-06-01,train
CUST-03496,Yes,2025-06-01,val
CUST-03497,No,2025-06-01,val
CUST-03498,No,2025-06-01,val
CUST-03499,Yes,2025-06-01,train
CUST-03500,No,2025-06-01,test
CUST-03501,No,2025-06-01,train
CUST-03502,No,2025-06-01,train
CUST-03503,No,2025-06-01,train
CUST-03504,Yes,2025-06-01,train
CUST-03505,No,2025-06-01,val
CUST-03506,No,2025-06-01,train
CUST-03507,Yes,2025-06-01,train
CUST-03508,No,2025-06-01,val
CUST-03509,No,2025-06-01,train
CUST-03510,Yes,2025-06-01,train
CUST-03511,No,2025-06-01,test
CUST-03512,No,2025-06-01,val
CUST-03513,No,2025-06-01,test
CUST-03514,Yes,2025-06-01,test
CUST-03515,Yes,2025-06-01,test
CUST-03516,No,2025-06-01,val
CUST-03517,Yes,2025-06-01,train
CUST-03518,No,2025-06-01,train
CUST-03519,No,2025-06-01,train
CUST-03520,No,2025-06-01,val
CUST-03521,No,2025-06-01,train
CUST-03522,Yes,2025-06-01,test
CUST-03523,Yes,2025-06-01,train
CUST-03524,No,2025-06-01,train
CUST-03525,No,2025-06-01,train
CUST-03526,No,2025-06-01,train
CUST-03527,No,2025-06-01,train
CUST-03528,No,2025-06-01,train
CUST-03529,No,2025-06-01,val
CUST-03530,No,2025-06-01,train
CUST-03531,No,2025-06-01,train
CUST-03532,No,2025-06-01,train
CUST-03533,Yes,2025-06-01,train
CUST-03534,Yes,2025-06-01,train
CUST-03535,No,2025-06-01,val
CUST-03536,No,2025-06-01,val
CUST-03537,No,2025-06-01,train
CUST-03538,Yes,2025-06-01,train
CUST-03539,No,2025-06-01,train
CUST-03540,No,2025-06-01,train
CUST-03541,Yes,2025-06-01,test
CUST-03542,No,2025-06-01,train
CUST-03543,Yes,2025-06-01,test
CUST-03544,Yes,2025-06-01,train
CUST-03545,Yes,2025-06-01,train
CUST-03546,Yes,2025-06-01,train
CUST-03547,No,2025-06-01,train
CUST-03548,Yes,2025-06-01,test
CUST-03549,No,2025-06-01,train
CUST-03550,No,2025-06-01,test
CUST-03551,No,2025-06-01,test
CUST-03552,No,2025-06-01,train
CUST-03553,No,2025-06-01,train
CUST-03554,Yes,2025-06-01,train
CUST-03555,No,2025-06-01,train
CUST-03556,Yes,2025-06-01,val
CUST-03557,Yes,2025-06-01,train
CUST-03558,Yes,2025-06-01,test
CUST-03559,No,2025-06-01,train
CUST-03560,No,2025-06-01,train
CUST-03561,No,2025-06-01,val
CUST-03562,Yes,2025-06-01,train
CUST-03563,No,2025-06-01,test
CUST-03564,No,2025-06-01,train
CUST-03565,No,2025-06-01,test
CUST-03566,No,2025-06-01,val
CUST-03567,Yes,2025-06-01,test
CUST-03568,Yes,2025-06-01,train
CUST-03569,No,2025-06-01,val
CUST-03570,No,2025-06-01,train
CUST-03571,No,2025-06-01,val
CUST-03572,No,2025-06-01,train
CUST-03573,No,2025-06-01,train
CUST-03574,No,2025-06-01,train
CUST-03575,No,2025-06-01,train
CUST-03576,Yes,2025-06-01,train
CUST-03577,No,2025-06-01,val
CUST-03578,Yes,2025-06-01,train
CUST-03579,No,2025-06-01,val
CUST-03580,No,2025-06-01,train
CUST-03581,No,2025-06-01,val
CUST-03582,No,2025-06-01,val
CUST-03583,No,2025-06-01,train
CUST-03584,No,2025-06-01,val
CUST-03585,Yes,2025-06-01,test
CUST-03586,No,2025-06-01,val
CUST-03587,No,2025-06-01,train
CUST-03588,Yes,2025-06-01,train
CUST-03589,No,2025-06-01,val
CUST-03590,No,2025-06-01,train
CUST-03591,No,2025-06-01,val
CUST-03592,No,2025-06-01,train
CUST-03593,No,2025-06-01,val
CUST-03594,Yes,2025-06-01,train
CUST-03595,Yes,2025-06-01,train
CUST-03596,Yes,2025-06-01,test
CUST-03597,Yes,2025-06-01,test
CUST-03598,No,2025-06-01,test
CUST-03599,No,2025-06-01,test
CUST-03600,Yes,2025-06-01,train
CUST-03601,Yes,2025-06-01,train
CUST-03602,No,2025-06-01,train
CUST-03603,No,2025-06-01,train
CUST-03604,No,2025-06-01,train
CUST-03605,No,2025-06-01,test
CUST-03606,No,2025-06-01,train
CUST-03607,Yes,2025-06-01,train
CUST-03608,Yes,2025-06-01,train
CUST-03609,No,2025-06-01,train
CUST-03610,Yes,2025-06-01,train
CUST-03611,No,2025-06-01,train
CUST-03612,No,2025-06-01,train
CUST-03613,Yes,2025-06-01,train
CUST-03614,No,2025-06-01,test
CUST-03615,No,2025-06-01,train
CUST-03616,No,2025-06-01,train
CUST-03617,No,2025-06-01,train
CUST-03618,Yes,2025-06-01,train
CUST-03619,Yes,2025-06-01,train
CUST-03620,No,2025-06-01,test
CUST-03621,No,2025-06-01,train
CUST-03622,Yes,2025-06-01,train
CUST-03623,No,2025-06-01,train
CUST-03624,Yes,2025-06-01,val
CUST-03625,No,2025-06-01,train
CUST-03626,No,2025-06-01,train
CUST-03627,No,2025-06-01,test
CUST-03628,No,2025-06-01,train
CUST-03629,No,2025-06-01,train
CUST-03630,Yes,2025-06-01,train
CUST-03631,Yes,2025-06-01,train
CUST-03632,No,2025-06-01,test
CUST-03633,Yes,2025-06-01,train
CUST-03634,Yes,2025-06-01,train
CUST-03635,Yes,2025-06-01,train
CUST-03636,Yes,2025-06-01,train
CUST-03637,No,2025-06-01,val
CUST-03638,No,2025-06-01,train
CUST-03639,No,2025-06-01,val
CUST-03640,No,2025-06-01,train
CUST-03641,No,2025-06-01,train
CUST-03642,No,2025-06-01,train
CUST-03643,No,2025-06-01,val
CUST-03644,No,2025-06-01,train
CUST-03645,Yes,2025-06-01,train
CUST-03646,Yes,2025-06-01,val
CUST-03647,Yes,2025-06-01,train
CUST-03648,No,2025-06-01,train
CUST-03649,No,2025-06-01,train
CUST-03650,No,2025-06-01,test
CUST-03651,Yes,2025-06-01,train
CUST-03652,Yes,2025-06-01,train
CUST-03653,No,2025-06-01,train
CUST-03654,No,2025-06-01,train
CUST-03655,Yes,2025-06-01,train
CUST-03656,No,2025-06-01,train
CUST-03657,Yes,2025-06-01,train
CUST-03658,Yes,2025-06-01,train
CUST-03659,No,2025-06-01,test
CUST-03660,No,2025-06-01,train
CUST-03661,No,2025-06-01,train
CUST-03662,No,2025-06-01,test
CUST-03663,No,2025-06-01,test
CUST-03664,No,2025-06-01,train
CUST-03665,No,2025-06-01,train
CUST-03666,No,2025-06-01,train
CUST-03667,Yes,2025-06-01,train
CUST-03668,No,2025-06-01,train
CUST-03669,No,2025-06-01,train
CUST-03670,Yes,2025-06-01,train
CUST-03671,Yes,2025-06-01,train
CUST-03672,No,2025-06-01,train
CUST-03673,No,2025-06-01,train
CUST-03674,Yes,2025-06-01,train
CUST-03675,Yes,2025-06-01,val
CUST-03676,Yes,2025-06-01,test
CUST-03677,No,2025-06-01,train
CUST-03678,No,2025-06-01,train
CUST-03679,No,2025-06-01,train
CUST-03680,No,2025-06-01,train
CUST-03681,No,2025-06-01,val
CUST-03682,Yes,2025-06-01,train
CUST-03683,No,2025-06-01,train
CUST-03684,Yes,2025-06-01,train
CUST-03685,Yes,2025-06-01,train
CUST-03686,Yes,2025-06-01,train
CUST-03687,No,2025-06-01,train
CUST-03688,No,2025-06-01,test
CUST-03689,No,2025-06-01,train
CUST-03690,No,2025-06-01,train
CUST-03691,Yes,2025-06-01,train
CUST-03692,Yes,2025-06-01,train
CUST-03693,No,2025-06-01,train
CUST-03694,No,2025-06-01,train
CUST-03695,Yes,2025-06-01,val
CUST-03696,Yes,2025-06-01,train
CUST-03697,No,2025-06-01,train
CUST-03698,Yes,2025-06-01,train
CUST-03699,Yes,2025-06-01,train
CUST-03700,No,2025-06-01,train
CUST-03701,No,2025-06-01,test
CUST-03702,No,2025-06-01,train
CUST-03703,No,2025-06-01,train
CUST-03704,No,2025-06-01,train
CUST-03705,Yes,2025-06-01,train
CUST-03706,No,2025-06-01,train
CUST-03707,No,2025-06-01,train
CUST-03708,Yes,2025-06-01,train
CUST-03709,Yes,2025-06-01,train
CUST-03710,No,2025-06-01,val
CUST-03711,No,2025-06-01,test
CUST-03712,Yes,2025-06-01,val
CUST-03713,No,2025-06-01,test
CUST-03714,Yes,2025-06-01,val
CUST-03715,No,2025-06-01,test
CUST-03716,Yes,2025-06-01,val
CUST-03717,No,2025-06-01,val
CUST-03718,Yes,2025-06-01,val
CUST-03719,No,2025-06-01,test
CUST-03720,No,2025-06-01,train
CUST-03721,No,2025-06-01,train
CUST-03722,Yes,2025-06-01,train
CUST-03723,No,2025-06-01,test
CUST-03724,No,2025-06-01,train
CUST-03725,No,2025-06-01,val
CUST-03726,No,2025-06-01,val
CUST-03727,No,2025-06-01,test
CUST-03728,No,2025-06-01,train
CUST-03729,No,2025-06-01,val
CUST-03730,No,2025-06-01,val
CUST-03731,Yes,2025-06-01,test
CUST-03732,Yes,2025-06-01,test
CUST-03733,Yes,2025-06-01,train
CUST-03734,Yes,2025-06-01,train
CUST-03735,Yes,2025-06-01,train
CUST-03736,Yes,2025-06-01,test
CUST-03737,No,2025-06-01,train
CUST-03738,Yes,2025-06-01,val
CUST-03739,No,2025-06-01,val
CUST-03740,Yes,2025-06-01,train
CUST-03741,No,2025-06-01,train
CUST-03742,Yes,2025-06-01,train
CUST-03743,Yes,2025-06-01,test
CUST-03744,Yes,2025-06-01,train
CUST-03745,Yes,2025-06-01,train
CUST-03746,No,2025-06-01,val
CUST-03747,Yes,2025-06-01,train
CUST-03748,No,2025-06-01,test
CUST-03749,No,2025-06-01,train
CUST-03750,Yes,2025-06-01,train
CUST-03751,No,2025-06-01,train
CUST-03752,Yes,2025-06-01,train
CUST-03753,No,2025-06-01,train
CUST-03754,Yes,2025-06-01,val
CUST-03755,Yes,2025-06-01,train
CUST-03756,Yes,2025-06-01,train
CUST-03757,Yes,2025-06-01,train
CUST-03758,No,2025-06-01,train
CUST-03759,Yes,2025-06-01,test
CUST-03760,No,2025-06-01,train
CUST-03761,Yes,2025-06-01,test
CUST-03762,No,2025-06-01,train
CUST-03763,No,2025-06-01,train
CUST-03764,No,2025-06-01,train
CUST-03765,No,2025-06-01,train
CUST-03766,No,2025-06-01,val
CUST-03767,No,2025-06-01,train
CUST-03768,Yes,2025-06-01,train
CUST-03769,No,2025-06-01,train
CUST-03770,Yes,2025-06-01,train
CUST-03771,No,2025-06-01,test
CUST-03772,No,2025-06-01,test
CUST-03773,Yes,2025-06-01,train
CUST-03774,No,2025-06-01,val
CUST-03775,No,2025-06-01,val
CUST-03776,No,2025-06-01,train
CUST-03777,No,2025-06-01,val
CUST-03778,No,2025-06-01,train
CUST-03779,Yes,2025-06-01,val
CUST-03780,No,2025-06-01,test
CUST-03781,No,2025-06-01,train
CUST-03782,No,2025-06-01,val
CUST-03783,Yes,2025-06-01,test
CUST-03784,No,2025-06-01,train
CUST-03785,No,2025-06-01,train
CUST-03786,No,2025-06-01,test
CUST-03787,No,2025-06-01,test
CUST-03788,No,2025-06-01,train
CUST-03789,Yes,2025-06-01,train
CUST-03790,No,2025-06-01,train
CUST-03791,No,2025-06-01,train
CUST-03792,No,2025-06-01,train
CUST-03793,No,2025-06-01,train
CUST-03794,No,2025-06-01,train
CUST-03795,No,2025-06-01,train
CUST-03796,Yes,2025-06-01,train
CUST-03797,No,2025-06-01,train
CUST-03798,No,2025-06-01,val
CUST-03799,No,2025-06-01,train
CUST-03800,Yes,2025-06-01,train
CUST-03801,No,2025-06-01,train
CUST-03802,No,2025-06-01,train
CUST-03803,No,2025-06-01,train
CUST-03804,Yes,2025-06-01,train
CUST-03805,No,2025-06-01,train
CUST-03806,No,2025-06-01,train
CUST-03807,Yes,2025-06-01,train
CUST-03808,No,2025-06-01,train
CUST-03809,No,2025-06-01,test
CUST-03810,No,2025-06-01,val
CUST-03811,No,2025-06-01,train
CUST-03812,No,2025-06-01,train
CUST-03813,No,2025-06-01,train
CUST-03814,No,2025-06-01,train
CUST-03815,No,2025-06-01,train
CUST-03816,Yes,2025-06-01,train
CUST-03817,Yes,2025-06-01,train
CUST-03818,No,2025-06-01,train
CUST-03819,No,2025-06-01,train
CUST-03820,No,2025-06-01,val
CUST-03821,Yes,2025-06-01,val
CUST-03822,No,2025-06-01,train
CUST-03823,No,2025-06-01,train
CUST-03824,No,2025-06-01,train
CUST-03825,No,2025-06-01,val
CUST-03826,No,2025-06-01,train
CUST-03827,No,2025-06-01,train
CUST-03828,Yes,2025-06-01,train
CUST-03829,No,2025-06-01,test
CUST-03830,No,2025-06-01,train
CUST-03831,No,2025-06-01,train
CUST-03832,No,2025-06-01,train
CUST-03833,Yes,2025-06-01,train
CUST-03834,No,2025-06-01,train
CUST-03835,Yes,2025-06-01,train
CUST-03836,No,2025-06-01,train
CUST-03837,No,2025-06-01,train
CUST-03838,No,2025-06-01,train
CUST-03839,Yes,2025-06-01,val
CUST-03840,Yes,2025-06-01,train
CUST-03841,Yes,2025-06-01,train
CUST-03842,No,2025-06-01,train
CUST-03843,No,2025-06-01,train
CUST-03844,No,2025-06-01,train
CUST-03845,No,2025-06-01,test
CUST-03846,Yes,2025-06-01,train
CUST-03847,No,2025-06-01,val
CUST-03848,Yes,2025-06-01,val
CUST-03849,No,2025-06-01,train
CUST-03850,Yes,2025-06-01,train
CUST-03851,Yes,2025-06-01,train
CUST-03852,No,2025-06-01,train
CUST-03853,No,2025-06-01,train
CUST-03854,No,2025-06-01,train
CUST-03855,Yes,2025-06-01,train
CUST-03856,No,2025-06-01,train
CUST-03857,Yes,2025-06-01,val
CUST-03858,No,2025-06-01,train
CUST-03859,No,2025-06-01,val
CUST-03860,No,2025-06-01,train
CUST-03861,Yes,2025-06-01,train
CUST-03862,Yes,2025-06-01,train
CUST-03863,Yes,2025-06-01,train
CUST-03864,No,2025-06-01,train
CUST-03865,No,2025-06-01,test
CUST-03866,Yes,2025-06-01,train
CUST-03867,No,2025-06-01,train
CUST-03868,No,2025-06-01,train
CUST-03869,No,2025-06-01,train
CUST-03870,No,2025-06-01,train
CUST-03871,No,2025-06-01,train
CUST-03872,Yes,2025-06-01,train
CUST-03873,No,2025-06-01,train
CUST-03874,Yes,2025-06-01,train
CUST-03875,No,2025-06-01,test
CUST-03876,Yes,2025-06-01,train
CUST-03877,Yes,2025-06-01,train
CUST-03878,No,2025-06-01,test
CUST-03879,Yes,2025-06-01,train
CUST-03880,No,2025-06-01,train
CUST-03881,No,2025-06-01,val
CUST-03882,No,2025-06-01,test
CUST-03883,No,2025-06-01,val
CUST-03884,No,2025-06-01,train
CUST-03885,Yes,2025-06-01,test
CUST-03886,No,2025-06-01,train
CUST-03887,No,2025-06-01,test
CUST-03888,Yes,2025-06-01,val
CUST-03889,Yes,2025-06-01,test
CUST-03890,No,2025-06-01,train
CUST-03891,Yes,2025-06-01,train
CUST-03892,No,2025-06-01,train
CUST-03893,No,2025-06-01,train
CUST-03894,No,2025-06-01,train
CUST-03895,No,2025-06-01,test
CUST-03896,No,2025-06-01,train
CUST-03897,No,2025-06-01,train
CUST-03898,No,2025-06-01,train
CUST-03899,No,2025-06-01,train
CUST-03900,No,2025-06-01,train
CUST-03901,No,2025-06-01,train
CUST-03902,No,2025-06-01,val
CUST-03903,No,2025-06-01,val
CUST-03904,Yes,2025-06-01,train
CUST-03905,No,2025-06-01,train
CUST-03906,No,2025-06-01,train
CUST-03907,No,2025-06-01,val
CUST-03908,No,2025-06-01,test
CUST-03909,No,2025-06-01,train
CUST-03910,Yes,2025-06-01,val
CUST-03911,Yes,2025-06-01,train
CUST-03912,No,2025-06-01,train
CUST-03913,No,2025-06-01,test
CUST-03914,Yes,2025-06-01,train
CUST-03915,Yes,2025-06-01,train
CUST-03916,No,2025-06-01,train
CUST-03917,No,2025-06-01,train
CUST-03918,No,2025-06-01,train
CUST-03919,No,2025-06-01,train
CUST-03920,No,2025-06-01,train
CUST-03921,Yes,2025-06-01,train
CUST-03922,Yes,2025-06-01,test
CUST-03923,Yes,2025-06-01,train
CUST-03924,Yes,2025-06-01,test
CUST-03925,No,2025-06-01,train
CUST-03926,Yes,2025-06-01,train
CUST-03927,Yes,2025-06-01,train
CUST-03928,No,2025-06-01,val
CUST-03929,No,2025-06-01,train
CUST-03930,Yes,2025-06-01,test
CUST-03931,No,2025-06-01,train
CUST-03932,Yes,2025-06-01,train
CUST-03933,Yes,2025-06-01,train
CUST-03934,Yes,2025-06-01,train
CUST-03935,No,2025-06-01,train
CUST-03936,No,2025-06-01,train
CUST-03937,No,2025-06-01,train
CUST-03938,No,2025-06-01,train
CUST-03939,No,2025-06-01,train
CUST-03940,No,2025-06-01,train
CUST-03941,Yes,2025-06-01,train
CUST-03942,No,2025-06-01,train
CUST-03943,No,2025-06-01,train
CUST-03944,Yes,2025-06-01,train
CUST-03945,No,2025-06-01,train
CUST-03946,Yes,2025-06-01,test
CUST-03947,No,2025-06-01,train
CUST-03948,Yes,2025-06-01,train
CUST-03949,No,2025-06-01,test
CUST-03950,Yes,2025-06-01,train
CUST-03951,No,2025-06-01,train
CUST-03952,Yes,2025-06-01,test
CUST-03953,Yes,2025-06-01,test
CUST-03954,No,2025-06-01,val
CUST-03955,Yes,2025-06-01,train
CUST-03956,Yes,2025-06-01,train
CUST-03957,Yes,2025-06-01,test
CUST-03958,No,2025-06-01,test
CUST-03959,No,2025-06-01,train
CUST-03960,Yes,2025-06-01,train
CUST-03961,No,2025-06-01,train
CUST-03962,Yes,2025-06-01,train
CUST-03963,No,2025-06-01,train
CUST-03964,No,2025-06-01,train
CUST-03965,No,2025-06-01,train
CUST-03966,No,2025-06-01,train
CUST-03967,Yes,2025-06-01,train
CUST-03968,No,2025-06-01,train
CUST-03969,No,2025-06-01,train
CUST-03970,Yes,2025-06-01,train
CUST-03971,No,2025-06-01,test
CUST-03972,No,2025-06-01,train
CUST-03973,No,2025-06-01,train
CUST-03974,Yes,2025-06-01,train
CUST-03975,No,2025-06-01,train
CUST-03976,Yes,2025-06-01,train
CUST-03977,No,2025-06-01,train
CUST-03978,Yes,2025-06-01,train
CUST-03979,No,2025-06-01,train
CUST-03980,No,2025-06-01,train
CUST-03981,Yes,2025-06-01,train
CUST-03982,No,2025-06-01,train
CUST-03983,No,2025-06-01,train
CUST-03984,No,2025-06-01,train
CUST-03985,No,2025-06-01,train
CUST-03986,Yes,2025-06-01,train
CUST-03987,No,2025-06-01,train
CUST-03988,Yes,2025-06-01,train
CUST-03989,No,2025-06-01,test
CUST-03990,No,2025-06-01,test
CUST-03991,No,2025-06-01,test
CUST-03992,No,2025-06-01,train
CUST-03993,Yes,2025-06-01,train
CUST-03994,No,2025-06-01,train
CUST-03995,No,2025-06-01,train
CUST-03996,No,2025-06-01,train
CUST-03997,No,2025-06-01,train
CUST-03998,Yes,2025-06-01,train
CUST-03999,No,2025-06-01,train
CUST-04000,Yes,2025-06-01,train
CUST-02001,No,2025-06-01,val
CUST-02002,No,2025-06-01,train
CUST-02003,No,2025-06-01,test
CUST-02004,No,2025-06-01,train
CUST-02005,Yes,2025-06-01,train
CUST-02006,Yes,2025-06-01,test
CUST-02007,No,2025-06-01,train
CUST-02008,No,2025-06-01,train
CUST-02009,Yes,2025-06-01,train
CUST-02010,No,2025-06-01,train
CUST-02011,No,2025-06-01,train
CUST-02012,No,2025-06-01,train
CUST-02013,No,2025-06-01,train
CUST-02014,No,2025-06-01,train
CUST-02015,No,2025-06-01,train
CUST-02016,No,2025-06-01,train
CUST-02017,No,2025-06-01,train
CUST-02018,No,2025-06-01,train
CUST-02019,Yes,2025-06-01,train
CUST-02020,Yes,2025-06-01,train
CUST-02021,No,2025-06-01,train
CUST-02022,No,2025-06-01,train
CUST-02023,Yes,2025-06-01,train
CUST-02024,Yes,2025-06-01,train
CUST-02025,Yes,2025-06-01,train
CUST-02026,No,2025-06-01,train
CUST-02027,No,2025-06-01,val
CUST-02028,Yes,2025-06-01,train
CUST-02029,No,2025-06-01,train
CUST-02030,No,2025-06-01,train
CUST-02031,No,2025-06-01,train
CUST-02032,No,2025-06-01,train
CUST-02033,No,2025-06-01,train
CUST-02034,Yes,2025-06-01,train
CUST-02035,Yes,2025-06-01,train
CUST-02036,Yes,2025-06-01,val
CUST-02037,Yes,2025-06-01,test
CUST-02038,No,2025-06-01,train
CUST-02039,Yes,2025-06-01,train
CUST-02040,No,2025-06-01,val
CUST-02041,Yes,2025-06-01,train
CUST-02042,Yes,2025-06-01,val
CUST-02043,No,2025-06-01,train
CUST-02044,No,2025-06-01,test
CUST-02045,No,2025-06-01,test
CUST-02046,Yes,2025-06-01,train
CUST-02047,No,2025-06-01,train
CUST-02048,No,2025-06-01,train
CUST-02049,Yes,2025-06-01,train
CUST-02050,No,2025-06-01,train
CUST-02051,Yes,2025-06-01,test
CUST-02052,No,2025-06-01,train
CUST-02053,No,2025-06-01,train
CUST-02054,Yes,2025-06-01,val
CUST-02055,Yes,2025-06-01,train
CUST-02056,No,2025-06-01,train
CUST-02057,No,2025-06-01,test
CUST-02058,Yes,2025-06-01,train
CUST-02059,No,2025-06-01,train
CUST-02060,No,2025-06-01,train
CUST-02061,No,2025-06-01,test
CUST-02062,No,2025-06-01,train
CUST-02063,No,2025-06-01,train
CUST-02064,Yes,2025-06-01,train
CUST-02065,No,2025-06-01,train
CUST-02066,No,2025-06-01,test
CUST-02067,No,2025-06-01,train
CUST-02068,No,2025-06-01,test
CUST-02069,Yes,2025-06-01,train
CUST-02070,No,2025-06-01,train
CUST-02071,Yes,2025-06-01,test
CUST-02072,No,2025-06-01,train
CUST-02073,No,2025-06-01,train
CUST-02074,Yes,2025-06-01,test
CUST-02075,No,2025-06-01,train
CUST-02076,Yes,2025-06-01,train
CUST-02077,No,2025-06-01,test
CUST-02078,No,2025-06-01,train
CUST-02079,No,2025-06-01,train
CUST-02080,No,2025-06-01,train
CUST-02081,Yes,2025-06-01,train
CUST-02082,Yes,2025-06-01,train
CUST-02083,No,2025-06-01,train
CUST-02084,No,2025-06-01,train
CUST-02085,No,2025-06-01,train
CUST-02086,Yes,2025-06-01,train
CUST-02087,No,2025-06-01,train
CUST-02088,Yes,2025-06-01,train
CUST-02089,No,2025-06-01,val
CUST-02090,Yes,2025-06-01,train
CUST-02091,Yes,2025-06-01,train
CUST-02092,No,2025-06-01,test
CUST-02093,No,2025-06-01,train
CUST-02094,No,2025-06-01,train
CUST-02095,No,2025-06-01,test
CUST-02096,No,2025-06-01,train
CUST-02097,No,2025-06-01,train
CUST-02098,Yes,2025-06-01,train
CUST-02099,No,2025-06-01,train
CUST-02100,No,2025-06-01,train
CUST-02101,No,2025-06-01,val
CUST-02102,Yes,2025-06-01,train
CUST-02103,No,2025-06-01,val
CUST-02104,No,2025-06-01,test
CUST-02105,No,2025-06-01,train
CUST-02106,No,2025-06-01,val
CUST-02107,No,2025-06-01,val
CUST-02108,No,2025-06-01,test
CUST-02109,Yes,2025-06-01,train
CUST-02110,No,2025-06-01,train
CUST-02111,Yes,2025-06-01,train
CUST-02112,No,2025-06-01,train
CUST-02113,Yes,2025-06-01,train
CUST-02114,No,2025-06-01,train
CUST-02115,Yes,2025-06-01,train
CUST-02116,Yes,2025-06-01,test
CUST-02117,No,2025-06-01,train
CUST-02118,No,2025-06-01,train
CUST-02119,Yes,2025-06-01,train
CUST-02120,No,2025-06-01,train
CUST-02121,No,2025-06-01,train
CUST-02122,Yes,2025-06-01,train
CUST-02123,No,2025-06-01,train
CUST-02124,No,2025-06-01,train
CUST-02125,No,2025-06-01,train
CUST-02126,No,2025-06-01,train
CUST-02127,No,2025-06-01,train
CUST-02128,No,2025-06-01,train
CUST-02129,No,2025-06-01,train
CUST-02130,Yes,2025-06-01,train
CUST-02131,Yes,2025-06-01,train
CUST-02132,Yes,2025-06-01,val
CUST-02133,No,2025-06-01,test
CUST-02134,No,2025-06-01,test
CUST-02135,No,2025-06-01,train
CUST-02136,No,2025-06-01,train
CUST-02137,No,2025-06-01,train
CUST-02138,Yes,2025-06-01,val
CUST-02139,No,2025-06-01,val
CUST-02140,Yes,2025-06-01,val
CUST-02141,No,2025-06-01,test
CUST-02142,Yes,2025-06-01,train
CUST-02143,Yes,2025-06-01,val
CUST-02144,No,2025-06-01,val
CUST-02145,No,2025-06-01,train
CUST-02146,No,2025-06-01,test
CUST-02147,No,2025-06-01,train
CUST-02148,No,2025-06-01,test
CUST-02149,Yes,2025-06-01,val
CUST-02150,No,2025-06-01,train
CUST-02151,No,2025-06-01,train
CUST-02152,No,2025-06-01,train
CUST-02153,No,2025-06-01,val
CUST-02154,Yes,2025-06-01,val
CUST-02155,No,2025-06-01,train
CUST-02156,No,2025-06-01,test
CUST-02157,Yes,2025-06-01,train
CUST-02158,No,2025-06-01,train
CUST-02159,Yes,2025-06-01,train
CUST-02160,Yes,2025-06-01,train
CUST-02161,No,2025-06-01,train
CUST-02162,Yes,2025-06-01,train
CUST-02163,Yes,2025-06-01,train
CUST-02164,No,2025-06-01,train
CUST-02165,Yes,2025-06-01,test
CUST-02166,No,2025-06-01,train
CUST-02167,No,2025-06-01,test
CUST-02168,No,2025-06-01,train
CUST-02169,Yes,2025-06-01,train
CUST-02170,Yes,2025-06-01,train
CUST-02171,No,2025-06-01,train
CUST-02172,No,2025-06-01,train
CUST-02173,Yes,2025-06-01,train
CUST-02174,Yes,2025-06-01,train
CUST-02175,No,2025-06-01,train
CUST-02176,Yes,2025-06-01,train
CUST-02177,No,2025-06-01,train
CUST-02178,No,2025-06-01,val
CUST-02179,No,2025-06-01,train
CUST-02180,Yes,2025-06-01,test
CUST-02181,No,2025-06-01,val
CUST-02182,Yes,2025-06-01,test
CUST-02183,No,2025-06-01,val
CUST-02184,No,2025-06-01,train
CUST-02185,No,2025-06-01,train
CUST-02186,No,2025-06-01,train
CUST-02187,No,2025-06-01,val
CUST-02188,No,2025-06-01,train
CUST-02189,Yes,2025-06-01,train
CUST-02190,Yes,2025-06-01,test
CUST-02191,No,2025-06-01,train
CUST-02192,No,2025-06-01,train
CUST-02193,No,2025-06-01,val
CUST-02194,Yes,2025-06-01,train
CUST-02195,No,2025-06-01,train
CUST-02196,No,2025-06-01,val
CUST-02197,Yes,2025-06-01,train
CUST-02198,Yes,2025-06-01,train
CUST-02199,Yes,2025-06-01,train
CUST-02200,No,2025-06-01,train
CUST-02201,No,2025-06-01,train
CUST-02202,No,2025-06-01,test
CUST-02203,Yes,2025-06-01,test
CUST-02204,No,2025-06-01,train
CUST-02205,No,2025-06-01,train
CUST-02206,No,2025-06-01,train
CUST-02207,Yes,2025-06-01,val
CUST-02208,Yes,2025-06-01,train
CUST-02209,No,2025-06-01,train
CUST-02210,No,2025-06-01,train
CUST-02211,No,2025-06-01,test
CUST-02212,No,2025-06-01,train
CUST-02213,Yes,2025-06-01,test
CUST-02214,No,2025-06-01,train
CUST-02215,No,2025-06-01,test
CUST-02216,Yes,2025-06-01,train
CUST-02217,No,2025-06-01,train
CUST-02218,No,2025-06-01,test
CUST-02219,No,2025-06-01,test
CUST-02220,Yes,2025-06-01,train
CUST-02221,No,2025-06-01,train
CUST-02222,Yes,2025-06-01,train
CUST-02223,No,2025-06-01,train
CUST-02224,No,2025-06-01,train
CUST-02225,No,2025-06-01,test
CUST-02226,No,2025-06-01,train
CUST-02227,Yes,2025-06-01,val
CUST-02228,Yes,2025-06-01,train
CUST-02229,Yes,2025-06-01,train
CUST-02230,No,2025-06-01,train
CUST-02231,No,2025-06-01,train
CUST-02232,No,2025-06-01,train
CUST-02233,No,2025-06-01,train
CUST-02234,No,2025-06-01,test
CUST-02235,No,2025-06-01,val
CUST-02236,Yes,2025-06-01,test
CUST-02237,No,2025-06-01,train
CUST-02238,No,2025-06-01,train
CUST-02239,Yes,2025-06-01,train
CUST-02240,No,2025-06-01,train
CUST-02241,No,2025-06-01,train
CUST-02242,No,2025-06-01,train
CUST-02243,No,2025-06-01,train
CUST-02244,No,2025-06-01,train
CUST-02245,Yes,2025-06-01,train
CUST-02246,No,2025-06-01,train
CUST-02247,Yes,2025-06-01,train
CUST-02248,No,2025-06-01,train
CUST-02249,Yes,2025-06-01,train
CUST-02250,No,2025-06-01,train
CUST-02251,No,2025-06-01,train
CUST-02252,No,2025-06-01,val
CUST-02253,No,2025-06-01,train
CUST-02254,Yes,2025-06-01,train
CUST-02255,No,2025-06-01,test
CUST-02256,Yes,2025-06-01,train
CUST-02257,No,2025-06-01,test
CUST-02258,Yes,2025-06-01,val
CUST-02259,No,2025-06-01,train
CUST-02260,No,2025-06-01,train
CUST-02261,Yes,2025-06-01,train
CUST-02262,No,2025-06-01,test
CUST-02263,No,2025-06-01,train
CUST-02264,No,2025-06-01,train
CUST-02265,No,2025-06-01,train
CUST-02266,Yes,2025-06-01,train
CUST-02267,No,2025-06-01,val
CUST-02268,No,2025-06-01,train
CUST-02269,No,2025-06-01,val
CUST-02270,No,2025-06-01,test
CUST-02271,No,2025-06-01,train
CUST-02272,No,2025-06-01,train
CUST-02273,Yes,2025-06-01,val
CUST-02274,No,2025-06-01,val
CUST-02275,No,2025-06-01,test
CUST-02276,Yes,2025-06-01,train
CUST-02277,No,2025-06-01,train
CUST-02278,No,2025-06-01,train
CUST-02279,Yes,2025-06-01,test
CUST-02280,No,2025-06-01,train
CUST-02281,No,2025-06-01,train
CUST-02282,No,2025-06-01,train
CUST-02283,No,2025-06-01,train
CUST-02284,No,2025-06-01,val
CUST-02285,Yes,2025-06-01,train
CUST-02286,No,2025-06-01,train
CUST-02287,Yes,2025-06-01,test
CUST-02288,No,2025-06-01,val
CUST-02289,No,2025-06-01,train
CUST-02290,Yes,2025-06-01,train
CUST-02291,No,2025-06-01,test
CUST-02292,Yes,2025-06-01,val
CUST-02293,No,2025-06-01,train
CUST-02294,No,2025-06-01,train
CUST-02295,No,2025-06-01,train
CUST-02296,Yes,2025-06-01,train
CUST-02297,No,2025-06-01,val
CUST-02298,No,2025-06-01,train
CUST-02299,No,2025-06-01,train
CUST-02300,No,2025-06-01,val
CUST-02301,Yes,2025-06-01,test
CUST-02302,No,2025-06-01,val
CUST-02303,No,2025-06-01,train
CUST-02304,Yes,2025-06-01,train
CUST-02305,No,2025-06-01,train
CUST-02306,No,2025-06-01,train
CUST-02307,Yes,2025-06-01,train
CUST-02308,No,2025-06-01,train
CUST-02309,Yes,2025-06-01,train
CUST-02310,No,2025-06-01,test
CUST-02311,No,2025-06-01,test
CUST-02312,No,2025-06-01,train
CUST-02313,No,2025-06-01,train
CUST-02314,No,2025-06-01,train
CUST-02315,Yes,2025-06-01,train
CUST-02316,No,2025-06-01,train
CUST-02317,Yes,2025-06-01,train
CUST-02318,No,2025-06-01,val
CUST-02319,Yes,2025-06-01,train
CUST-02320,No,2025-06-01,test
CUST-02321,Yes,2025-06-01,train
CUST-02322,No,2025-06-01,train
CUST-02323,No,2025-06-01,train
CUST-02324,Yes,2025-06-01,train
CUST-02325,Yes,2025-06-01,train
CUST-02326,No,2025-06-01,test
CUST-02327,Yes,2025-06-01,train
CUST-02328,No,2025-06-01,train
CUST-02329,No,2025-06-01,train
CUST-02330,No,2025-06-01,train
CUST-02331,Yes,2025-06-01,train
CUST-02332,No,2025-06-01,train
CUST-02333,No,2025-06-01,val
CUST-02334,No,2025-06-01,train
CUST-02335,No,2025-06-01,train
CUST-02336,Yes,2025-06-01,train
CUST-02337,No,2025-06-01,test
CUST-02338,No,2025-06-01,train
CUST-02339,Yes,2025-06-01,train
CUST-02340,No,2025-06-01,train
CUST-02341,Yes,2025-06-01,train
CUST-02342,Yes,2025-06-01,train
CUST-02343,No,2025-06-01,val
CUST-02344,No,2025-06-01,train
CUST-02345,No,2025-06-01,val
CUST-02346,Yes,2025-06-01,train
CUST-02347,Yes,2025-06-01,test
CUST-02348,No,2025-06-01,val
CUST-02349,No,2025-06-01,train
CUST-02350,No,2025-06-01,train
CUST-02351,Yes,2025-06-01,train
CUST-02352,No,2025-06-01,test
CUST-02353,No,2025-06-01,train
CUST-02354,Yes,2025-06-01,train
CUST-02355,Yes,2025-06-01,train
CUST-02356,No,2025-06-01,val
CUST-02357,No,2025-06-01,train
CUST-02358,Yes,2025-06-01,train
CUST-02359,No,2025-06-01,test
CUST-02360,Yes,2025-06-01,train
CUST-02361,Yes,2025-06-01,val
CUST-02362,Yes,2025-06-01,train
CUST-02363,Yes,2025-06-01,train
CUST-02364,No,2025-06-01,test
CUST-02365,Yes,2025-06-01,train
CUST-02366,No,2025-06-01,train
CUST-02367,No,2025-06-01,train
CUST-02368,No,2025-06-01,train
CUST-02369,Yes,2025-06-01,train
CUST-02370,No,2025-06-01,train
CUST-02371,No,2025-06-01,train
CUST-02372,Yes,2025-06-01,train
CUST-02373,Yes,2025-06-01,train
CUST-02374,No,2025-06-01,train
CUST-02375,No,2025-06-01,train
CUST-02376,Yes,2025-06-01,train
CUST-02377,No,2025-06-01,test
CUST-02378,No,2025-06-01,train
CUST-02379,Yes,2025-06-01,train
CUST-02380,No,2025-06-01,train
CUST-02381,Yes,2025-06-01,val
CUST-02382,No,2025-06-01,train
CUST-02383,No,2025-06-01,train
CUST-02384,No,2025-06-01,train
CUST-02385,Yes,2025-06-01,train
CUST-02386,No,2025-06-01,val
CUST-02387,No,2025-06-01,test
CUST-02388,Yes,2025-06-01,train
CUST-02389,Yes,2025-06-01,val
CUST-02390,No,2025-06-01,train
CUST-02391,Yes,2025-06-01,train
CUST-02392,No,2025-06-01,val
CUST-02393,No,2025-06-01,train
CUST-02394,Yes,2025-06-01,train
CUST-02395,No,2025-06-01,train
CUST-02396,No,2025-06-01,test
CUST-02397,No,2025-06-01,train
CUST-02398,Yes,2025-06-01,train
CUST-02399,No,2025-06-01,train
CUST-02400,Yes,2025-06-01,train
CUST-02401,Yes,2025-06-01,train
CUST-02402,No,2025-06-01,val
CUST-02403,No,2025-06-01,val
CUST-02404,No,2025-06-01,test
CUST-02405,Yes,2025-06-01,val
CUST-02406,No,2025-06-01,train
CUST-02407,Yes,2025-06-01,train
CUST-02408,No,2025-06-01,train
CUST-02409,No,2025-06-01,train
CUST-02410,No,2025-06-01,test
CUST-02411,No,2025-06-01,train
CUST-02412,Yes,2025-06-01,test
CUST-02413,No,2025-06-01,train
CUST-02414,Yes,2025-06-01,train
CUST-02415,Yes,2025-06-01,train
CUST-02416,No,2025-06-01,train
CUST-02417,Yes,2025-06-01,train
CUST-02418,No,2025-06-01,train
CUST-02419,No,2025-06-01,train
CUST-02420,No,2025-06-01,test
CUST-02421,No,2025-06-01,train
CUST-02422,No,2025-06-01,train
CUST-02423,Yes,2025-06-01,val
CUST-02424,No,2025-06-01,train
CUST-02425,No,2025-06-01,test
CUST-02426,No,2025-06-01,val
CUST-02427,No,2025-06-01,train
CUST-02428,No,2025-06-01,train
CUST-02429,No,2025-06-01,train
CUST-02430,No,2025-06-01,val
CUST-02431,No,2025-06-01,val
CUST-02432,No,2025-06-01,val
CUST-02433,Yes,2025-06-01,train
CUST-02434,No,2025-06-01,train
CUST-02435,No,2025-06-01,train
CUST-02436,No,2025-06-01,test
CUST-02437,No,2025-06-01,train
CUST-02438,Yes,2025-06-01,train
CUST-02439,No,2025-06-01,train
CUST-02440,Yes,2025-06-01,val
CUST-02441,No,2025-06-01,test
CUST-02442,No,2025-06-01,train
CUST-02443,No,2025-06-01,train
CUST-02444,Yes,2025-06-01,train
CUST-02445,No,2025-06-01,train
CUST-02446,Yes,2025-06-01,train
CUST-02447,No,2025-06-01,train
CUST-02448,No,2025-06-01,train
CUST-02449,No,2025-06-01,train
CUST-02450,Yes,2025-06-01,train
CUST-02451,No,2025-06-01,train
CUST-02452,No,2025-06-01,val
CUST-02453,No,2025-06-01,train
CUST-02454,No,2025-06-01,val
CUST-02455,No,2025-06-01,train
CUST-02456,Yes,2025-06-01,train
CUST-02457,No,2025-06-01,train
CUST-02458,No,2025-06-01,train
CUST-02459,No,2025-06-01,train
CUST-02460,No,2025-06-01,train
CUST-02461,No,2025-06-01,test
CUST-02462,Yes,2025-06-01,train
CUST-02463,No,2025-06-01,train
CUST-02464,Yes,2025-06-01,train
CUST-02465,No,2025-06-01,train
CUST-02466,Yes,2025-06-01,val
CUST-02467,No,2025-06-01,val
CUST-02468,Yes,2025-06-01,train
CUST-02469,No,2025-06-01,train
CUST-02470,Yes,2025-06-01,train
CUST-02471,No,2025-06-01,train
CUST-02472,No,2025-06-01,test
CUST-02473,Yes,2025-06-01,val
CUST-02474,No,2025-06-01,train
CUST-02475,Yes,2025-06-01,train
CUST-02476,No,2025-06-01,train
CUST-02477,No,2025-06-01,train
CUST-02478,No,2025-06-01,train
CUST-02479,Yes,2025-06-01,train
CUST-02480,Yes,2025-06-01,test
CUST-02481,Yes,2025-06-01,train
CUST-02482,No,2025-06-01,train
CUST-02483,No,2025-06-01,train
CUST-02484,Yes,2025-06-01,train
CUST-02485,Yes,2025-06-01,val
CUST-02486,Yes,2025-06-01,train
CUST-02487,No,2025-06-01,val
CUST-02488,No,2025-06-01,val
CUST-02489,Yes,2025-06-01,train
CUST-02490,No,2025-06-01,train
CUST-02491,No,2025-06-01,test
CUST-02492,Yes,2025-06-01,train
CUST-02493,No,2025-06-01,train
CUST-02494,No,2025-06-01,test
CUST-02495,No,2025-06-01,test
CUST-02496,No,2025-06-01,train
CUST-02497,No,2025-06-01,train
CUST-02498,No,2025-06-01,train
CUST-02499,No,2025-06-01,val
CUST-02500,No,2025-06-01,train
CUST-02501,Yes,2025-06-01,train
CUST-02502,No,2025-06-01,train
CUST-02503,No,2025-06-01,test
CUST-02504,No,2025-06-01,val
CUST-02505,No,2025-06-01,train
CUST-02506,No,2025-06-01,train
CUST-02507,No,2025-06-01,test
CUST-02508,No,2025-06-01,test
CUST-02509,No,2025-06-01,train
CUST-02510,Yes,2025-06-01,train
CUST-02511,No,2025-06-01,train
CUST-02512,Yes,2025-06-01,train
CUST-02513,Yes,2025-06-01,train
CUST-02514,No,2025-06-01,train
CUST-02515,No,2025-06-01,train
CUST-02516,Yes,2025-06-01,val
CUST-02517,No,2025-06-01,train
CUST-02518,No,2025-06-01,train
CUST-02519,No,2025-06-01,train
CUST-02520,No,2025-06-01,train
CUST-02521,Yes,2025-06-01,train
CUST-02522,No,2025-06-01,train
CUST-02523,No,2025-06-01,train
CUST-02524,No,2025-06-01,train
CUST-02525,Yes,2025-06-01,test
CUST-02526,Yes,2025-06-01,train
CUST-02527,No,2025-06-01,test
CUST-02528,Yes,2025-06-01,test
CUST-02529,No,2025-06-01,val
CUST-02530,No,2025-06-01,train
CUST-02531,No,2025-06-01,train
CUST-02532,No,2025-06-01,train
CUST-02533,No,2025-06-01,train
CUST-02534,No,2025-06-01,train
CUST-02535,Yes,2025-06-01,test
CUST-02536,No,2025-06-01,train
CUST-02537,Yes,2025-06-01,val
CUST-02538,Yes,2025-06-01,train
CUST-02539,Yes,2025-06-01,train
CUST-02540,No,2025-06-01,train
CUST-02541,No,2025-06-01,train
CUST-02542,No,2025-06-01,train
CUST-02543,No,2025-06-01,train
CUST-02544,No,2025-06-01,train
CUST-02545,No,2025-06-01,train
CUST-02546,No,2025-06-01,train
CUST-02547,No,2025-06-01,test
CUST-02548,No,2025-06-01,train
CUST-02549,No,2025-06-01,train
CUST-02550,No,2025-06-01,train
CUST-02551,No,2025-06-01,train
CUST-02552,No,2025-06-01,train
CUST-02553,No,2025-06-01,train
CUST-02554,No,2025-06-01,test
CUST-02555,No,2025-06-01,train
CUST-02556,Yes,2025-06-01,train
CUST-02557,No,2025-06-01,train
CUST-02558,No,2025-06-01,train
CUST-02559,Yes,2025-06-01,train
CUST-02560,Yes,2025-06-01,train
CUST-02561,No,2025-06-01,train
CUST-02562,No,2025-06-01,train
CUST-02563,No,2025-06-01,val
CUST-02564,No,2025-06-01,train
CUST-02565,No,2025-06-01,train
CUST-02566,No,2025-06-01,train
CUST-02567,No,2025-06-01,train
CUST-02568,No,2025-06-01,train
CUST-02569,No,2025-06-01,train
CUST-02570,Yes,2025-06-01,test
CUST-02571,No,2025-06-01,train
CUST-02572,Yes,2025-06-01,train
CUST-02573,No,2025-06-01,val
CUST-02574,No,2025-06-01,val
CUST-02575,No,2025-06-01,train
CUST-02576,No,2025-06-01,train
CUST-02577,Yes,2025-06-01,train
CUST-02578,Yes,2025-06-01,test
CUST-02579,Yes,2025-06-01,train
CUST-02580,No,2025-06-01,test
CUST-02581,No,2025-06-01,train
CUST-02582,Yes,2025-06-01,val
CUST-02583,Yes,2025-06-01,train
CUST-02584,Yes,2025-06-01,train
CUST-02585,Yes,2025-06-01,train
CUST-02586,Yes,2025-06-01,train
CUST-02587,No,2025-06-01,train
CUST-02588,Yes,2025-06-01,train
CUST-02589,No,2025-06-01,train
CUST-02590,No,2025-06-01,train
CUST-02591,Yes,2025-06-01,val
CUST-02592,No,2025-06-01,test
CUST-02593,Yes,2025-06-01,train
CUST-02594,No,2025-06-01,train
CUST-02595,No,2025-06-01,train
CUST-02596,No,2025-06-01,test
CUST-02597,No,2025-06-01,train
CUST-02598,No,2025-06-01,train
CUST-02599,No,2025-06-01,test
CUST-02600,Yes,2025-06-01,test
CUST-02601,No,2025-06-01,train
CUST-02602,No,2025-06-01,train
CUST-02603,No,2025-06-01,train
CUST-02604,Yes,2025-06-01,val
CUST-02605,No,2025-06-01,train
CUST-02606,Yes,2025-06-01,train
CUST-02607,No,2025-06-01,train
CUST-02608,No,2025-06-01,train
CUST-02609,Yes,2025-06-01,train
CUST-02610,No,2025-06-01,train
CUST-02611,Yes,2025-06-01,test
CUST-02612,No,2025-06-01,val
CUST-02613,No,2025-06-01,train
CUST-02614,No,2025-06-01,val
CUST-02615,No,2025-06-01,train
CUST-02616,No,2025-06-01,train
CUST-02617,No,2025-06-01,train
CUST-02618,Yes,2025-06-01,test
CUST-02619,Yes,2025-06-01,val
CUST-02620,Yes,2025-06-01,test
CUST-02621,Yes,2025-06-01,test
CUST-02622,No,2025-06-01,test
CUST-02623,No,2025-06-01,train
CUST-02624,No,2025-06-01,test
CUST-02625,No,2025-06-01,train
CUST-02626,Yes,2025-06-01,train
CUST-02627,No,2025-06-01,train
CUST-02628,No,2025-06-01,train
CUST-02629,No,2025-06-01,train
CUST-02630,No,2025-06-01,train
CUST-02631,Yes,2025-06-01,train
CUST-02632,No,2025-06-01,train
CUST-02633,No,2025-06-01,test
CUST-02634,No,2025-06-01,train
CUST-02635,Yes,2025-06-01,train
CUST-02636,Yes,2025-06-01,train
CUST-02637,No,2025-06-01,train
CUST-02638,No,2025-06-01,train
CUST-02639,No,2025-06-01,val
CUST-02640,No,2025-06-01,train
CUST-02641,No,2025-06-01,val
CUST-02642,No,2025-06-01,val
CUST-02643,No,2025-06-01,train
CUST-02644,No,2025-06-01,test
CUST-02645,No,2025-06-01,train
CUST-02646,No,2025-06-01,test
CUST-02647,Yes,2025-06-01,val
CUST-02648,No,2025-06-01,val
CUST-02649,Yes,2025-06-01,train
CUST-02650,Yes,2025-06-01,val
CUST-02651,Yes,2025-06-01,test
CUST-02652,No,2025-06-01,train
CUST-02653,No,2025-06-01,val
CUST-02654,No,2025-06-01,val
CUST-02655,No,2025-06-01,train
CUST-02656,Yes,2025-06-01,test
CUST-02657,Yes,2025-06-01,train
CUST-02658,Yes,2025-06-01,train
CUST-02659,No,2025-06-01,train
CUST-02660,No,2025-06-01,train
CUST-02661,No,2025-06-01,val
CUST-02662,No,2025-06-01,train
CUST-02663,Yes,2025-06-01,train
CUST-02664,No,2025-06-01,train
CUST-02665,No,2025-06-01,train
CUST-02666,Yes,2025-06-01,val
CUST-02667,No,2025-06-01,test
CUST-02668,No,2025-06-01,train
CUST-02669,Yes,2025-06-01,train
CUST-02670,Yes,2025-06-01,train
CUST-02671,No,2025-06-01,train
CUST-02672,No,2025-06-01,train
CUST-02673,No,2025-06-01,train
CUST-02674,Yes,2025-06-01,train
CUST-02675,No,2025-06-01,train
CUST-02676,No,2025-06-01,train
CUST-02677,Yes,2025-06-01,train
CUST-02678,Yes,2025-06-01,val
CUST-02679,No,2025-06-01,val
CUST-02680,Yes,2025-06-01,train
CUST-02681,Yes,2025-06-01,val
CUST-02682,Yes,2025-06-01,test
CUST-02683,Yes,2025-06-01,train
CUST-02684,No,2025-06-01,train
CUST-02685,Yes,2025-06-01,train
CUST-02686,No,2025-06-01,val
CUST-02687,Yes,2025-06-01,train
CUST-02688,Yes,2025-06-01,train
CUST-02689,Yes,2025-06-01,train
CUST-02690,Yes,2025-06-01,train
CUST-02691,No,2025-06-01,test
CUST-02692,Yes,2025-06-01,train
CUST-02693,Yes,2025-06-01,test
CUST-02694,Yes,2025-06-01,test
CUST-02695,No,2025-06-01,test
CUST-02696,No,2025-06-01,train
CUST-02697,No,2025-06-01,val
CUST-02698,No,2025-06-01,train
CUST-02699,No,2025-06-01,train
CUST-02700,No,2025-06-01,test
CUST-02701,No,2025-06-01,train
CUST-02702,No,2025-06-01,train
CUST-02703,Yes,2025-06-01,train
CUST-02704,No,2025-06-01,val
CUST-02705,No,2025-06-01,val
CUST-02706,No,2025-06-01,train
CUST-02707,No,2025-06-01,test
CUST-02708,No,2025-06-01,train
CUST-02709,No,2025-06-01,train
CUST-02710,Yes,2025-06-01,train
CUST-02711,Yes,2025-06-01,test
CUST-02712,No,2025-06-01,train
CUST-02713,Yes,2025-06-01,train
CUST-02714,No,2025-06-01,train
CUST-02715,No,2025-06-01,test
CUST-02716,No,2025-06-01,train
CUST-02717,Yes,2025-06-01,train
CUST-02718,No,2025-06-01,test
CUST-02719,No,2025-06-01,train
CUST-02720,Yes,2025-06-01,train
CUST-02721,No,2025-06-01,train
CUST-02722,Yes,2025-06-01,val
CUST-02723,No,2025-06-01,train
CUST-02724,No,2025-06-01,train
CUST-02725,No,2025-06-01,train
CUST-02726,No,2025-06-01,val
CUST-02727,No,2025-06-01,val
CUST-02728,Yes,2025-06-01,train
CUST-02729,No,2025-06-01,train
CUST-02730,Yes,2025-06-01,test
CUST-02731,No,2025-06-01,train
CUST-02732,No,2025-06-01,train
CUST-02733,Yes,2025-06-01,train
CUST-02734,No,2025-06-01,train
CUST-02735,No,2025-06-01,train
CUST-02736,No,2025-06-01,train
CUST-02737,No,2025-06-01,train
CUST-02738,No,2025-06-01,train
CUST-02739,No,2025-06-01,val
CUST-02740,No,2025-06-01,train
CUST-02741,No,2025-06-01,train
CUST-02742,No,2025-06-01,val
CUST-02743,No,2025-06-01,train
CUST-02744,Yes,2025-06-01,val
CUST-02745,No,2025-06-01,train
CUST-02746,Yes,2025-06-01,val
CUST-02747,No,2025-06-01,train
CUST-02748,No,2025-06-01,train
CUST-02749,No,2025-06-01,train
CUST-02750,No,2025-06-01,train
CUST-02751,Yes,2025-06-01,train
CUST-02752,No,2025-06-01,val
CUST-02753,Yes,2025-06-01,val
CUST-02754,Yes,2025-06-01,train
CUST-02755,No,2025-06-01,test
CUST-02756,No,2025-06-01,val
CUST-02757,Yes,2025-06-01,test
CUST-02758,Yes,2025-06-01,train
CUST-02759,No,2025-06-01,train
CUST-02760,No,2025-06-01,train
CUST-02761,Yes,2025-06-01,train
CUST-02762,Yes,2025-06-01,test
CUST-02763,Yes,2025-06-01,train
CUST-02764,Yes,2025-06-01,train
CUST-02765,No,2025-06-01,train
CUST-02766,No,2025-06-01,test
CUST-02767,Yes,2025-06-01,train
CUST-02768,No,2025-06-01,train
CUST-02769,Yes,2025-06-01,val
CUST-02770,No,2025-06-01,test
CUST-02771,Yes,2025-06-01,train
CUST-02772,Yes,2025-06-01,val
CUST-02773,Yes,2025-06-01,test
CUST-02774,Yes,2025-06-01,train
CUST-02775,No,2025-06-01,val
CUST-02776,Yes,2025-06-01,train
CUST-02777,Yes,2025-06-01,train
CUST-02778,No,2025-06-01,train
CUST-02779,No,2025-06-01,train
CUST-02780,No,2025-06-01,train
CUST-02781,Yes,2025-06-01,train
CUST-02782,No,2025-06-01,train
CUST-02783,No,2025-06-01,train
CUST-02784,No,2025-06-01,train
CUST-02785,No,2025-06-01,train
CUST-02786,No,2025-06-01,train
CUST-02787,Yes,2025-06-01,train
CUST-02788,No,2025-06-01,train
CUST-02789,No,2025-06-01,test
CUST-02790,No,2025-06-01,train
CUST-02791,No,2025-06-01,val
CUST-02792,Yes,2025-06-01,train
CUST-02793,No,2025-06-01,val
CUST-02794,No,2025-06-01,test
CUST-02795,No,2025-06-01,val
CUST-02796,Yes,2025-06-01,train
CUST-02797,Yes,2025-06-01,train
CUST-02798,No,2025-06-01,train
CUST-02799,Yes,2025-06-01,train
CUST-02800,No,2025-06-01,val
CUST-02801,No,2025-06-01,test
CUST-02802,No,2025-06-01,train
CUST-02803,Yes,2025-06-01,train
CUST-02804,Yes,2025-06-01,train
CUST-02805,No,2025-06-01,train
CUST-02806,No,2025-06-01,train
CUST-02807,No,2025-06-01,train
CUST-02808,No,2025-06-01,val
CUST-02809,Yes,2025-06-01,train
CUST-02810,Yes,2025-06-01,train
CUST-02811,No,2025-06-01,train
CUST-02812,No,2025-06-01,test
CUST-02813,Yes,2025-06-01,train
CUST-02814,No,2025-06-01,train
CUST-02815,No,2025-06-01,train
CUST-02816,No,2025-06-01,train
CUST-02817,No,2025-06-01,train
CUST-02818,No,2025-06-01,train
CUST-02819,No,2025-06-01,train
CUST-02820,Yes,2025-06-01,test
CUST-02821,No,2025-06-01,train
CUST-02822,No,2025-06-01,train
CUST-02823,Yes,2025-06-01,train
CUST-02824,No,2025-06-01,test
CUST-02825,No,2025-06-01,test
CUST-02826,No,2025-06-01,val
CUST-02827,No,2025-06-01,train
CUST-02828,No,2025-06-01,train
CUST-02829,No,2025-06-01,val
CUST-02830,Yes,2025-06-01,val
CUST-02831,Yes,2025-06-01,train
CUST-02832,Yes,2025-06-01,train
CUST-02833,Yes,2025-06-01,train
CUST-02834,No,2025-06-01,val
CUST-02835,No,2025-06-01,train
CUST-02836,No,2025-06-01,train
CUST-02837,No,2025-06-01,train
CUST-02838,Yes,2025-06-01,train
CUST-02839,No,2025-06-01,train
CUST-02840,No,2025-06-01,train
CUST-02841,No,2025-06-01,val
CUST-02842,No,2025-06-01,train
CUST-02843,No,2025-06-01,train
CUST-02844,Yes,2025-06-01,train
CUST-02845,No,2025-06-01,train
CUST-02846,Yes,2025-06-01,train
CUST-02847,No,2025-06-01,train
CUST-02848,No,2025-06-01,train
CUST-02849,Yes,2025-06-01,val
CUST-02850,Yes,2025-06-01,train
CUST-02851,No,2025-06-01,train
CUST-02852,No,2025-06-01,train
CUST-02853,No,2025-06-01,val
CUST-02854,No,2025-06-01,train
CUST-02855,Yes,2025-06-01,val
CUST-02856,No,2025-06-01,test
CUST-02857,No,2025-06-01,train
CUST-02858,No,2025-06-01,train
CUST-02859,No,2025-06-01,val
CUST-02860,No,2025-06-01,train
CUST-02861,No,2025-06-01,train
CUST-02862,No,2025-06-01,train
CUST-02863,No,2025-06-01,train
CUST-02864,No,2025-06-01,train
CUST-02865,No,2025-06-01,train
CUST-02866,No,2025-06-01,train
CUST-02867,Yes,2025-06-01,train
CUST-02868,Yes,2025-06-01,train
CUST-02869,No,2025-06-01,test
CUST-02870,No,2025-06-01,train
CUST-02871,No,2025-06-01,train
CUST-02872,No,2025-06-01,train
CUST-02873,Yes,2025-06-01,train
CUST-02874,No,2025-06-01,train
CUST-02875,Yes,2025-06-01,train
CUST-02876,Yes,2025-06-01,train
CUST-02877,Yes,2025-06-01,train
CUST-02878,Yes,2025-06-01,train
CUST-02879,No,2025-06-01,train
CUST-02880,Yes,2025-06-01,train
CUST-02881,Yes,2025-06-01,train
CUST-02882,Yes,2025-06-01,train
CUST-02883,No,2025-06-01,train
CUST-02884,No,2025-06-01,train
CUST-02885,Yes,2025-06-01,train
CUST-02886,No,2025-06-01,train
CUST-02887,No,2025-06-01,train
CUST-02888,Yes,2025-06-01,test
CUST-02889,No,2025-06-01,train
CUST-02890,No,2025-06-01,train
CUST-02891,No,2025-06-01,train
CUST-02892,Yes,2025-06-01,test
CUST-02893,Yes,2025-06-01,train
CUST-02894,Yes,2025-06-01,train
CUST-02895,No,2025-06-01,test
CUST-02896,No,2025-06-01,train
CUST-02897,Yes,2025-06-01,test
CUST-02898,Yes,2025-06-01,train
CUST-02899,Yes,2025-06-01,train
CUST-02900,Yes,2025-06-01,train
CUST-02901,Yes,2025-06-01,train
CUST-02902,Yes,2025-06-01,test
CUST-02903,Yes,2025-06-01,train
CUST-02904,No,2025-06-01,test
CUST-02905,Yes,2025-06-01,train
CUST-02906,No,2025-06-01,train
CUST-02907,No,2025-06-01,test
CUST-02908,Yes,2025-06-01,train
CUST-02909,No,2025-06-01,test
CUST-02910,Yes,2025-06-01,train
CUST-02911,No,2025-06-01,val
CUST-02912,Yes,2025-06-01,train
CUST-02913,No,2025-06-01,train
CUST-02914,No,2025-06-01,train
CUST-02915,No,2025-06-01,train
CUST-02916,No,2025-06-01,train
CUST-02917,No,2025-06-01,train
CUST-02918,Yes,2025-06-01,test
CUST-02919,No,2025-06-01,train
CUST-02920,Yes,2025-06-01,val
CUST-02921,Yes,2025-06-01,test
CUST-02922,Yes,2025-06-01,train
CUST-02923,No,2025-06-01,train
CUST-02924,No,2025-06-01,train
CUST-02925,Yes,2025-06-01,train
CUST-02926,No,2025-06-01,train
CUST-02927,No,2025-06-01,train
CUST-02928,No,2025-06-01,train
CUST-02929,Yes,2025-06-01,train
CUST-02930,No,2025-06-01,train
CUST-02931,Yes,2025-06-01,train
CUST-02932,Yes,2025-06-01,train
CUST-02933,Yes,2025-06-01,train
CUST-02934,No,2025-06-01,test
CUST-02935,Yes,2025-06-01,train
CUST-02936,Yes,2025-06-01,train
CUST-02937,Yes,2025-06-01,train
CUST-02938,No,2025-06-01,train
CUST-02939,No,2025-06-01,train
CUST-02940,No,2025-06-01,train
CUST-02941,No,2025-06-01,test
CUST-02942,No,2025-06-01,train
CUST-02943,Yes,2025-06-01,val
CUST-02944,Yes,2025-06-01,train
CUST-02945,No,2025-06-01,train
CUST-02946,Yes,2025-06-01,train
CUST-02947,Yes,2025-06-01,train
CUST-02948,Yes,2025-06-01,val
CUST-02949,Yes,2025-06-01,test
CUST-02950,No,2025-06-01,test
CUST-02951,Yes,2025-06-01,train
CUST-02952,Yes,2025-06-01,val
CUST-02953,No,2025-06-01,train
CUST-02954,No,2025-06-01,test
CUST-02955,No,2025-06-01,train
CUST-02956,No,2025-06-01,train
CUST-02957,No,2025-06-01,train
CUST-02958,Yes,2025-06-01,train
CUST-02959,No,2025-06-01,train
CUST-02960,No,2025-06-01,test
CUST-02961,No,2025-06-01,val
CUST-02962,Yes,2025-06-01,test
CUST-02963,Yes,2025-06-01,train
CUST-02964,Yes,2025-06-01,train
CUST-02965,No,2025-06-01,train
CUST-02966,Yes,2025-06-01,train
CUST-02967,No,2025-06-01,train
CUST-02968,Yes,2025-06-01,train
CUST-02969,No,2025-06-01,train
CUST-02970,No,2025-06-01,train
CUST-02971,No,2025-06-01,train
CUST-02972,No,2025-06-01,train
CUST-02973,Yes,2025-06-01,train
CUST-02974,Yes,2025-06-01,test
CUST-02975,No,2025-06-01,train
CUST-02976,No,2025-06-01,val
CUST-02977,Yes,2025-06-01,train
CUST-02978,No,2025-06-01,val
CUST-02979,No,2025-06-01,val
CUST-02980,Yes,2025-06-01,test
CUST-02981,No,2025-06-01,train
CUST-02982,Yes,2025-06-01,train
CUST-02983,Yes,2025-06-01,train
CUST-02984,Yes,2025-06-01,train
CUST-02985,No,2025-06-01,train
CUST-02986,No,2025-06-01,train
CUST-02987,No,2025-06-01,train
CUST-02988,No,2025-06-01,train
CUST-02989,Yes,2025-06-01,train
CUST-02990,Yes,2025-06-01,train
CUST-02991,Yes,2025-06-01,val
CUST-02992,No,2025-06-01,val
CUST-02993,No,2025-06-01,train
CUST-02994,No,2025-06-01,train
CUST-02995,No,2025-06-01,train
CUST-02996,No,2025-06-01,train
CUST-02997,No,2025-06-01,train
CUST-02998,No,2025-06-01,train
CUST-02999,Yes,2025-06-01,test
CUST-03000,No,2025-06-01,train
CUST-01001,No,2025-06-01,train
CUST-01002,Yes,2025-06-01,train
CUST-01003,No,2025-06-01,train
CUST-01004,Yes,2025-06-01,train
CUST-01005,No,2025-06-01,train
CUST-01006,No,2025-06-01,train
CUST-01007,No,2025-06-01,test
CUST-01008,No,2025-06-01,train
CUST-01009,No,2025-06-01,val
CUST-01010,No,2025-06-01,train
CUST-01011,No,2025-06-01,train
CUST-01012,No,2025-06-01,train
CUST-01013,No,2025-06-01,train
CUST-01014,No,2025-06-01,test
CUST-01015,No,2025-06-01,train
CUST-01016,No,2025-06-01,train
CUST-01017,No,2025-06-01,train
CUST-01018,Yes,2025-06-01,val
CUST-01019,No,2025-06-01,train
CUST-01020,Yes,2025-06-01,train
CUST-01021,Yes,2025-06-01,test
CUST-01022,Yes,2025-06-01,val
CUST-01023,No,2025-06-01,test
CUST-01024,No,2025-06-01,train
CUST-01025,Yes,2025-06-01,train
CUST-01026,Yes,2025-06-01,train
CUST-01027,Yes,2025-06-01,test
CUST-01028,Yes,2025-06-01,train
CUST-01029,Yes,2025-06-01,val
CUST-01030,No,2025-06-01,train
CUST-01031,Yes,2025-06-01,train
CUST-01032,No,2025-06-01,val
CUST-01033,No,2025-06-01,train
CUST-01034,No,2025-06-01,test
CUST-01035,Yes,2025-06-01,train
CUST-01036,No,2025-06-01,train
CUST-01037,No,2025-06-01,train
CUST-01038,Yes,2025-06-01,train
CUST-01039,No,2025-06-01,train
CUST-01040,No,2025-06-01,train
CUST-01041,Yes,2025-06-01,train
CUST-01042,No,2025-06-01,train
CUST-01043,No,2025-06-01,train
CUST-01044,No,2025-06-01,train
CUST-01045,Yes,2025-06-01,train
CUST-01046,No,2025-06-01,train
CUST-01047,Yes,2025-06-01,train
CUST-01048,Yes,2025-06-01,val
CUST-01049,No,2025-06-01,test
CUST-01050,Yes,2025-06-01,train
CUST-01051,No,2025-06-01,train
CUST-01052,No,2025-06-01,train
CUST-01053,No,2025-06-01,train
CUST-01054,No,2025-06-01,train
CUST-01055,No,2025-06-01,train
CUST-01056,No,2025-06-01,train
CUST-01057,Yes,2025-06-01,test
CUST-01058,No,2025-06-01,train
CUST-01059,No,2025-06-01,train
CUST-01060,Yes,2025-06-01,val
CUST-01061,Yes,2025-06-01,test
CUST-01062,No,2025-06-01,train
CUST-01063,Yes,2025-06-01,train
CUST-01064,No,2025-06-01,train
CUST-01065,No,2025-06-01,train
CUST-01066,Yes,2025-06-01,test
CUST-01067,No,2025-06-01,train
CUST-01068,Yes,2025-06-01,train
CUST-01069,No,2025-06-01,train
CUST-01070,No,2025-06-01,train
CUST-01071,Yes,2025-06-01,test
CUST-01072,No,2025-06-01,train
CUST-01073,No,2025-06-01,train
CUST-01074,No,2025-06-01,test
CUST-01075,Yes,2025-06-01,test
CUST-01076,No,2025-06-01,train
CUST-01077,No,2025-06-01,train
CUST-01078,No,2025-06-01,train
CUST-01079,No,2025-06-01,train
CUST-01080,Yes,2025-06-01,train
CUST-01081,No,2025-06-01,train
CUST-01082,Yes,2025-06-01,test
CUST-01083,No,2025-06-01,test
CUST-01084,No,2025-06-01,val
CUST-01085,No,2025-06-01,test
CUST-01086,No,2025-06-01,val
CUST-01087,No,2025-06-01,val
CUST-01088,No,2025-06-01,val
CUST-01089,Yes,2025-06-01,train
CUST-01090,No,2025-06-01,train
CUST-01091,Yes,2025-06-01,train
CUST-01092,Yes,2025-06-01,train
CUST-01093,No,2025-06-01,train
CUST-01094,No,2025-06-01,train
CUST-01095,No,2025-06-01,train
CUST-01096,No,2025-06-01,train
CUST-01097,No,2025-06-01,train
CUST-01098,No,2025-06-01,val
CUST-01099,No,2025-06-01,test
CUST-01100,Yes,2025-06-01,train
CUST-01101,No,2025-06-01,train
CUST-01102,No,2025-06-01,train
CUST-01103,No,2025-06-01,val
CUST-01104,Yes,2025-06-01,val
CUST-01105,No,2025-06-01,train
CUST-01106,No,2025-06-01,val
CUST-01107,No,2025-06-01,train
CUST-01108,Yes,2025-06-01,train
CUST-01109,Yes,2025-06-01,test
CUST-01110,No,2025-06-01,train
CUST-01111,No,2025-06-01,train
CUST-01112,No,2025-06-01,train
CUST-01113,Yes,2025-06-01,train
CUST-01114,No,2025-06-01,test
CUST-01115,No,2025-06-01,test
CUST-01116,No,2025-06-01,train
CUST-01117,No,2025-06-01,train
CUST-01118,Yes,2025-06-01,val
CUST-01119,No,2025-06-01,train
CUST-01120,No,2025-06-01,test
CUST-01121,Yes,2025-06-01,train
CUST-01122,No,2025-06-01,train
CUST-01123,Yes,2025-06-01,val
CUST-01124,No,2025-06-01,train
CUST-01125,No,2025-06-01,train
CUST-01126,No,2025-06-01,train
CUST-01127,No,2025-06-01,train
CUST-01128,No,2025-06-01,train
CUST-01129,Yes,2025-06-01,train
CUST-01130,No,2025-06-01,test
CUST-01131,Yes,2025-06-01,test
CUST-01132,Yes,2025-06-01,train
CUST-01133,No,2025-06-01,train
CUST-01134,No,2025-06-01,val
CUST-01135,Yes,2025-06-01,test
CUST-01136,No,2025-06-01,train
CUST-01137,No,2025-06-01,train
CUST-01138,No,2025-06-01,train
CUST-01139,No,2025-06-01,train
CUST-01140,No,2025-06-01,train
CUST-01141,No,2025-06-01,train
CUST-01142,No,2025-06-01,val
CUST-01143,Yes,2025-06-01,val
CUST-01144,No,2025-06-01,val
CUST-01145,No,2025-06-01,train
CUST-01146,Yes,2025-06-01,train
CUST-01147,No,2025-06-01,val
CUST-01148,No,2025-06-01,val
CUST-01149,No,2025-06-01,train
CUST-01150,Yes,2025-06-01,test
CUST-01151,Yes,2025-06-01,train
CUST-01152,Yes,2025-06-01,test
CUST-01153,Yes,2025-06-01,train
CUST-01154,No,2025-06-01,train
CUST-01155,Yes,2025-06-01,train
CUST-01156,Yes,2025-06-01,train
CUST-01157,Yes,2025-06-01,train
CUST-01158,No,2025-06-01,train
CUST-01159,No,2025-06-01,train
CUST-01160,Yes,2025-06-01,val
CUST-01161,No,2025-06-01,train
CUST-01162,No,2025-06-01,train
CUST-01163,Yes,2025-06-01,val
CUST-01164,Yes,2025-06-01,train
CUST-01165,No,2025-06-01,train
CUST-01166,No,2025-06-01,test
CUST-01167,No,2025-06-01,val
CUST-01168,No,2025-06-01,train
CUST-01169,No,2025-06-01,val
CUST-01170,No,2025-06-01,train
CUST-01171,No,2025-06-01,train
CUST-01172,Yes,2025-06-01,val
CUST-01173,No,2025-06-01,train
CUST-01174,Yes,2025-06-01,val
CUST-01175,Yes,2025-06-01,train
CUST-01176,No,2025-06-01,val
CUST-01177,No,2025-06-01,train
CUST-01178,No,2025-06-01,train
CUST-01179,No,2025-06-01,train
CUST-01180,No,2025-06-01,train
CUST-01181,No,2025-06-01,val
CUST-01182,No,2025-06-01,train
CUST-01183,No,2025-06-01,train
CUST-01184,No,2025-06-01,train
CUST-01185,No,2025-06-01,train
CUST-01186,No,2025-06-01,val
CUST-01187,Yes,2025-06-01,train
CUST-01188,No,2025-06-01,test
CUST-01189,Yes,2025-06-01,train
CUST-01190,No,2025-06-01,train
CUST-01191,Yes,2025-06-01,train
CUST-01192,No,2025-06-01,train
CUST-01193,No,2025-06-01,test
CUST-01194,No,2025-06-01,test
CUST-01195,No,2025-06-01,test
CUST-01196,No,2025-06-01,train
CUST-01197,Yes,2025-06-01,train
CUST-01198,Yes,2025-06-01,train
CUST-01199,No,2025-06-01,train
CUST-01200,No,2025-06-01,val
CUST-01201,No,2025-06-01,train
CUST-01202,No,2025-06-01,train
CUST-01203,Yes,2025-06-01,val
CUST-01204,No,2025-06-01,val
CUST-01205,No,2025-06-01,train
CUST-01206,No,2025-06-01,train
CUST-01207,No,2025-06-01,train
CUST-01208,Yes,2025-06-01,train
CUST-01209,Yes,2025-06-01,train
CUST-01210,No,2025-06-01,train
CUST-01211,Yes,2025-06-01,val
CUST-01212,No,2025-06-01,val
CUST-01213,No,2025-06-01,train
CUST-01214,No,2025-06-01,train
CUST-01215,No,2025-06-01,train
CUST-01216,No,2025-06-01,train
CUST-01217,No,2025-06-01,train
CUST-01218,No,2025-06-01,train
CUST-01219,Yes,2025-06-01,train
CUST-01220,Yes,2025-06-01,train
CUST-01221,No,2025-06-01,train
CUST-01222,No,2025-06-01,train
CUST-01223,No,2025-06-01,test
CUST-01224,No,2025-06-01,train
CUST-01225,No,2025-06-01,train
CUST-01226,No,2025-06-01,test
CUST-01227,No,2025-06-01,train
CUST-01228,No,2025-06-01,train
CUST-01229,Yes,2025-06-01,test
CUST-01230,No,2025-06-01,train
CUST-01231,Yes,2025-06-01,train
CUST-01232,No,2025-06-01,train
CUST-01233,Yes,2025-06-01,train
CUST-01234,No,2025-06-01,train
CUST-01235,No,2025-06-01,train
CUST-01236,No,2025-06-01,train
CUST-01237,Yes,2025-06-01,train
CUST-01238,No,2025-06-01,train
CUST-01239,No,2025-06-01,train
CUST-01240,No,2025-06-01,train
CUST-01241,Yes,2025-06-01,test
CUST-01242,Yes,2025-06-01,train
CUST-01243,Yes,2025-06-01,train
CUST-01244,No,2025-06-01,train
CUST-01245,Yes,2025-06-01,train
CUST-01246,Yes,2025-06-01,train
CUST-01247,No,2025-06-01,train
CUST-01248,No,2025-06-01,train
CUST-01249,No,2025-06-01,test
CUST-01250,No,2025-06-01,test
CUST-01251,No,2025-06-01,train
CUST-01252,No,2025-06-01,train
CUST-01253,Yes,2025-06-01,train
CUST-01254,Yes,2025-06-01,train
CUST-01255,No,2025-06-01,train
CUST-01256,No,2025-06-01,test
CUST-01257,Yes,2025-06-01,val
CUST-01258,No,2025-06-01,val
CUST-01259,Yes,2025-06-01,train
CUST-01260,No,2025-06-01,test
CUST-01261,No,2025-06-01,train
CUST-01262,No,2025-06-01,train
CUST-01263,No,2025-06-01,train
CUST-01264,No,2025-06-01,test
CUST-01265,No,2025-06-01,train
CUST-01266,Yes,2025-06-01,val
CUST-01267,No,2025-06-01,train
CUST-01268,Yes,2025-06-01,test
CUST-01269,No,2025-06-01,train
CUST-01270,No,2025-06-01,train
CUST-01271,No,2025-06-01,test
CUST-01272,No,2025-06-01,train
CUST-01273,Yes,2025-06-01,train
CUST-01274,No,2025-06-01,train
CUST-01275,Yes,2025-06-01,train
CUST-01276,No,2025-06-01,train
CUST-01277,Yes,2025-06-01,train
CUST-01278,Yes,2025-06-01,train
CUST-01279,Yes,2025-06-01,test
CUST-01280,Yes,2025-06-01,train
CUST-01281,No,2025-06-01,train
CUST-01282,No,2025-06-01,train
CUST-01283,Yes,2025-06-01,train
CUST-01284,No,2025-06-01,train
CUST-01285,No,2025-06-01,test
CUST-01286,No,2025-06-01,test
CUST-01287,No,2025-06-01,train
CUST-01288,No,2025-06-01,train
CUST-01289,No,2025-06-01,train
CUST-01290,Yes,2025-06-01,train
CUST-01291,No,2025-06-01,train
CUST-01292,Yes,2025-06-01,train
CUST-01293,Yes,2025-06-01,train
CUST-01294,No,2025-06-01,train
CUST-01295,No,2025-06-01,train
CUST-01296,Yes,2025-06-01,train
CUST-01297,Yes,2025-06-01,train
CUST-01298,Yes,2025-06-01,train
CUST-01299,No,2025-06-01,val
CUST-01300,No,2025-06-01,train
CUST-01301,Yes,2025-06-01,train
CUST-01302,No,2025-06-01,train
CUST-01303,No,2025-06-01,val
CUST-01304,Yes,2025-06-01,train
CUST-01305,No,2025-06-01,val
CUST-01306,No,2025-06-01,test
CUST-01307,Yes,2025-06-01,train
CUST-01308,Yes,2025-06-01,train
CUST-01309,Yes,2025-06-01,train
CUST-01310,Yes,2025-06-01,test
CUST-01311,No,2025-06-01,train
CUST-01312,Yes,2025-06-01,test
CUST-01313,No,2025-06-01,train
CUST-01314,No,2025-06-01,train
CUST-01315,No,2025-06-01,train
CUST-01316,Yes,2025-06-01,train
CUST-01317,Yes,2025-06-01,train
CUST-01318,No,2025-06-01,train
CUST-01319,Yes,2025-06-01,val
CUST-01320,No,2025-06-01,test
CUST-01321,No,2025-06-01,train
CUST-01322,No,2025-06-01,train
CUST-01323,No,2025-06-01,train
CUST-01324,No,2025-06-01,val
CUST-01325,Yes,2025-06-01,train
CUST-01326,No,2025-06-01,test
CUST-01327,No,2025-06-01,train
CUST-01328,No,2025-06-01,train
CUST-01329,No,2025-06-01,train
CUST-01330,No,2025-06-01,train
CUST-01331,No,2025-06-01,val
CUST-01332,No,2025-06-01,train
CUST-01333,Yes,2025-06-01,train
CUST-01334,No,2025-06-01,test
CUST-01335,Yes,2025-06-01,test
CUST-01336,No,2025-06-01,test
CUST-01337,No,2025-06-01,train
CUST-01338,No,2025-06-01,train
CUST-01339,No,2025-06-01,test
CUST-01340,Yes,2025-06-01,train
CUST-01341,No,2025-06-01,train
CUST-01342,No,2025-06-01,val
CUST-01343,No,2025-06-01,train
CUST-01344,No,2025-06-01,train
CUST-01345,No,2025-06-01,test
CUST-01346,No,2025-06-01,train
CUST-01347,Yes,2025-06-01,train
CUST-01348,No,2025-06-01,train
CUST-01349,No,2025-06-01,train
CUST-01350,Yes,2025-06-01,train
CUST-01351,No,2025-06-01,val
CUST-01352,No,2025-06-01,val
CUST-01353,Yes,2025-06-01,train
CUST-01354,No,2025-06-01,train
CUST-01355,Yes,2025-06-01,test
CUST-01356,No,2025-06-01,train
CUST-01357,No,2025-06-01,train
CUST-01358,No,2025-06-01,train
CUST-01359,Yes,2025-06-01,train
CUST-01360,Yes,2025-06-01,train
CUST-01361,No,2025-06-01,train
CUST-01362,Yes,2025-06-01,train
CUST-01363,Yes,2025-06-01,train
CUST-01364,No,2025-06-01,train
CUST-01365,No,2025-06-01,train
CUST-01366,No,2025-06-01,train
CUST-01367,Yes,2025-06-01,train
CUST-01368,Yes,2025-06-01,train
CUST-01369,Yes,2025-06-01,train
CUST-01370,Yes,2025-06-01,train
CUST-01371,No,2025-06-01,train
CUST-01372,No,2025-06-01,test
CUST-01373,No,2025-06-01,train
CUST-01374,No,2025-06-01,val
CUST-01375,Yes,2025-06-01,test
CUST-01376,No,2025-06-01,train
CUST-01377,No,2025-06-01,train
CUST-01378,Yes,2025-06-01,test
CUST-01379,No,2025-06-01,train
CUST-01380,No,2025-06-01,train
CUST-01381,No,2025-06-01,train
CUST-01382,No,2025-06-01,train
CUST-01383,Yes,2025-06-01,train
CUST-01384,No,2025-06-01,test
CUST-01385,Yes,2025-06-01,test
CUST-01386,No,2025-06-01,train
CUST-01387,Yes,2025-06-01,val
CUST-01388,Yes,2025-06-01,train
CUST-01389,No,2025-06-01,test
CUST-01390,No,2025-06-01,train
CUST-01391,No,2025-06-01,test
CUST-01392,Yes,2025-06-01,val
CUST-01393,No,2025-06-01,train
CUST-01394,Yes,2025-06-01,train
CUST-01395,No,2025-06-01,val
CUST-01396,No,2025-06-01,train
CUST-01397,No,2025-06-01,train
CUST-01398,Yes,2025-06-01,test
CUST-01399,No,2025-06-01,train
CUST-01400,No,2025-06-01,train
CUST-01401,No,2025-06-01,train
CUST-01402,No,2025-06-01,train
CUST-01403,No,2025-06-01,test
CUST-01404,No,2025-06-01,train
CUST-01405,No,2025-06-01,train
CUST-01406,No,2025-06-01,train
CUST-01407,No,2025-06-01,test
CUST-01408,No,2025-06-01,train
CUST-01409,Yes,2025-06-01,test
CUST-01410,No,2025-06-01,val
CUST-01411,Yes,2025-06-01,val
CUST-01412,No,2025-06-01,test
CUST-01413,Yes,2025-06-01,val
CUST-01414,No,2025-06-01,test
CUST-01415,No,2025-06-01,train
CUST-01416,No,2025-06-01,val
CUST-01417,Yes,2025-06-01,train
CUST-01418,No,2025-06-01,train
CUST-01419,No,2025-06-01,test
CUST-01420,Yes,2025-06-01,test
CUST-01421,Yes,2025-06-01,val
CUST-01422,No,2025-06-01,train
CUST-01423,No,2025-06-01,train
CUST-01424,No,2025-06-01,train
CUST-01425,No,2025-06-01,train
CUST-01426,No,2025-06-01,train
CUST-01427,No,2025-06-01,train
CUST-01428,No,2025-06-01,train
CUST-01429,No,2025-06-01,val
CUST-01430,Yes,2025-06-01,train
CUST-01431,Yes,2025-06-01,test
CUST-01432,No,2025-06-01,train
CUST-01433,No,2025-06-01,train
CUST-01434,No,2025-06-01,train
CUST-01435,No,2025-06-01,train
CUST-01436,No,2025-06-01,test
CUST-01437,No,2025-06-01,train
CUST-01438,No,2025-06-01,train
CUST-01439,No,2025-06-01,test
CUST-01440,Yes,2025-06-01,test
CUST-01441,No,2025-06-01,train
CUST-01442,No,2025-06-01,train
CUST-01443,No,2025-06-01,train
CUST-01444,No,2025-06-01,train
CUST-01445,No,2025-06-01,train
CUST-01446,No,2025-06-01,train
CUST-01447,Yes,2025-06-01,test
CUST-01448,No,2025-06-01,train
CUST-01449,No,2025-06-01,train
CUST-01450,Yes,2025-06-01,train
CUST-01451,No,2025-06-01,val
CUST-01452,No,2025-06-01,train
CUST-01453,No,2025-06-01,test
CUST-01454,Yes,2025-06-01,test
CUST-01455,No,2025-06-01,train
CUST-01456,No,2025-06-01,train
CUST-01457,No,2025-06-01,train
CUST-01458,No,2025-06-01,train
CUST-01459,Yes,2025-06-01,test
CUST-01460,No,2025-06-01,train
CUST-01461,No,2025-06-01,val
CUST-01462,No,2025-06-01,train
CUST-01463,Yes,2025-06-01,train
CUST-01464,Yes,2025-06-01,train
CUST-01465,No,2025-06-01,train
CUST-01466,No,2025-06-01,train
CUST-01467,No,2025-06-01,train
CUST-01468,No,2025-06-01,train
CUST-01469,No,2025-06-01,val
CUST-01470,Yes,2025-06-01,train
CUST-01471,No,2025-06-01,test
CUST-01472,No,2025-06-01,train
CUST-01473,Yes,2025-06-01,train
CUST-01474,Yes,2025-06-01,train
CUST-01475,Yes,2025-06-01,train
CUST-01476,No,2025-06-01,train
CUST-01477,No,2025-06-01,train
CUST-01478,Yes,2025-06-01,test
CUST-01479,Yes,2025-06-01,train
CUST-01480,Yes,2025-06-01,train
CUST-01481,No,2025-06-01,train
CUST-01482,No,2025-06-01,train
CUST-01483,Yes,2025-06-01,train
CUST-01484,No,2025-06-01,train
CUST-01485,Yes,2025-06-01,train
CUST-01486,No,2025-06-01,train
CUST-01487,No,2025-06-01,test
CUST-01488,No,2025-06-01,train
CUST-01489,No,2025-06-01,test
CUST-01490,No,2025-06-01,train
CUST-01491,Yes,2025-06-01,train
CUST-01492,Yes,2025-06-01,val
CUST-01493,Yes,2025-06-01,train
CUST-01494,No,2025-06-01,val
CUST-01495,Yes,2025-06-01,train
CUST-01496,No,2025-06-01,train
CUST-01497,No,2025-06-01,test
CUST-01498,No,2025-06-01,train
CUST-01499,No,2025-06-01,train
CUST-01500,Yes,2025-06-01,train
CUST-01501,Yes,2025-06-01,train
CUST-01502,No,2025-06-01,test
CUST-01503,No,2025-06-01,train
CUST-01504,No,2025-06-01,train
CUST-01505,Yes,2025-06-01,val
CUST-01506,Yes,2025-06-01,train
CUST-01507,No,2025-06-01,val
CUST-01508,No,2025-06-01,train
CUST-01509,No,2025-06-01,train
CUST-01510,No,2025-06-01,val
CUST-01511,Yes,2025-06-01,train
CUST-01512,Yes,2025-06-01,train
CUST-01513,No,2025-06-01,train
CUST-01514,No,2025-06-01,val
CUST-01515,No,2025-06-01,test
CUST-01516,No,2025-06-01,train
CUST-01517,No,2025-06-01,train
CUST-01518,No,2025-06-01,test
CUST-01519,No,2025-06-01,train
CUST-01520,Yes,2025-06-01,train
CUST-01521,No,2025-06-01,train
CUST-01522,No,2025-06-01,train
CUST-01523,Yes,2025-06-01,test
CUST-01524,No,2025-06-01,val
CUST-01525,No,2025-06-01,val
CUST-01526,No,2025-06-01,train
CUST-01527,No,2025-06-01,train
CUST-01528,No,2025-06-01,train
CUST-01529,Yes,2025-06-01,train
CUST-01530,Yes,2025-06-01,train
CUST-01531,No,2025-06-01,train
CUST-01532,Yes,2025-06-01,train
CUST-01533,No,2025-06-01,train
CUST-01534,No,2025-06-01,val
CUST-01535,Yes,2025-06-01,train
CUST-01536,No,2025-06-01,train
CUST-01537,No,2025-06-01,val
CUST-01538,Yes,2025-06-01,val
CUST-01539,No,2025-06-01,val
CUST-01540,Yes,2025-06-01,train
CUST-01541,No,2025-06-01,val
CUST-01542,No,2025-06-01,train
CUST-01543,No,2025-06-01,train
CUST-01544,No,2025-06-01,train
CUST-01545,No,2025-06-01,train
CUST-01546,No,2025-06-01,train
CUST-01547,No,2025-06-01,train
CUST-01548,No,2025-06-01,val
CUST-01549,No,2025-06-01,train
CUST-01550,Yes,2025-06-01,train
CUST-01551,Yes,2025-06-01,train
CUST-01552,Yes,2025-06-01,train
CUST-01553,No,2025-06-01,train
CUST-01554,No,2025-06-01,train
CUST-01555,Yes,2025-06-01,train
CUST-01556,No,2025-06-01,val
CUST-01557,Yes,2025-06-01,test
CUST-01558,No,2025-06-01,train
CUST-01559,No,2025-06-01,train
CUST-01560,Yes,2025-06-01,test
CUST-01561,Yes,2025-06-01,test
CUST-01562,Yes,2025-06-01,train
CUST-01563,Yes,2025-06-01,test
CUST-01564,No,2025-06-01,test
CUST-01565,Yes,2025-06-01,val
CUST-01566,Yes,2025-06-01,train
CUST-01567,No,2025-06-01,train
CUST-01568,No,2025-06-01,train
CUST-01569,No,2025-06-01,train
CUST-01570,Yes,2025-06-01,train
CUST-01571,No,2025-06-01,train
CUST-01572,No,2025-06-01,train
CUST-01573,No,2025-06-01,train
CUST-01574,No,2025-06-01,val
CUST-01575,No,2025-06-01,train
CUST-01576,Yes,2025-06-01,train
CUST-01577,No,2025-06-01,val
CUST-01578,No,2025-06-01,val
CUST-01579,Yes,2025-06-01,test
CUST-01580,No,2025-06-01,test
CUST-01581,No,2025-06-01,test
CUST-01582,No,2025-06-01,train
CUST-01583,Yes,2025-06-01,train
CUST-01584,No,2025-06-01,train
CUST-01585,Yes,2025-06-01,train
CUST-01586,Yes,2025-06-01,test
CUST-01587,No,2025-06-01,train
CUST-01588,No,2025-06-01,train
CUST-01589,Yes,2025-06-01,train
CUST-01590,No,2025-06-01,train
CUST-01591,Yes,2025-06-01,train
CUST-01592,Yes,2025-06-01,train
CUST-01593,No,2025-06-01,test
CUST-01594,No,2025-06-01,train
CUST-01595,No,2025-06-01,val
CUST-01596,No,2025-06-01,train
CUST-01597,No,2025-06-01,train
CUST-01598,No,2025-06-01,train
CUST-01599,Yes,2025-06-01,val
CUST-01600,Yes,2025-06-01,train
CUST-01601,Yes,2025-06-01,test
CUST-01602,No,2025-06-01,train
CUST-01603,No,2025-06-01,train
CUST-01604,No,2025-06-01,val
CUST-01605,Yes,2025-06-01,train
CUST-01606,Yes,2025-06-01,train
CUST-01607,Yes,2025-06-01,test
CUST-01608,No,2025-06-01,train
CUST-01609,No,2025-06-01,train
CUST-01610,No,2025-06-01,train
CUST-01611,Yes,2025-06-01,train
CUST-01612,No,2025-06-01,val
CUST-01613,Yes,2025-06-01,val
CUST-01614,No,2025-06-01,train
CUST-01615,Yes,2025-06-01,val
CUST-01616,No,2025-06-01,train
CUST-01617,No,2025-06-01,train
CUST-01618,No,2025-06-01,train
CUST-01619,Yes,2025-06-01,test
CUST-01620,No,2025-06-01,train
CUST-01621,No,2025-06-01,train
CUST-01622,No,2025-06-01,train
CUST-01623,Yes,2025-06-01,val
CUST-01624,Yes,2025-06-01,train
CUST-01625,No,2025-06-01,train
CUST-01626,Yes,2025-06-01,val
CUST-01627,No,2025-06-01,train
CUST-01628,No,2025-06-01,train
CUST-01629,No,2025-06-01,train
CUST-01630,Yes,2025-06-01,train
CUST-01631,Yes,2025-06-01,train
CUST-01632,No,2025-06-01,test
CUST-01633,Yes,2025-06-01,train
CUST-01634,Yes,2025-06-01,train
CUST-01635,No,2025-06-01,test
CUST-01636,Yes,2025-06-01,train
CUST-01637,Yes,2025-06-01,train
CUST-01638,No,2025-06-01,test
CUST-01639,Yes,2025-06-01,train
CUST-01640,No,2025-06-01,val
CUST-01641,No,2025-06-01,val
CUST-01642,No,2025-06-01,train
CUST-01643,No,2025-06-01,train
CUST-01644,Yes,2025-06-01,train
CUST-01645,No,2025-06-01,train
CUST-01646,No,2025-06-01,train
CUST-01647,Yes,2025-06-01,train
CUST-01648,No,2025-06-01,val
CUST-01649,No,2025-06-01,test
CUST-01650,No,2025-06-01,val
CUST-01651,No,2025-06-01,train
CUST-01652,No,2025-06-01,train
CUST-01653,No,2025-06-01,train
CUST-01654,No,2025-06-01,train
CUST-01655,No,2025-06-01,test
CUST-01656,Yes,2025-06-01,train
CUST-01657,Yes,2025-06-01,train
CUST-01658,No,2025-06-01,val
CUST-01659,Yes,2025-06-01,train
CUST-01660,No,2025-06-01,train
CUST-01661,Yes,2025-06-01,train
CUST-01662,Yes,2025-06-01,train
CUST-01663,No,2025-06-01,val
CUST-01664,Yes,2025-06-01,train
CUST-01665,No,2025-06-01,test
CUST-01666,No,2025-06-01,test
CUST-01667,Yes,2025-06-01,val
CUST-01668,Yes,2025-06-01,train
CUST-01669,No,2025-06-01,train
CUST-01670,No,2025-06-01,test
CUST-01671,No,2025-06-01,train
CUST-01672,No,2025-06-01,train
CUST-01673,Yes,2025-06-01,val
CUST-01674,Yes,2025-06-01,train
CUST-01675,Yes,2025-06-01,val
CUST-01676,No,2025-06-01,test
CUST-01677,No,2025-06-01,val
CUST-01678,No,2025-06-01,train
CUST-01679,No,2025-06-01,test
CUST-01680,Yes,2025-06-01,train
CUST-01681,No,2025-06-01,val
CUST-01682,Yes,2025-06-01,val
CUST-01683,No,2025-06-01,val
CUST-01684,No,2025-06-01,train
CUST-01685,No,2025-06-01,train
CUST-01686,Yes,2025-06-01,train
CUST-01687,No,2025-06-01,train
CUST-01688,Yes,2025-06-01,train
CUST-01689,Yes,2025-06-01,train
CUST-01690,No,2025-06-01,train
CUST-01691,Yes,2025-06-01,val
CUST-01692,No,2025-06-01,test
CUST-01693,No,2025-06-01,train
CUST-01694,Yes,2025-06-01,val
CUST-01695,No,2025-06-01,train
CUST-01696,Yes,2025-06-01,train
CUST-01697,Yes,2025-06-01,train
CUST-01698,No,2025-06-01,val
CUST-01699,No,2025-06-01,test
CUST-01700,No,2025-06-01,val
CUST-01701,No,2025-06-01,test
CUST-01702,Yes,2025-06-01,test
CUST-01703,Yes,2025-06-01,train
CUST-01704,No,2025-06-01,train
CUST-01705,No,2025-06-01,train
CUST-01706,Yes,2025-06-01,test
CUST-01707,No,2025-06-01,train
CUST-01708,No,2025-06-01,train
CUST-01709,Yes,2025-06-01,test
CUST-01710,No,2025-06-01,train
CUST-01711,No,2025-06-01,val
CUST-01712,No,2025-06-01,train
CUST-01713,No,2025-06-01,test
CUST-01714,No,2025-06-01,test
CUST-01715,No,2025-06-01,train
CUST-01716,No,2025-06-01,val
CUST-01717,Yes,2025-06-01,train
CUST-01718,No,2025-06-01,train
CUST-01719,Yes,2025-06-01,train
CUST-01720,Yes,2025-06-01,val
CUST-01721,No,2025-06-01,train
CUST-01722,Yes,2025-06-01,train
CUST-01723,No,2025-06-01,val
CUST-01724,Yes,2025-06-01,train
CUST-01725,Yes,2025-06-01,train
CUST-01726,Yes,2025-06-01,train
CUST-01727,Yes,2025-06-01,train
CUST-01728,No,2025-06-01,test
CUST-01729,No,2025-06-01,train
CUST-01730,No,2025-06-01,train
CUST-01731,No,2025-06-01,test
CUST-01732,No,2025-06-01,train
CUST-01733,No,2025-06-01,val
CUST-01734,No,2025-06-01,train
CUST-01735,No,2025-06-01,test
CUST-01736,No,2025-06-01,val
CUST-01737,Yes,2025-06-01,test
CUST-01738,No,2025-06-01,train
CUST-01739,No,2025-06-01,train
CUST-01740,No,2025-06-01,val
CUST-01741,Yes,2025-06-01,train
CUST-01742,No,2025-06-01,train
CUST-01743,No,2025-06-01,train
CUST-01744,Yes,2025-06-01,test
CUST-01745,Yes,2025-06-01,val
CUST-01746,Yes,2025-06-01,train
CUST-01747,No,2025-06-01,val
CUST-01748,No,2025-06-01,train
CUST-01749,Yes,2025-06-01,train
CUST-01750,No,2025-06-01,train
CUST-01751,No,2025-06-01,train
CUST-01752,No,2025-06-01,train
CUST-01753,No,2025-06-01,test
CUST-01754,Yes,2025-06-01,val
CUST-01755,No,2025-06-01,train
CUST-01756,Yes,2025-06-01,train
CUST-01757,No,2025-06-01,train
CUST-01758,No,2025-06-01,test
CUST-01759,Yes,2025-06-01,test
CUST-01760,No,2025-06-01,test
CUST-01761,No,2025-06-01,train
CUST-01762,Yes,2025-06-01,train
CUST-01763,No,2025-06-01,train
CUST-01764,Yes,2025-06-01,train
CUST-01765,No,2025-06-01,train
CUST-01766,No,2025-06-01,train
CUST-01767,Yes,2025-06-01,test
CUST-01768,No,2025-06-01,train
CUST-01769,No,2025-06-01,train
CUST-01770,No,2025-06-01,val
CUST-01771,No,2025-06-01,train
CUST-01772,No,2025-06-01,val
CUST-01773,Yes,2025-06-01,train
CUST-01774,No,2025-06-01,test
CUST-01775,No,2025-06-01,train
CUST-01776,No,2025-06-01,train
CUST-01777,No,2025-06-01,val
CUST-01778,Yes,2025-06-01,train
CUST-01779,No,2025-06-01,train
CUST-01780,No,2025-06-01,train
CUST-01781,No,2025-06-01,train
CUST-01782,No,2025-06-01,val
CUST-01783,No,2025-06-01,train
CUST-01784,No,2025-06-01,train
CUST-01785,Yes,2025-06-01,train
CUST-01786,Yes,2025-06-01,val
CUST-01787,Yes,2025-06-01,train
CUST-01788,No,2025-06-01,train
CUST-01789,No,2025-06-01,test
CUST-01790,No,2025-06-01,train
CUST-01791,No,2025-06-01,val
CUST-01792,No,2025-06-01,train
CUST-01793,No,2025-06-01,train
CUST-01794,Yes,2025-06-01,train
CUST-01795,No,2025-06-01,test
CUST-01796,Yes,2025-06-01,train
CUST-01797,No,2025-06-01,train
CUST-01798,Yes,2025-06-01,train
CUST-01799,No,2025-06-01,train
CUST-01800,Yes,2025-06-01,train
CUST-01801,Yes,2025-06-01,train
CUST-01802,Yes,2025-06-01,train
CUST-01803,Yes,2025-06-01,train
CUST-01804,Yes,2025-06-01,train
CUST-01805,Yes,2025-06-01,train
CUST-01806,No,2025-06-01,train
CUST-01807,No,2025-06-01,train
CUST-01808,No,2025-06-01,train
CUST-01809,Yes,2025-06-01,train
CUST-01810,No,2025-06-01,train
CUST-01811,No,2025-06-01,train
CUST-01812,No,2025-06-01,train
CUST-01813,No,2025-06-01,val
CUST-01814,No,2025-06-01,train
CUST-01815,Yes,2025-06-01,val
CUST-01816,No,2025-06-01,train
CUST-01817,No,2025-06-01,val
CUST-01818,No,2025-06-01,train
CUST-01819,Yes,2025-06-01,train
CUST-01820,No,2025-06-01,train
CUST-01821,Yes,2025-06-01,test
CUST-01822,No,2025-06-01,train
CUST-01823,No,2025-06-01,train
CUST-01824,No,2025-06-01,train
CUST-01825,No,2025-06-01,val
CUST-01826,No,2025-06-01,train
CUST-01827,No,2025-06-01,train
CUST-01828,Yes,2025-06-01,train
CUST-01829,Yes,2025-06-01,test
CUST-01830,No,2025-06-01,train
CUST-01831,Yes,2025-06-01,train
CUST-01832,No,2025-06-01,test
CUST-01833,No,2025-06-01,train
CUST-01834,No,2025-06-01,train
CUST-01835,No,2025-06-01,train
CUST-01836,Yes,2025-06-01,train
CUST-01837,Yes,2025-06-01,train
CUST-01838,No,2025-06-01,train
CUST-01839,No,2025-06-01,val
CUST-01840,Yes,2025-06-01,val
CUST-01841,Yes,2025-06-01,train
CUST-01842,No,2025-06-01,train
CUST-01843,No,2025-06-01,train
CUST-01844,No,2025-06-01,test
CUST-01845,No,2025-06-01,train
CUST-01846,Yes,2025-06-01,train
CUST-01847,No,2025-06-01,train
CUST-01848,Yes,2025-06-01,train
CUST-01849,Yes,2025-06-01,train
CUST-01850,Yes,2025-06-01,val
CUST-01851,No,2025-06-01,train
CUST-01852,No,2025-06-01,test
CUST-01853,No,2025-06-01,train
CUST-01854,Yes,2025-06-01,val
CUST-01855,Yes,2025-06-01,val
CUST-01856,No,2025-06-01,test
CUST-01857,No,2025-06-01,train
CUST-01858,No,2025-06-01,train
CUST-01859,No,2025-06-01,train
CUST-01860,No,2025-06-01,train
CUST-01861,No,2025-06-01,train
CUST-01862,No,2025-06-01,test
CUST-01863,No,2025-06-01,test
CUST-01864,Yes,2025-06-01,train
CUST-01865,No,2025-06-01,train
CUST-01866,No,2025-06-01,test
CUST-01867,No,2025-06-01,test
CUST-01868,No,2025-06-01,train
CUST-01869,No,2025-06-01,train
CUST-01870,No,2025-06-01,val
CUST-01871,No,2025-06-01,train
CUST-01872,Yes,2025-06-01,train
CUST-01873,Yes,2025-06-01,test
CUST-01874,No,2025-06-01,test
CUST-01875,Yes,2025-06-01,test
CUST-01876,Yes,2025-06-01,val
CUST-01877,No,2025-06-01,train
CUST-01878,No,2025-06-01,train
CUST-01879,No,2025-06-01,train
CUST-01880,No,2025-06-01,train
CUST-01881,Yes,2025-06-01,train
CUST-01882,No,2025-06-01,train
CUST-01883,No,2025-06-01,train
CUST-01884,Yes,2025-06-01,val
CUST-01885,No,2025-06-01,train
CUST-01886,No,2025-06-01,train
CUST-01887,No,2025-06-01,train
CUST-01888,No,2025-06-01,train
CUST-01889,Yes,2025-06-01,test
CUST-01890,No,2025-06-01,train
CUST-01891,No,2025-06-01,train
CUST-01892,No,2025-06-01,val
CUST-01893,Yes,2025-06-01,train
CUST-01894,Yes,2025-06-01,train
CUST-01895,No,2025-06-01,train
CUST-01896,No,2025-06-01,train
CUST-01897,No,2025-06-01,train
CUST-01898,No,2025-06-01,train
CUST-01899,Yes,2025-06-01,train
CUST-01900,Yes,2025-06-01,train
CUST-01901,Yes,2025-06-01,train
CUST-01902,Yes,2025-06-01,train
CUST-01903,Yes,2025-06-01,val
CUST-01904,No,2025-06-01,train
CUST-01905,No,2025-06-01,train
CUST-01906,Yes,2025-06-01,train
CUST-01907,No,2025-06-01,train
CUST-01908,No,2025-06-01,train
CUST-01909,No,2025-06-01,val
CUST-01910,Yes,2025-06-01,test
CUST-01911,No,2025-06-01,train
CUST-01912,No,2025-06-01,train
CUST-01913,No,2025-06-01,test
CUST-01914,No,2025-06-01,train
CUST-01915,No,2025-06-01,train
CUST-01916,Yes,2025-06-01,train
CUST-01917,Yes,2025-06-01,train
CUST-01918,Yes,2025-06-01,val
CUST-01919,No,2025-06-01,train
CUST-01920,Yes,2025-06-01,test
CUST-01921,No,2025-06-01,train
CUST-01922,No,2025-06-01,train
CUST-01923,No,2025-06-01,train
CUST-01924,Yes,2025-06-01,train
CUST-01925,No,2025-06-01,train
CUST-01926,No,2025-06-01,train
CUST-01927,No,2025-06-01,train
CUST-01928,No,2025-06-01,val
CUST-01929,No,2025-06-01,train
CUST-01930,Yes,2025-06-01,train
CUST-01931,No,2025-06-01,train
CUST-01932,No,2025-06-01,train
CUST-01933,No,2025-06-01,val
CUST-01934,Yes,2025-06-01,val
CUST-01935,No,2025-06-01,val
CUST-01936,No,2025-06-01,train
CUST-01937,Yes,2025-06-01,train
CUST-01938,No,2025-06-01,train
CUST-01939,No,2025-06-01,train
CUST-01940,Yes,2025-06-01,train
CUST-01941,No,2025-06-01,train
CUST-01942,No,2025-06-01,train
CUST-01943,Yes,2025-06-01,train
CUST-01944,No,2025-06-01,train
CUST-01945,No,2025-06-01,val
CUST-01946,No,2025-06-01,test
CUST-01947,Yes,2025-06-01,train
CUST-01948,No,2025-06-01,test
CUST-01949,No,2025-06-01,train
CUST-01950,No,2025-06-01,test
CUST-01951,Yes,2025-06-01,test
CUST-01952,No,2025-06-01,train
CUST-01953,No,2025-06-01,val
CUST-01954,No,2025-06-01,test
CUST-01955,No,2025-06-01,test
CUST-01956,Yes,2025-06-01,test
CUST-01957,Yes,2025-06-01,train
CUST-01958,Yes,2025-06-01,train
CUST-01959,Yes,2025-06-01,val
CUST-01960,Yes,2025-06-01,train
CUST-01961,Yes,2025-06-01,train
CUST-01962,No,2025-06-01,train
CUST-01963,Yes,2025-06-01,train
CUST-01964,No,2025-06-01,train
CUST-01965,Yes,2025-06-01,val
CUST-01966,Yes,2025-06-01,train
CUST-01967,No,2025-06-01,val
CUST-01968,No,2025-06-01,val
CUST-01969,No,2025-06-01,train
CUST-01970,No,2025-06-01,train
CUST-01971,Yes,2025-06-01,train
CUST-01972,Yes,2025-06-01,test
CUST-01973,No,2025-06-01,val
CUST-01974,No,2025-06-01,train
CUST-01975,Yes,2025-06-01,train
CUST-01976,Yes,2025-06-01,train
CUST-01977,No,2025-06-01,train
CUST-01978,Yes,2025-06-01,test
CUST-01979,No,2025-06-01,val
CUST-01980,No,2025-06-01,train
CUST-01981,Yes,2025-06-01,test
CUST-01982,No,2025-06-01,train
CUST-01983,Yes,2025-06-01,test
CUST-01984,Yes,2025-06-01,train
CUST-01985,No,2025-06-01,train
CUST-01986,No,2025-06-01,test
CUST-01987,No,2025-06-01,train
CUST-01988,No,2025-06-01,train
CUST-01989,No,2025-06-01,test
CUST-01990,No,2025-06-01,train
CUST-01991,No,2025-06-01,train
CUST-01992,No,2025-06-01,train
CUST-01993,No,2025-06-01,train
CUST-01994,Yes,2025-06-01,train
CUST-01995,No,2025-06-01,train
CUST-01996,Yes,2025-06-01,val
CUST-01997,No,2025-06-01,train
CUST-01998,No,2025-06-01,train
CUST-01999,No,2025-06-01,val
CUST-02000,No,2025-06-01,train
CUST-04001,No,2025-06-01,val
CUST-04002,No,2025-06-01,train
CUST-04003,No,2025-06-01,test
CUST-04004,Yes,2025-06-01,train
CUST-04005,Yes,2025-06-01,train
CUST-04006,Yes,2025-06-01,train
CUST-04007,Yes,2025-06-01,train
CUST-04008,Yes,2025-06-01,train
CUST-04009,No,2025-06-01,train
CUST-04010,No,2025-06-01,train
CUST-04011,No,2025-06-01,train
CUST-04012,No,2025-06-01,train
CUST-04013,No,2025-06-01,test
CUST-04014,Yes,2025-06-01,train
CUST-04015,Yes,2025-06-01,train
CUST-04016,No,2025-06-01,train
CUST-04017,No,2025-06-01,train
CUST-04018,No,2025-06-01,train
CUST-04019,Yes,2025-06-01,train
CUST-04020,No,2025-06-01,val
CUST-04021,No,2025-06-01,train
CUST-04022,No,2025-06-01,train
CUST-04023,No,2025-06-01,train
CUST-04024,No,2025-06-01,test
CUST-04025,No,2025-06-01,val
CUST-04026,No,2025-06-01,test
CUST-04027,No,2025-06-01,train
CUST-04028,No,2025-06-01,train
CUST-04029,No,2025-06-01,train
CUST-04030,Yes,2025-06-01,test
CUST-04031,Yes,2025-06-01,train
CUST-04032,Yes,2025-06-01,train
CUST-04033,No,2025-06-01,train
CUST-04034,Yes,2025-06-01,train
CUST-04035,No,2025-06-01,train
CUST-04036,No,2025-06-01,train
CUST-04037,No,2025-06-01,train
CUST-04038,Yes,2025-06-01,val
CUST-04039,No,2025-06-01,train
CUST-04040,No,2025-06-01,val
CUST-04041,No,2025-06-01,train
CUST-04042,No,2025-06-01,val
CUST-04043,Yes,2025-06-01,train
CUST-04044,Yes,2025-06-01,test
CUST-04045,No,2025-06-01,train
CUST-04046,No,2025-06-01,train
CUST-04047,Yes,2025-06-01,train
CUST-04048,No,2025-06-01,train
CUST-04049,No,2025-06-01,train
CUST-04050,No,2025-06-01,val
CUST-04051,No,2025-06-01,test
CUST-04052,No,2025-06-01,train
CUST-04053,No,2025-06-01,train
CUST-04054,No,2025-06-01,train
CUST-04055,No,2025-06-01,val
CUST-04056,No,2025-06-01,val
CUST-04057,Yes,2025-06-01,train
CUST-04058,No,2025-06-01,test
CUST-04059,Yes,2025-06-01,train
CUST-04060,Yes,2025-06-01,val
CUST-04061,No,2025-06-01,test
CUST-04062,No,2025-06-01,val
CUST-04063,No,2025-06-01,train
CUST-04064,No,2025-06-01,train
CUST-04065,No,2025-06-01,train
CUST-04066,No,2025-06-01,val
CUST-04067,No,2025-06-01,train
CUST-04068,No,2025-06-01,train
CUST-04069,Yes,2025-06-01,test
CUST-04070,No,2025-06-01,train
CUST-04071,No,2025-06-01,train
CUST-04072,No,2025-06-01,train
CUST-04073,No,2025-06-01,train
CUST-04074,Yes,2025-06-01,train
CUST-04075,No,2025-06-01,train
CUST-04076,Yes,2025-06-01,train
CUST-04077,No,2025-06-01,train
CUST-04078,No,2025-06-01,train
CUST-04079,No,2025-06-01,train
CUST-04080,Yes,2025-06-01,train
CUST-04081,No,2025-06-01,train
CUST-04082,No,2025-06-01,train
CUST-04083,No,2025-06-01,val
CUST-04084,No,2025-06-01,train
CUST-04085,Yes,2025-06-01,train
CUST-04086,Yes,2025-06-01,test
CUST-04087,No,2025-06-01,train
CUST-04088,No,2025-06-01,train
CUST-04089,No,2025-06-01,train
CUST-04090,No,2025-06-01,train
CUST-04091,Yes,2025-06-01,train
CUST-04092,Yes,2025-06-01,val
CUST-04093,No,2025-06-01,val
CUST-04094,No,2025-06-01,train
CUST-04095,No,2025-06-01,train
CUST-04096,Yes,2025-06-01,train
CUST-04097,Yes,2025-06-01,train
CUST-04098,No,2025-06-01,train
CUST-04099,No,2025-06-01,train
CUST-04100,Yes,2025-06-01,test
CUST-04101,Yes,2025-06-01,train
CUST-04102,No,2025-06-01,train
CUST-04103,No,2025-06-01,train
CUST-04104,No,2025-06-01,train
CUST-04105,No,2025-06-01,test
CUST-04106,No,2025-06-01,train
CUST-04107,Yes,2025-06-01,val
CUST-04108,No,2025-06-01,val
CUST-04109,No,2025-06-01,test
CUST-04110,Yes,2025-06-01,train
CUST-04111,No,2025-06-01,train
CUST-04112,No,2025-06-01,val
CUST-04113,No,2025-06-01,val
CUST-04114,No,2025-06-01,train
CUST-04115,Yes,2025-06-01,val
CUST-04116,Yes,2025-06-01,train
CUST-04117,Yes,2025-06-01,train
CUST-04118,No,2025-06-01,test
CUST-04119,Yes,2025-06-01,train
CUST-04120,Yes,2025-06-01,train
CUST-04121,Yes,2025-06-01,test
CUST-04122,Yes,2025-06-01,val
CUST-04123,No,2025-06-01,test
CUST-04124,No,2025-06-01,train
CUST-04125,No,2025-06-01,test
CUST-04126,No,2025-06-01,train
CUST-04127,No,2025-06-01,train
CUST-04128,No,2025-06-01,train
CUST-04129,Yes,2025-06-01,val
CUST-04130,No,2025-06-01,test
CUST-04131,No,2025-06-01,val
CUST-04132,No,2025-06-01,train
CUST-04133,Yes,2025-06-01,train
CUST-04134,Yes,2025-06-01,train
CUST-04135,No,2025-06-01,train
CUST-04136,Yes,2025-06-01,train
CUST-04137,No,2025-06-01,train
CUST-04138,No,2025-06-01,test
CUST-04139,Yes,2025-06-01,val
CUST-04140,Yes,2025-06-01,val
CUST-04141,Yes,2025-06-01,train
CUST-04142,No,2025-06-01,train
CUST-04143,No,2025-06-01,train
CUST-04144,No,2025-06-01,train
CUST-04145,No,2025-06-01,train
CUST-04146,Yes,2025-06-01,train
CUST-04147,No,2025-06-01,train
CUST-04148,No,2025-06-01,train
CUST-04149,Yes,2025-06-01,train
CUST-04150,No,2025-06-01,train
CUST-04151,Yes,2025-06-01,train
CUST-04152,No,2025-06-01,train
CUST-04153,No,2025-06-01,train
CUST-04154,No,2025-06-01,train
CUST-04155,No,2025-06-01,train
CUST-04156,No,2025-06-01,train
CUST-04157,No,2025-06-01,test
CUST-04158,No,2025-06-01,train
CUST-04159,No,2025-06-01,train
CUST-04160,No,2025-06-01,train
CUST-04161,Yes,2025-06-01,train
CUST-04162,No,2025-06-01,train
CUST-04163,No,2025-06-01,test
CUST-04164,Yes,2025-06-01,train
CUST-04165,Yes,2025-06-01,train
CUST-04166,Yes,2025-06-01,train
CUST-04167,No,2025-06-01,train
CUST-04168,No,2025-06-01,train
CUST-04169,No,2025-06-01,train
CUST-04170,No,2025-06-01,train
CUST-04171,No,2025-06-01,test
CUST-04172,Yes,2025-06-01,val
CUST-04173,Yes,2025-06-01,test
CUST-04174,Yes,2025-06-01,train
CUST-04175,No,2025-06-01,val
CUST-04176,No,2025-06-01,train
CUST-04177,No,2025-06-01,train
CUST-04178,Yes,2025-06-01,test
CUST-04179,Yes,2025-06-01,train
CUST-04180,Yes,2025-06-01,test
CUST-04181,No,2025-06-01,val
CUST-04182,Yes,2025-06-01,train
CUST-04183,No,2025-06-01,train
CUST-04184,No,2025-06-01,train
CUST-04185,No,2025-06-01,test
CUST-04186,No,2025-06-01,val
CUST-04187,No,2025-06-01,train
CUST-04188,Yes,2025-06-01,train
CUST-04189,Yes,2025-06-01,train
CUST-04190,Yes,2025-06-01,train
CUST-04191,No,2025-06-01,train
CUST-04192,Yes,2025-06-01,val
CUST-04193,No,2025-06-01,train
CUST-04194,Yes,2025-06-01,val
CUST-04195,Yes,2025-06-01,train
CUST-04196,No,2025-06-01,train
CUST-04197,No,2025-06-01,train
CUST-04198,No,2025-06-01,test
CUST-04199,Yes,2025-06-01,train
CUST-04200,No,2025-06-01,train
CUST-04201,Yes,2025-06-01,train
CUST-04202,Yes,2025-06-01,val
CUST-04203,No,2025-06-01,train
CUST-04204,No,2025-06-01,train
CUST-04205,Yes,2025-06-01,val
CUST-04206,No,2025-06-01,val
CUST-04207,No,2025-06-01,train
CUST-04208,Yes,2025-06-01,train
CUST-04209,Yes,2025-06-01,train
CUST-04210,No,2025-06-01,train
CUST-04211,No,2025-06-01,train
CUST-04212,No,2025-06-01,train
CUST-04213,Yes,2025-06-01,train
CUST-04214,No,2025-06-01,train
CUST-04215,Yes,2025-06-01,train
CUST-04216,No,2025-06-01,train
CUST-04217,No,2025-06-01,train
CUST-04218,No,2025-06-01,train
CUST-04219,Yes,2025-06-01,test
CUST-04220,No,2025-06-01,train
CUST-04221,No,2025-06-01,train
CUST-04222,No,2025-06-01,train
CUST-04223,No,2025-06-01,train
CUST-04224,No,2025-06-01,train
CUST-04225,No,2025-06-01,train
CUST-04226,No,2025-06-01,test
CUST-04227,Yes,2025-06-01,train
CUST-04228,No,2025-06-01,train
CUST-04229,No,2025-06-01,train
CUST-04230,No,2025-06-01,train
CUST-04231,No,2025-06-01,test
CUST-04232,Yes,2025-06-01,train
CUST-04233,Yes,2025-06-01,val
CUST-04234,Yes,2025-06-01,val
CUST-04235,No,2025-06-01,train
CUST-04236,No,2025-06-01,train
CUST-04237,No,2025-06-01,train
CUST-04238,No,2025-06-01,test
CUST-04239,Yes,2025-06-01,train
CUST-04240,No,2025-06-01,train
CUST-04241,No,2025-06-01,val
CUST-04242,Yes,2025-06-01,val
CUST-04243,Yes,2025-06-01,train
CUST-04244,No,2025-06-01,train
CUST-04245,No,2025-06-01,val
CUST-04246,Yes,2025-06-01,train
CUST-04247,No,2025-06-01,test
CUST-04248,No,2025-06-01,train
CUST-04249,No,2025-06-01,train
CUST-04250,No,2025-06-01,val
CUST-04251,No,2025-06-01,train
CUST-04252,No,2025-06-01,train
CUST-04253,No,2025-06-01,train
CUST-04254,No,2025-06-01,train
CUST-04255,No,2025-06-01,val
CUST-04256,No,2025-06-01,train
CUST-04257,No,2025-06-01,train
CUST-04258,No,2025-06-01,train
CUST-04259,No,2025-06-01,test
CUST-04260,Yes,2025-06-01,train
CUST-04261,No,2025-06-01,test
CUST-04262,No,2025-06-01,test
CUST-04263,No,2025-06-01,train
CUST-04264,Yes,2025-06-01,val
CUST-04265,No,2025-06-01,train
CUST-04266,Yes,2025-06-01,train
CUST-04267,No,2025-06-01,train
CUST-04268,No,2025-06-01,val
CUST-04269,No,2025-06-01,val
CUST-04270,No,2025-06-01,val
CUST-04271,No,2025-06-01,test
CUST-04272,No,2025-06-01,train
CUST-04273,No,2025-06-01,val
CUST-04274,No,2025-06-01,test
CUST-04275,Yes,2025-06-01,train
CUST-04276,No,2025-06-01,train
CUST-04277,Yes,2025-06-01,train
CUST-04278,No,2025-06-01,test
CUST-04279,No,2025-06-01,train
CUST-04280,No,2025-06-01,val
CUST-04281,No,2025-06-01,train
CUST-04282,No,2025-06-01,train
CUST-04283,No,2025-06-01,train
CUST-04284,No,2025-06-01,train
CUST-04285,No,2025-06-01,test
CUST-04286,No,2025-06-01,train
CUST-04287,No,2025-06-01,test
CUST-04288,No,2025-06-01,train
CUST-04289,No,2025-06-01,test
CUST-04290,No,2025-06-01,train
CUST-04291,No,2025-06-01,train
CUST-04292,No,2025-06-01,train
CUST-04293,No,2025-06-01,train
CUST-04294,No,2025-06-01,train
CUST-04295,No,2025-06-01,val
CUST-04296,Yes,2025-06-01,train
CUST-04297,Yes,2025-06-01,train
CUST-04298,No,2025-06-01,train
CUST-04299,No,2025-06-01,train
CUST-04300,Yes,2025-06-01,train
CUST-04301,Yes,2025-06-01,train
CUST-04302,No,2025-06-01,val
CUST-04303,Yes,2025-06-01,test
CUST-04304,No,2025-06-01,train
CUST-04305,No,2025-06-01,train
CUST-04306,No,2025-06-01,train
CUST-04307,No,2025-06-01,train
CUST-04308,No,2025-06-01,train
CUST-04309,No,2025-06-01,test
CUST-04310,Yes,2025-06-01,train
CUST-04311,Yes,2025-06-01,train
CUST-04312,No,2025-06-01,val
CUST-04313,Yes,2025-06-01,train
CUST-04314,Yes,2025-06-01,val
CUST-04315,Yes,2025-06-01,train
CUST-04316,No,2025-06-01,train
CUST-04317,No,2025-06-01,test
CUST-04318,No,2025-06-01,val
CUST-04319,No,2025-06-01,test
CUST-04320,No,2025-06-01,train
CUST-04321,No,2025-06-01,val
CUST-04322,Yes,2025-06-01,train
CUST-04323,No,2025-06-01,train
CUST-04324,No,2025-06-01,train
CUST-04325,Yes,2025-06-01,train
CUST-04326,No,2025-06-01,train
CUST-04327,No,2025-06-01,train
CUST-04328,No,2025-06-01,val
CUST-04329,No,2025-06-01,val
CUST-04330,No,2025-06-01,test
CUST-04331,Yes,2025-06-01,train
CUST-04332,No,2025-06-01,test
CUST-04333,Yes,2025-06-01,train
CUST-04334,Yes,2025-06-01,train
CUST-04335,No,2025-06-01,val
CUST-04336,No,2025-06-01,train
CUST-04337,No,2025-06-01,train
CUST-04338,Yes,2025-06-01,train
CUST-04339,No,2025-06-01,train
CUST-04340,No,2025-06-01,val
CUST-04341,Yes,2025-06-01,train
CUST-04342,No,2025-06-01,train
CUST-04343,No,2025-06-01,train
CUST-04344,No,2025-06-01,train
CUST-04345,No,2025-06-01,val
CUST-04346,No,2025-06-01,test
CUST-04347,No,2025-06-01,val
CUST-04348,Yes,2025-06-01,test
CUST-04349,No,2025-06-01,train
CUST-04350,Yes,2025-06-01,val
CUST-04351,Yes,2025-06-01,train
CUST-04352,No,2025-06-01,train
CUST-04353,Yes,2025-06-01,train
CUST-04354,No,2025-06-01,train
CUST-04355,No,2025-06-01,test
CUST-04356,Yes,2025-06-01,train
CUST-04357,No,2025-06-01,test
CUST-04358,No,2025-06-01,train
CUST-04359,Yes,2025-06-01,train
CUST-04360,No,2025-06-01,val
CUST-04361,No,2025-06-01,train
CUST-04362,No,2025-06-01,train
CUST-04363,No,2025-06-01,train
CUST-04364,No,2025-06-01,test
CUST-04365,No,2025-06-01,val
CUST-04366,Yes,2025-06-01,train
CUST-04367,Yes,2025-06-01,train
CUST-04368,No,2025-06-01,train
CUST-04369,No,2025-06-01,train
CUST-04370,Yes,2025-06-01,train
CUST-04371,No,2025-06-01,train
CUST-04372,No,2025-06-01,train
CUST-04373,No,2025-06-01,train
CUST-04374,No,2025-06-01,train
CUST-04375,No,2025-06-01,train
CUST-04376,No,2025-06-01,train
CUST-04377,No,2025-06-01,val
CUST-04378,Yes,2025-06-01,train
CUST-04379,No,2025-06-01,test
CUST-04380,No,2025-06-01,train
CUST-04381,Yes,2025-06-01,train
CUST-04382,No,2025-06-01,train
CUST-04383,No,2025-06-01,train
CUST-04384,Yes,2025-06-01,train
CUST-04385,No,2025-06-01,val
CUST-04386,No,2025-06-01,test
CUST-04387,No,2025-06-01,train
CUST-04388,No,2025-06-01,train
CUST-04389,Yes,2025-06-01,val
CUST-04390,No,2025-06-01,train
CUST-04391,No,2025-06-01,train
CUST-04392,No,2025-06-01,val
CUST-04393,No,2025-06-01,train
CUST-04394,Yes,2025-06-01,train
CUST-04395,No,2025-06-01,train
CUST-04396,No,2025-06-01,train
CUST-04397,No,2025-06-01,train
CUST-04398,No,2025-06-01,val
CUST-04399,No,2025-06-01,train
CUST-04400,No,2025-06-01,val
CUST-04401,No,2025-06-01,val
CUST-04402,Yes,2025-06-01,val
CUST-04403,No,2025-06-01,train
CUST-04404,No,2025-06-01,train
CUST-04405,Yes,2025-06-01,train
CUST-04406,Yes,2025-06-01,train
CUST-04407,No,2025-06-01,test
CUST-04408,No,2025-06-01,train
CUST-04409,No,2025-06-01,test
CUST-04410,No,2025-06-01,train
CUST-04411,No,2025-06-01,train
CUST-04412,No,2025-06-01,train
CUST-04413,Yes,2025-06-01,val
CUST-04414,Yes,2025-06-01,train
CUST-04415,No,2025-06-01,train
CUST-04416,No,2025-06-01,val
CUST-04417,No,2025-06-01,train
CUST-04418,No,2025-06-01,train
CUST-04419,No,2025-06-01,train
CUST-04420,Yes,2025-06-01,train
CUST-04421,Yes,2025-06-01,train
CUST-04422,No,2025-06-01,train
CUST-04423,Yes,2025-06-01,train
CUST-04424,No,2025-06-01,train
CUST-04425,No,2025-06-01,train
CUST-04426,Yes,2025-06-01,train
CUST-04427,No,2025-06-01,train
CUST-04428,No,2025-06-01,train
CUST-04429,Yes,2025-06-01,train
CUST-04430,Yes,2025-06-01,train
CUST-04431,No,2025-06-01,train
CUST-04432,No,2025-06-01,test
CUST-04433,No,2025-06-01,val
CUST-04434,Yes,2025-06-01,train
CUST-04435,Yes,2025-06-01,train
CUST-04436,Yes,2025-06-01,train
CUST-04437,No,2025-06-01,val
CUST-04438,No,2025-06-01,train
CUST-04439,No,2025-06-01,train
CUST-04440,Yes,2025-06-01,train
CUST-04441,Yes,2025-06-01,train
CUST-04442,Yes,2025-06-01,train
CUST-04443,No,2025-06-01,test
CUST-04444,Yes,2025-06-01,test
CUST-04445,No,2025-06-01,train
CUST-04446,No,2025-06-01,train
CUST-04447,No,2025-06-01,train
CUST-04448,No,2025-06-01,train
CUST-04449,No,2025-06-01,train
CUST-04450,No,2025-06-01,train
CUST-04451,Yes,2025-06-01,val
CUST-04452,No,2025-06-01,test
CUST-04453,No,2025-06-01,train
CUST-04454,No,2025-06-01,train
CUST-04455,No,2025-06-01,train
CUST-04456,No,2025-06-01,train
CUST-04457,No,2025-06-01,train
CUST-04458,No,2025-06-01,train
CUST-04459,No,2025-06-01,train
CUST-04460,No,2025-06-01,val
CUST-04461,No,2025-06-01,train
CUST-04462,Yes,2025-06-01,train
CUST-04463,No,2025-06-01,train
CUST-04464,No,2025-06-01,test
CUST-04465,No,2025-06-01,train
CUST-04466,No,2025-06-01,train
CUST-04467,No,2025-06-01,train
CUST-04468,No,2025-06-01,train
CUST-04469,Yes,2025-06-01,test
CUST-04470,No,2025-06-01,train
CUST-04471,No,2025-06-01,test
CUST-04472,No,2025-06-01,train
CUST-04473,No,2025-06-01,train
CUST-04474,Yes,2025-06-01,train
CUST-04475,No,2025-06-01,train
CUST-04476,No,2025-06-01,train
CUST-04477,No,2025-06-01,train
CUST-04478,No,2025-06-01,train
CUST-04479,No,2025-06-01,val
CUST-04480,No,2025-06-01,test
CUST-04481,No,2025-06-01,train
CUST-04482,Yes,2025-06-01,train
CUST-04483,Yes,2025-06-01,val
CUST-04484,No,2025-06-01,train
CUST-04485,Yes,2025-06-01,test
CUST-04486,No,2025-06-01,train
CUST-04487,No,2025-06-01,val
CUST-04488,No,2025-06-01,train
CUST-04489,No,2025-06-01,train
CUST-04490,Yes,2025-06-01,train
CUST-04491,Yes,2025-06-01,train
CUST-04492,No,2025-06-01,test
CUST-04493,No,2025-06-01,test
CUST-04494,Yes,2025-06-01,train
CUST-04495,No,2025-06-01,train
CUST-04496,No,2025-06-01,train
CUST-04497,No,2025-06-01,train
CUST-04498,No,2025-06-01,train
CUST-04499,No,2025-06-01,test
CUST-04500,No,2025-06-01,val
CUST-04501,No,2025-06-01,train
CUST-04502,No,2025-06-01,train
CUST-04503,No,2025-06-01,train
CUST-04504,No,2025-06-01,train
CUST-04505,Yes,2025-06-01,train
CUST-04506,No,2025-06-01,train
CUST-04507,No,2025-06-01,train
CUST-04508,Yes,2025-06-01,train
CUST-04509,No,2025-06-01,val
CUST-04510,No,2025-06-01,train
CUST-04511,Yes,2025-06-01,train
CUST-04512,No,2025-06-01,train
CUST-04513,Yes,2025-06-01,test
CUST-04514,No,2025-06-01,train
CUST-04515,No,2025-06-01,train
CUST-04516,No,2025-06-01,train
CUST-04517,No,2025-06-01,train
CUST-04518,No,2025-06-01,train
CUST-04519,No,2025-06-01,val
CUST-04520,No,2025-06-01,train
CUST-04521,No,2025-06-01,train
CUST-04522,No,2025-06-01,train
CUST-04523,No,2025-06-01,val
CUST-04524,No,2025-06-01,test
CUST-04525,No,2025-06-01,val
CUST-04526,No,2025-06-01,train
CUST-04527,Yes,2025-06-01,val
CUST-04528,No,2025-06-01,train
CUST-04529,No,2025-06-01,train
CUST-04530,No,2025-06-01,train
CUST-04531,No,2025-06-01,val
CUST-04532,No,2025-06-01,train
CUST-04533,Yes,2025-06-01,train
CUST-04534,No,2025-06-01,train
CUST-04535,No,2025-06-01,train
CUST-04536,No,2025-06-01,train
CUST-04537,Yes,2025-06-01,train
CUST-04538,No,2025-06-01,test
CUST-04539,No,2025-06-01,train
CUST-04540,Yes,2025-06-01,train
CUST-04541,Yes,2025-06-01,train
CUST-04542,No,2025-06-01,train
CUST-04543,No,2025-06-01,test
CUST-04544,No,2025-06-01,train
CUST-04545,Yes,2025-06-01,train
CUST-04546,No,2025-06-01,train
CUST-04547,Yes,2025-06-01,test
CUST-04548,Yes,2025-06-01,train
CUST-04549,Yes,2025-06-01,val
CUST-04550,No,2025-06-01,train
CUST-04551,Yes,2025-06-01,train
CUST-04552,No,2025-06-01,train
CUST-04553,Yes,2025-06-01,train
CUST-04554,Yes,2025-06-01,train
CUST-04555,Yes,2025-06-01,train
CUST-04556,No,2025-06-01,val
CUST-04557,No,2025-06-01,val
CUST-04558,No,2025-06-01,val
CUST-04559,Yes,2025-06-01,train
CUST-04560,No,2025-06-01,val
CUST-04561,No,2025-06-01,test
CUST-04562,No,2025-06-01,train
CUST-04563,Yes,2025-06-01,train
CUST-04564,No,2025-06-01,val
CUST-04565,No,2025-06-01,train
CUST-04566,Yes,2025-06-01,train
CUST-04567,Yes,2025-06-01,val
CUST-04568,Yes,2025-06-01,train
CUST-04569,Yes,2025-06-01,train
CUST-04570,Yes,2025-06-01,train
CUST-04571,Yes,2025-06-01,train
CUST-04572,Yes,2025-06-01,test
CUST-04573,No,2025-06-01,train
CUST-04574,No,2025-06-01,train
CUST-04575,No,2025-06-01,val
CUST-04576,No,2025-06-01,train
CUST-04577,Yes,2025-06-01,val
CUST-04578,No,2025-06-01,train
CUST-04579,No,2025-06-01,train
CUST-04580,Yes,2025-06-01,train
CUST-04581,Yes,2025-06-01,train
CUST-04582,Yes,2025-06-01,val
CUST-04583,Yes,2025-06-01,val
CUST-04584,Yes,2025-06-01,test
CUST-04585,No,2025-06-01,train
CUST-04586,No,2025-06-01,val
CUST-04587,No,2025-06-01,train
CUST-04588,No,2025-06-01,test
CUST-04589,Yes,2025-06-01,train
CUST-04590,No,2025-06-01,test
CUST-04591,No,2025-06-01,train
CUST-04592,No,2025-06-01,train
CUST-04593,Yes,2025-06-01,val
CUST-04594,Yes,2025-06-01,train
CUST-04595,Yes,2025-06-01,train
CUST-04596,No,2025-06-01,test
CUST-04597,Yes,2025-06-01,train
CUST-04598,No,2025-06-01,train
CUST-04599,Yes,2025-06-01,train
CUST-04600,No,2025-06-01,train
CUST-04601,Yes,2025-06-01,train
CUST-04602,No,2025-06-01,test
CUST-04603,Yes,2025-06-01,test
CUST-04604,No,2025-06-01,train
CUST-04605,No,2025-06-01,train
CUST-04606,No,2025-06-01,train
CUST-04607,Yes,2025-06-01,test
CUST-04608,Yes,2025-06-01,train
CUST-04609,Yes,2025-06-01,train
CUST-04610,No,2025-06-01,test
CUST-04611,No,2025-06-01,test
CUST-04612,Yes,2025-06-01,train
CUST-04613,No,2025-06-01,train
CUST-04614,Yes,2025-06-01,train
CUST-04615,No,2025-06-01,train
CUST-04616,No,2025-06-01,train
CUST-04617,Yes,2025-06-01,train
CUST-04618,No,2025-06-01,train
CUST-04619,Yes,2025-06-01,train
CUST-04620,No,2025-06-01,train
CUST-04621,No,2025-06-01,train
CUST-04622,No,2025-06-01,test
CUST-04623,No,2025-06-01,train
CUST-04624,Yes,2025-06-01,test
CUST-04625,No,2025-06-01,train
CUST-04626,Yes,2025-06-01,train
CUST-04627,Yes,2025-06-01,val
CUST-04628,No,2025-06-01,train
CUST-04629,No,2025-06-01,train
CUST-04630,No,2025-06-01,train
CUST-04631,No,2025-06-01,train
CUST-04632,Yes,2025-06-01,train
CUST-04633,Yes,2025-06-01,train
CUST-04634,Yes,2025-06-01,train
CUST-04635,No,2025-06-01,train
CUST-04636,Yes,2025-06-01,train
CUST-04637,Yes,2025-06-01,train
CUST-04638,No,2025-06-01,train
CUST-04639,No,2025-06-01,train
CUST-04640,Yes,2025-06-01,train
CUST-04641,No,2025-06-01,train
CUST-04642,No,2025-06-01,train
CUST-04643,No,2025-06-01,train
CUST-04644,No,2025-06-01,train
CUST-04645,No,2025-06-01,train
CUST-04646,Yes,2025-06-01,test
CUST-04647,No,2025-06-01,test
CUST-04648,No,2025-06-01,train
CUST-04649,Yes,2025-06-01,train
CUST-04650,Yes,2025-06-01,train
CUST-04651,No,2025-06-01,val
CUST-04652,Yes,2025-06-01,val
CUST-04653,No,2025-06-01,train
CUST-04654,No,2025-06-01,train
CUST-04655,No,2025-06-01,train
CUST-04656,No,2025-06-01,test
CUST-04657,Yes,2025-06-01,test
CUST-04658,No,2025-06-01,train
CUST-04659,No,2025-06-01,train
CUST-04660,No,2025-06-01,train
CUST-04661,No,2025-06-01,train
CUST-04662,No,2025-06-01,test
CUST-04663,No,2025-06-01,train
CUST-04664,No,2025-06-01,train
CUST-04665,No,2025-06-01,train
CUST-04666,Yes,2025-06-01,train
CUST-04667,No,2025-06-01,val
CUST-04668,No,2025-06-01,train
CUST-04669,No,2025-06-01,test
CUST-04670,Yes,2025-06-01,train
CUST-04671,Yes,2025-06-01,train
CUST-04672,No,2025-06-01,train
CUST-04673,No,2025-06-01,train
CUST-04674,No,2025-06-01,train
CUST-04675,No,2025-06-01,train
CUST-04676,Yes,2025-06-01,train
CUST-04677,Yes,2025-06-01,train
CUST-04678,No,2025-06-01,train
CUST-04679,No,2025-06-01,train
CUST-04680,No,2025-06-01,test
CUST-04681,No,2025-06-01,test
CUST-04682,No,2025-06-01,train
CUST-04683,No,2025-06-01,val
CUST-04684,No,2025-06-01,val
CUST-04685,No,2025-06-01,test
CUST-04686,No,2025-06-01,train
CUST-04687,No,2025-06-01,train
CUST-04688,No,2025-06-01,train
CUST-04689,No,2025-06-01,test
CUST-04690,No,2025-06-01,val
CUST-04691,No,2025-06-01,train
CUST-04692,No,2025-06-01,train
CUST-04693,No,2025-06-01,val
CUST-04694,No,2025-06-01,test
CUST-04695,Yes,2025-06-01,train
CUST-04696,Yes,2025-06-01,train
CUST-04697,Yes,2025-06-01,train
CUST-04698,No,2025-06-01,train
CUST-04699,Yes,2025-06-01,train
CUST-04700,No,2025-06-01,val
CUST-04701,Yes,2025-06-01,test
CUST-04702,Yes,2025-06-01,train
CUST-04703,No,2025-06-01,train
CUST-04704,Yes,2025-06-01,train
CUST-04705,No,2025-06-01,train
CUST-04706,Yes,2025-06-01,train
CUST-04707,No,2025-06-01,train
CUST-04708,No,2025-06-01,train
CUST-04709,No,2025-06-01,train
CUST-04710,No,2025-06-01,train
CUST-04711,No,2025-06-01,val
CUST-04712,No,2025-06-01,train
CUST-04713,No,2025-06-01,train
CUST-04714,No,2025-06-01,test
CUST-04715,No,2025-06-01,train
CUST-04716,No,2025-06-01,train
CUST-04717,No,2025-06-01,train
CUST-04718,No,2025-06-01,train
CUST-04719,No,2025-06-01,train
CUST-04720,Yes,2025-06-01,train
CUST-04721,No,2025-06-01,train
CUST-04722,No,2025-06-01,train
CUST-04723,No,2025-06-01,train
CUST-04724,No,2025-06-01,train
CUST-04725,Yes,2025-06-01,train
CUST-04726,No,2025-06-01,train
CUST-04727,Yes,2025-06-01,val
CUST-04728,No,2025-06-01,train
CUST-04729,Yes,2025-06-01,train
CUST-04730,No,2025-06-01,train
CUST-04731,No,2025-06-01,train
CUST-04732,No,2025-06-01,test
CUST-04733,No,2025-06-01,train
CUST-04734,No,2025-06-01,train
CUST-04735,No,2025-06-01,test
CUST-04736,Yes,2025-06-01,val
CUST-04737,Yes,2025-06-01,train
CUST-04738,No,2025-06-01,train
CUST-04739,No,2025-06-01,train
CUST-04740,Yes,2025-06-01,train
CUST-04741,No,2025-06-01,train
CUST-04742,No,2025-06-01,train
CUST-04743,No,2025-06-01,val
CUST-04744,No,2025-06-01,train
CUST-04745,No,2025-06-01,train
CUST-04746,Yes,2025-06-01,train
CUST-04747,No,2025-06-01,train
CUST-04748,No,2025-06-01,train
CUST-04749,No,2025-06-01,test
CUST-04750,Yes,2025-06-01,train
CUST-04751,No,2025-06-01,train
CUST-04752,Yes,2025-06-01,train
CUST-04753,No,2025-06-01,train
CUST-04754,Yes,2025-06-01,train
CUST-04755,No,2025-06-01,test
CUST-04756,Yes,2025-06-01,train
CUST-04757,No,2025-06-01,train
CUST-04758,No,2025-06-01,test
CUST-04759,No,2025-06-01,train
CUST-04760,No,2025-06-01,test
CUST-04761,No,2025-06-01,train
CUST-04762,No,2025-06-01,train
CUST-04763,No,2025-06-01,test
CUST-04764,No,2025-06-01,train
CUST-04765,Yes,2025-06-01,train
CUST-04766,Yes,2025-06-01,train
CUST-04767,No,2025-06-01,train
CUST-04768,Yes,2025-06-01,train
CUST-04769,No,2025-06-01,train
CUST-04770,No,2025-06-01,val
CUST-04771,No,2025-06-01,train
CUST-04772,No,2025-06-01,train
CUST-04773,No,2025-06-01,train
CUST-04774,No,2025-06-01,train
CUST-04775,Yes,2025-06-01,train
CUST-04776,No,2025-06-01,train
CUST-04777,No,2025-06-01,train
CUST-04778,No,2025-06-01,train
CUST-04779,No,2025-06-01,train
CUST-04780,Yes,2025-06-01,train
CUST-04781,No,2025-06-01,train
CUST-04782,No,2025-06-01,test
CUST-04783,No,2025-06-01,test
CUST-04784,No,2025-06-01,train
CUST-04785,No,2025-06-01,test
CUST-04786,Yes,2025-06-01,test
CUST-04787,Yes,2025-06-01,train
CUST-04788,Yes,2025-06-01,val
CUST-04789,No,2025-06-01,train
CUST-04790,No,2025-06-01,train
CUST-04791,No,2025-06-01,train
CUST-04792,Yes,2025-06-01,train
CUST-04793,No,2025-06-01,train
CUST-04794,No,2025-06-01,test
CUST-04795,No,2025-06-01,train
CUST-04796,No,2025-06-01,train
CUST-04797,Yes,2025-06-01,train
CUST-04798,No,2025-06-01,train
CUST-04799,No,2025-06-01,val
CUST-04800,No,2025-06-01,val
CUST-04801,No,2025-06-01,train
CUST-04802,No,2025-06-01,train
CUST-04803,No,2025-06-01,train
CUST-04804,Yes,2025-06-01,train
CUST-04805,No,2025-06-01,val
CUST-04806,Yes,2025-06-01,val
CUST-04807,Yes,2025-06-01,train
CUST-04808,Yes,2025-06-01,train
CUST-04809,No,2025-06-01,train
CUST-04810,No,2025-06-01,train
CUST-04811,No,2025-06-01,train
CUST-04812,No,2025-06-01,train
CUST-04813,No,2025-06-01,train
CUST-04814,No,2025-06-01,test
CUST-04815,Yes,2025-06-01,train
CUST-04816,No,2025-06-01,train
CUST-04817,No,2025-06-01,train
CUST-04818,Yes,2025-06-01,train
CUST-04819,No,2025-06-01,train
CUST-04820,Yes,2025-06-01,train
CUST-04821,No,2025-06-01,val
CUST-04822,Yes,2025-06-01,train
CUST-04823,No,2025-06-01,train
CUST-04824,No,2025-06-01,val
CUST-04825,No,2025-06-01,train
CUST-04826,Yes,2025-06-01,train
CUST-04827,No,2025-06-01,train
CUST-04828,No,2025-06-01,train
CUST-04829,Yes,2025-06-01,val
CUST-04830,No,2025-06-01,test
CUST-04831,No,2025-06-01,train
CUST-04832,No,2025-06-01,train
CUST-04833,Yes,2025-06-01,train
CUST-04834,No,2025-06-01,val
CUST-04835,Yes,2025-06-01,train
CUST-04836,Yes,2025-06-01,val
CUST-04837,Yes,2025-06-01,train
CUST-04838,No,2025-06-01,train
CUST-04839,No,2025-06-01,train
CUST-04840,Yes,2025-06-01,train
CUST-04841,No,2025-06-01,test
CUST-04842,No,2025-06-01,train
CUST-04843,No,2025-06-01,train
CUST-04844,No,2025-06-01,train
CUST-04845,No,2025-06-01,train
CUST-04846,No,2025-06-01,train
CUST-04847,Yes,2025-06-01,train
CUST-04848,No,2025-06-01,train
CUST-04849,No,2025-06-01,train
CUST-04850,No,2025-06-01,val
CUST-04851,Yes,2025-06-01,train
CUST-04852,No,2025-06-01,val
CUST-04853,No,2025-06-01,val
CUST-04854,Yes,2025-06-01,train
CUST-04855,Yes,2025-06-01,train
CUST-04856,Yes,2025-06-01,test
CUST-04857,No,2025-06-01,train
CUST-04858,Yes,2025-06-01,train
CUST-04859,No,2025-06-01,train
CUST-04860,No,2025-06-01,train
CUST-04861,No,2025-06-01,train
CUST-04862,No,2025-06-01,test
CUST-04863,Yes,2025-06-01,train
CUST-04864,Yes,2025-06-01,val
CUST-04865,Yes,2025-06-01,train
CUST-04866,No,2025-06-01,train
CUST-04867,No,2025-06-01,train
CUST-04868,No,2025-06-01,train
CUST-04869,Yes,2025-06-01,train
CUST-04870,No,2025-06-01,train
CUST-04871,No,2025-06-01,train
CUST-04872,No,2025-06-01,train
CUST-04873,No,2025-06-01,train
CUST-04874,No,2025-06-01,train
CUST-04875,No,2025-06-01,train
CUST-04876,Yes,2025-06-01,train
CUST-04877,No,2025-06-01,train
CUST-04878,Yes,2025-06-01,train
CUST-04879,No,2025-06-01,train
CUST-04880,No,2025-06-01,train
CUST-04881,No,2025-06-01,train
CUST-04882,No,2025-06-01,train
CUST-04883,Yes,2025-06-01,train
CUST-04884,Yes,2025-06-01,train
CUST-04885,No,2025-06-01,test
CUST-04886,No,2025-06-01,val
CUST-04887,No,2025-06-01,train
CUST-04888,No,2025-06-01,train
CUST-04889,Yes,2025-06-01,train
CUST-04890,No,2025-06-01,test
CUST-04891,No,2025-06-01,train
CUST-04892,No,2025-06-01,train
CUST-04893,No,2025-06-01,train
CUST-04894,No,2025-06-01,train
CUST-04895,Yes,2025-06-01,train
CUST-04896,No,2025-06-01,train
CUST-04897,Yes,2025-06-01,train
CUST-04898,No,2025-06-01,train
CUST-04899,Yes,2025-06-01,test
CUST-04900,Yes,2025-06-01,val
CUST-04901,No,2025-06-01,train
CUST-04902,No,2025-06-01,train
CUST-04903,Yes,2025-06-01,train
CUST-04904,Yes,2025-06-01,test
CUST-04905,Yes,2025-06-01,val
CUST-04906,No,2025-06-01,train
CUST-04907,No,2025-06-01,test
CUST-04908,No,2025-06-01,train
CUST-04909,Yes,2025-06-01,train
CUST-04910,Yes,2025-06-01,train
CUST-04911,No,2025-06-01,train
CUST-04912,Yes,2025-06-01,train
CUST-04913,No,2025-06-01,train
CUST-04914,No,2025-06-01,test
CUST-04915,Yes,2025-06-01,train
CUST-04916,No,2025-06-01,val
CUST-04917,No,2025-06-01,val
CUST-04918,No,2025-06-01,train
CUST-04919,No,2025-06-01,test
CUST-04920,No,2025-06-01,train
CUST-04921,Yes,2025-06-01,train
CUST-04922,Yes,2025-06-01,train
CUST-04923,No,2025-06-01,train
CUST-04924,Yes,2025-06-01,test
CUST-04925,Yes,2025-06-01,train
CUST-04926,No,2025-06-01,train
CUST-04927,No,2025-06-01,train
CUST-04928,No,2025-06-01,train
CUST-04929,Yes,2025-06-01,val
CUST-04930,No,2025-06-01,train
CUST-04931,Yes,2025-06-01,val
CUST-04932,No,2025-06-01,train
CUST-04933,No,2025-06-01,val
CUST-04934,Yes,2025-06-01,train
CUST-04935,No,2025-06-01,train
CUST-04936,No,2025-06-01,train
CUST-04937,No,2025-06-01,train
CUST-04938,No,2025-06-01,val
CUST-04939,Yes,2025-06-01,train
CUST-04940,Yes,2025-06-01,train
CUST-04941,Yes,2025-06-01,test
CUST-04942,No,2025-06-01,train
CUST-04943,No,2025-06-01,train
CUST-04944,No,2025-06-01,test
CUST-04945,No,2025-06-01,train
CUST-04946,No,2025-06-01,val
CUST-04947,Yes,2025-06-01,train
CUST-04948,Yes,2025-06-01,val
CUST-04949,No,2025-06-01,train
CUST-04950,No,2025-06-01,train
CUST-04951,No,2025-06-01,train
CUST-04952,Yes,2025-06-01,val
CUST-04953,Yes,2025-06-01,train
CUST-04954,No,2025-06-01,test
CUST-04955,No,2025-06-01,train
CUST-04956,No,2025-06-01,train
CUST-04957,No,2025-06-01,test
CUST-04958,No,2025-06-01,train
CUST-04959,No,2025-06-01,train
CUST-04960,Yes,2025-06-01,val
CUST-04961,No,2025-06-01,train
CUST-04962,No,2025-06-01,train
CUST-04963,No,2025-06-01,train
CUST-04964,No,2025-06-01,train
CUST-04965,Yes,2025-06-01,train
CUST-04966,Yes,2025-06-01,train
CUST-04967,No,2025-06-01,train
CUST-04968,No,2025-06-01,train
CUST-04969,No,2025-06-01,train
CUST-04970,No,2025-06-01,train
CUST-04971,No,2025-06-01,train
CUST-04972,No,2025-06-01,train
CUST-04973,No,2025-06-01,train
CUST-04974,Yes,2025-06-01,test
CUST-04975,No,2025-06-01,train
CUST-04976,No,2025-06-01,train
CUST-04977,No,2025-06-01,train
CUST-04978,No,2025-06-01,train
CUST-04979,No,2025-06-01,val
CUST-04980,No,2025-06-01,test
CUST-04981,No,2025-06-01,test
CUST-04982,No,2025-06-01,train
CUST-04983,Yes,2025-06-01,train
CUST-04984,No,2025-06-01,train
CUST-04985,No,2025-06-01,train
CUST-04986,Yes,2025-06-01,train
CUST-04987,No,2025-06-01,train
CUST-04988,Yes,2025-06-01,train
CUST-04989,No,2025-06-01,test
CUST-04990,No,2025-06-01,train
CUST-04991,Yes,2025-06-01,train
CUST-04992,No,2025-06-01,test
CUST-04993,No,2025-06-01,val
CUST-04994,Yes,2025-06-01,train
CUST-04995,Yes,2025-06-01,train
CUST-04996,Yes,2025-06-01,train
CUST-04997,No,2025-06-01,train
CUST-04998,No,2025-06-01,train
CUST-04999,Yes,2025-06-01,train
CUST-05000,No,2025-06-01,train
