customer_id,name,gender,senior_citizen,age,partner,dependents,tenure_months,contract_type,monthly_charges,total_charges,payment_method,internet_service,phone_service,streaming_tv,streaming_movies,online_security,online_backup,device_protection,tech_support,paperless_billing,churn
CUST-01001,Thomas Lee,Male,0,41,Yes,No,30,One year,28.24,813.72,Credit card,No,Yes,No internet service,No internet service,No internet service,No internet service,No internet service,No internet service,Yes,No
CUST-01002,Andrew Brown,Male,1,80,No,No,3,Month-to-month,110.33,333.01,Mailed check,Fiber optic,Yes,Yes,Yes,Yes,No,No,No,No,Yes
CUST-01003,Lisa Thomas,Male,0,32,Yes,No,9,Month-to-month,100.31,864.21,Mailed check,Fiber optic,Yes,Yes,Yes,No,No,No,No,No,No
CUST-01004,Elizabeth Lopez,Male,0,40,No,No,1,Month-to-month,107.64,113.16,Electronic check,Fiber optic,Yes,No,Yes,Yes,No,Yes,No,Yes,Yes
CUST-01005,Michael Young,Female,1,79,No,No,51,Two year,93.49,4783.42,Credit card,Fiber optic,Yes,No,No,No,No,No,Yes,Yes,No
CUST-01006,Donald Ramirez,Male,1,67,No,Yes,6,One year,109.57,631.28,Bank transfer,Fiber optic,Yes,Yes,Yes,Yes,No,No,Yes,No,No
CUST-01007,Elizabeth Lewis,Female,0,52,Yes,No,10,Month-to-month,30.04,266.57,Electronic check,No,Yes,No internet service,No internet service,No internet service,No internet service,No internet service,No internet service,No,No
CUST-01008,Margaret Smith,Female,0,46,No,Yes,4,Month-to-month,86.99,374.2,Mailed check,Fiber optic,Yes,No,No,Yes,No,No,No,Yes,No
CUST-01009,Jessica Taylor,Female,0,49,No,No,6,Month-to-month,28.47,220.4,Mailed check,No,Yes,No internet service,No internet service,No internet service,No internet service,No internet service,No internet service,Yes,No
CUST-01010,Donald Taylor,Male,1,77,Yes,Yes,5,Month-to-month,118.04,544.93,Electronic check,Fiber optic,Yes,Yes,No,Yes,Yes,Yes,Yes,Yes,No
CUST-01011,Nancy Lewis,Male,0,63,No,No,7,Month-to-month,33.8,239.14,Mailed check,No,Yes,No internet service,No internet service,No internet service,No internet service,No internet service,No internet service,Yes,No
CUST-01012,James Davis,Male,0,27,Yes,No,2,Month-to-month,113.4,235.06,Electronic check,Fiber optic,Yes,Yes,Yes,No,Yes,No,No,Yes,No
CUST-01013,Joseph Davis,Female,0,21,No,No,4,Month-to-month,99.86,401.93,Credit card,Fiber optic,Yes,Yes,Yes,Yes,No,No,No,Yes,No
CUST-01014,Emily Lewis,Male,0,21,No,No,42,One year,39.17,1661.63,Mailed check,No,Yes,No internet service,No internet service,No internet service,No internet service,No internet service,No internet service,Yes,No
CUST-01015,Kimberly Sanchez,Male,1,84,Yes,Yes,49,Two year,58.05,2827.12,Electronic check,DSL,No,No,No,Yes,No,No,Yes,Yes,No
CUST-01016,Mark Robinson,Male,0,45,No,Yes,33,One year,112.63,3670.86,Bank transfer,Fiber optic,Yes,Yes,Yes,No,Yes,Yes,No,Yes,No
CUST-01017,Nancy White,Male,0,59,No,Yes,2,Month-to-month,26.43,73.08,Credit card,No,Yes,No internet service,No internet service,No internet service,No internet service,No internet service,No internet service,No,No
CUST-01018,Kimberly Flores,Male,0,25,No,No,2,Month-to-month,18.31,55.74,Credit card,No,No,No internet service,No internet service,No internet service,No internet service,No internet service,No internet service,Yes,Yes
CUST-01019,Jessica Williams,Female,1,80,No,No,5,Month-to-month,30.37,135.55,Mailed check,No,Yes,No internet service,No internet service,No internet service,No internet service,No internet service,No internet service,Yes,No
CUST-01020,Robert Anderson,Female,1,83,Yes,No,5,Month-to-month,114.66,566.55,Bank transfer,Fiber optic,Yes,Yes,Yes,Yes,No,Yes,No,Yes,Yes
CUST-01021,Donna Perez,Female,0,45,No,Yes,2,Month-to-month,121.16,291.7,Bank transfer,Fiber optic,Yes,No,No,Yes,Yes,Yes,Yes,No,Yes
CUST-01022,James Lewis,Female,0,56,Yes,No,1,Month-to-month,99.69,140.01,Mailed check,Fiber optic,Yes,Yes,No,No,No,No,Yes,No,Yes
CUST-01023,Anthony Thompson,Female,0,60,Yes,No,17,Two year,100.05,1731.33,Electronic check,Fiber optic,Yes,Yes,No,No,Yes,No,No,Yes,No
CUST-01024,Margaret Brown,Male,0,19,Yes,No,9,Month-to-month,71.82,642.67,Mailed check,DSL,Yes,No,No,Yes,Yes,No,No,No,No
CUST-01025,Christopher Lewis,Female,0,54,No,No,7,Month-to-month,37.83,292.76,Electronic check,No,Yes,No internet service,No internet service,No internet service,No internet service,No internet service,No internet service,Yes,Yes
CUST-01026,Donna Hernandez,Male,0,19,Yes,Yes,5,Month-to-month,88.79,465.45,Electronic check,DSL,Yes,Yes,Yes,No,Yes,Yes,No,Yes,Yes
CUST-01027,Matthew Miller,Male,0,50,No,No,15,Two year,82.96,1276.64,Bank transfer,Fiber optic,No,Yes,Yes,No,No,No,No,No,Yes
CUST-01028,David King,Male,0,25,No,Yes,8,Month-to-month,30.47,261.82,Credit card,No,Yes,No internet service,No internet service,No internet service,No internet service,No internet service,No internet service,Yes,Yes
CUST-01029,Michelle Moore,Male,1,83,Yes,Yes,10,Month-to-month,80.97,846.37,Credit card,Fiber optic,No,Yes,No,No,Yes,No,No,Yes,Yes
CUST-01030,Donald Perez,Female,0,55,Yes,No,15,One year,33.08,524.95,Mailed check,No,Yes,No internet service,No internet service,No internet service,No internet service,No internet service,No internet service,Yes,No
CUST-01031,Michael Thomas,Male,1,83,No,No,8,Month-to-month,113.31,864.84,Electronic check,Fiber optic,Yes,Yes,Yes,Yes,Yes,No,Yes,Yes,Yes
CUST-01032,Joshua Rodriguez,Female,0,50,Yes,No,2,Month-to-month,100.25,210.78,Electronic check,Fiber optic,Yes,No,Yes,Yes,No,No,Yes,Yes,No
CUST-01033,Michelle Taylor,Female,0,59,No,No,25,One year,70.16,1771.12,Bank transfer,Fiber optic,No,No,No,Yes,No,No,No,Yes,No
CUST-01034,James Moore,Female,0,53,Yes,No,1,Month-to-month,92.95,109.28,Mailed check,Fiber optic,Yes,Yes,Yes,No,No,No,No,Yes,No
CUST-01035,Michelle Lewis,Male,0,56,No,Yes,8,Month-to-month,72.86,575.17,Mailed check,DSL,Yes,No,No,Yes,No,No,Yes,No,Yes
CUST-01036,Lisa Allen,Female,0,40,Yes,No,9,One year,101.5,914.67,Mailed check,Fiber optic,Yes,Yes,Yes,No,No,No,No,No,No
CUST-01037,Mark Nguyen,Male,0,61,No,Yes,2,Month-to-month,81.66,197.92,Mailed check,DSL,Yes,No,Yes,No,Yes,No,Yes,No,No
CUST-01038,Susan King,Male,0,23,Yes,No,1,Month-to-month,101.26,101.26,Electronic check,Fiber optic,Yes,Yes,Yes,No,No,No,Yes,Yes,Yes
CUST-01039,Michael Sanchez,Female,1,74,Yes,No,1,Month-to-month,94.17,118.91,Mailed check,DSL,Yes,No,Yes,Yes,No,Yes,Yes,No,No
CUST-01040,Jennifer Hill,Male,0,40,No,No,10,Month-to-month,49.88,485.14,Mailed check,DSL,No,No,Yes,No,No,No,No,No,No
CUST-01041,Betty Garcia,Female,0,47,No,No,65,Two year,108.59,7080.42,Electronic check,Fiber optic,Yes,Yes,No,No,Yes,Yes,No,Yes,Yes
CUST-01042,Kimberly Ramirez,Male,0,32,Yes,No,9,Month-to-month,89.14,808.58,Bank transfer,Fiber optic,Yes,No,No,Yes,No,No,No,No,No
CUST-01043,Michelle Perez,Female,0,36,No,No,11,Month-to-month,70.35,819.81,Electronic check,DSL,Yes,No,Yes,No,No,Yes,No,Yes,No
CUST-01044,Ashley Brown,Male,0,34,Yes,No,34,Two year,73.68,2526.6,Mailed check,DSL,No,No,Yes,Yes,Yes,Yes,No,Yes,No
CUST-01045,Emily Thompson,Female,0,59,Yes,No,1,Month-to-month,76.95,98.5,Bank transfer,Fiber optic,Yes,No,No,No,No,No,No,Yes,Yes
CUST-01046,James Moore,Male,0,23,No,No,10,Month-to-month,100.44,998.22,Credit card,Fiber optic,Yes,Yes,No,Yes,No,No,No,Yes,No
CUST-01047,Paul Johnson,Male,1,65,Yes,Yes,9,Month-to-month,88.48,815.25,Electronic check,Fiber optic,Yes,No,Yes,No,No,No,No,No,Yes
CUST-01048,Barbara King,Male,1,69,Yes,No,16,One year,106.19,1680.21,Mailed check,Fiber optic,Yes,Yes,No,No,Yes,No,No,No,Yes
CUST-01049,Daniel Miller,Male,0,47,No,No,17,Two year,97.12,1601.11,Credit card,DSL,Yes,Yes,Yes,No,Yes,No,Yes,Yes,No
CUST-01050,Sarah Brown,Female,0,57,No,No,3,Month-to-month,81.98,260.69,Credit card,Fiber optic,Yes,No,No,No,No,No,No,Yes,Yes
CUST-01051,Charles Young,Male,0,20,No,Yes,9,Month-to-month,96.27,840.94,Bank transfer,DSL,Yes,Yes,No,Yes,Yes,Yes,No,Yes,No
CUST-01052,Kimberly King,Female,0,31,No,No,22,Two year,87.68,1968.35,Mailed check,Fiber optic,Yes,No,Yes,No,No,No,Yes,No,No
CUST-01053,Margaret Jackson,Female,0,32,Yes,Yes,4,Month-to-month,77.32,344.23,Electronic check,DSL,Yes,Yes,No,No,Yes,No,No,No,No
CUST-01054,Donna King,Male,0,46,No,No,1,Month-to-month,91.13,91.13,Bank transfer,DSL,Yes,Yes,No,No,Yes,Yes,No,No,No
CUST-01055,Sandra Sanchez,Female,0,35,Yes,No,20,One year,99.42,1964.73,Credit card,Fiber optic,Yes,Yes,No,No,No,Yes,Yes,Yes,No
CUST-01056,Michael Martinez,Female,0,23,No,Yes,41,One year,84.85,3525.51,Mailed check,DSL,Yes,Yes,Yes,No,No,Yes,Yes,No,No
CUST-01057,Patricia Gonzalez,Male,0,36,No,Yes,5,Month-to-month,32.12,189.48,Electronic check,No,Yes,No internet service,No internet service,No internet service,No internet service,No internet service,No internet service,Yes,Yes
CUST-01058,Elizabeth White,Female,0,45,Yes,No,45,One year,78.68,3578.48,Mailed check,Fiber optic,No,No,No,No,Yes,Yes,No,Yes,No
CUST-01059,Robert Williams,Female,0,45,Yes,No,45,One year,75.82,3405.29,Credit card,DSL,Yes,No,No,Yes,Yes,No,No,Yes,No
CUST-01060,David Perez,Female,1,73,Yes,No,20,Two year,79.3,1593.46,Bank transfer,DSL,Yes,Yes,Yes,Yes,No,No,No,No,Yes
CUST-01061,Thomas Lewis,Male,0,52,Yes,No,13,One year,83.05,1107.94,Mailed check,DSL,Yes,Yes,Yes,No,Yes,No,Yes,Yes,Yes
CUST-01062,Elizabeth Martinez,Male,1,71,No,No,1,Month-to-month,27.85,37.31,Credit card,No,No,No internet service,No internet service,No internet service,No internet service,No internet service,No internet service,No,No
CUST-01063,Robert Jones,Male,0,52,Yes,Yes,1,Month-to-month,108.7,144.1,Bank transfer,Fiber optic,Yes,No,Yes,Yes,No,Yes,Yes,Yes,Yes
CUST-01064,Sarah Thompson,Male,0,27,Yes,No,32,Two year,74.24,2358.16,Bank transfer,DSL,Yes,No,No,No,No,Yes,Yes,Yes,No
CUST-01065,Matthew Scott,Male,0,37,No,No,35,One year,35.6,1289.45,Electronic check,No,Yes,No internet service,No internet service,No internet service,No internet service,No internet service,No internet service,Yes,No
CUST-01066,John Martin,Female,0,41,No,No,5,Month-to-month,30.57,171.88,Credit card,No,Yes,No internet service,No internet service,No internet service,No internet service,No internet service,No internet service,No,Yes
CUST-01067,Sarah Moore,Male,1,69,Yes,No,14,Two year,90.2,1224.11,Bank transfer,Fiber optic,Yes,No,Yes,No,Yes,No,No,Yes,No
CUST-01068,Margaret Lewis,Female,0,60,Yes,Yes,6,Month-to-month,102.9,596.03,Electronic check,Fiber optic,Yes,No,No,Yes,Yes,No,Yes,No,Yes
CUST-01069,Andrew Scott,Male,0,44,No,Yes,5,Month-to-month,78.76,351.06,Mailed check,Fiber optic,Yes,No,Yes,No,No,No,No,No,No
CUST-01070,Barbara Wright,Male,0,49,No,Yes,2,Month-to-month,75.1,191.6,Mailed check,DSL,Yes,No,No,No,Yes,Yes,No,Yes,No
CUST-01071,Richard Gonzalez,Female,0,39,Yes,No,4,Month-to-month,94.84,357.45,Mailed check,DSL,Yes,Yes,Yes,Yes,No,No,Yes,Yes,Yes
CUST-01072,Joshua Allen,Female,1,79,Yes,Yes,24,One year,88.15,2135.66,Credit card,Fiber optic,Yes,No,No,Yes,No,Yes,No,Yes,No
CUST-01073,Daniel Walker,Female,0,44,Yes,No,63,Two year,97.58,6182.25,Electronic check,Fiber optic,Yes,Yes,No,Yes,Yes,Yes,No,No,No
CUST-01074,James Williams,Male,0,37,Yes,No,10,Month-to-month,75.2,725.76,Electronic check,DSL,Yes,No,Yes,No,No,Yes,No,Yes,No
CUST-01075,Thomas Harris,Male,0,47,No,No,1,Month-to-month,89.25,131.68,Credit card,DSL,Yes,Yes,Yes,No,No,No,Yes,No,Yes
CUST-01076,Linda Sanchez,Male,0,63,Yes,No,31,Two year,96.41,2971.09,Bank transfer,Fiber optic,Yes,Yes,No,No,No,Yes,No,No,No
CUST-01077,Donald Flores,Male,0,63,Yes,No,69,Two year,71.27,4957.86,Mailed check,DSL,Yes,No,No,No,No,Yes,No,Yes,No
CUST-01078,Linda Gonzalez,Male,0,48,No,No,60,Two year,33.5,1998.94,Mailed check,No,Yes,No internet service,No internet service,No internet service,No internet service,No internet service,No internet service,No,No
CUST-01079,Linda Young,Male,1,69,Yes,No,36,One year,111.67,4053.13,Credit card,Fiber optic,Yes,No,Yes,Yes,Yes,No,Yes,Yes,No
CUST-01080,Richard Hill,Female,0,24,No,No,7,Month-to-month,88.79,614.67,Credit card,Fiber optic,Yes,Yes,No,Yes,No,No,No,Yes,Yes
CUST-01081,Richard Allen,Female,0,28,Yes,No,1,Month-to-month,33.92,33.92,Credit card,No,Yes,No internet service,No internet service,No internet service,No internet service,No internet service,No internet service,No,No
CUST-01082,Kimberly Taylor,Female,0,62,No,No,26,Two year,92.55,2390.01,Bank transfer,Fiber optic,Yes,No,Yes,No,No,Yes,No,Yes,Yes
CUST-01083,Betty Clark,Female,1,78,Yes,No,32,Two year,92.26,2924.78,Bank transfer,DSL,Yes,Yes,No,No,No,Yes,Yes,Yes,No
CUST-01084,Paul Robinson,Female,1,83,No,Yes,60,Two year,30.41,1845.49,Credit card,No,Yes,No internet service,No internet service,No internet service,No internet service,No internet service,No internet service,Yes,No
CUST-01085,Joshua Lewis,Male,0,33,No,No,27,One year,69.33,1903.14,Credit card,DSL,Yes,Yes,No,No,No,No,No,Yes,No
CUST-01086,Anthony King,Female,0,19,Yes,No,71,Two year,95.12,6705.68,Mailed check,Fiber optic,Yes,Yes,No,No,No,No,Yes,Yes,No
CUST-01087,Steven Jackson,Male,0,36,Yes,No,48,Two year,111.65,5349.58,Credit card,Fiber optic,Yes,Yes,No,Yes,Yes,Yes,No,Yes,No
CUST-01088,Linda Hill,Male,0,18,No,Yes,71,Two year,114.94,8208.3,Credit card,Fiber optic,Yes,Yes,No,Yes,Yes,No,Yes,No,No
CUST-01089,Betty Flores,Female,1,81,No,Yes,1,Month-to-month,71.44,86.12,Mailed check,DSL,Yes,No,No,No,Yes,Yes,No,Yes,Yes
CUST-01090,Richard Lewis,Male,0,59,No,No,2,Month-to-month,47.74,50.51,Electronic check,DSL,No,No,No,No,Yes,No,No,Yes,No
CUST-01091,Paul Lopez,Female,0,23,Yes,No,1,Month-to-month,35.31,53.94,Credit card,No,Yes,No internet service,No internet service,No internet service,No internet service,No internet service,No internet service,Yes,Yes
CUST-01092,Karen Scott,Female,0,45,Yes,No,8,One year,106.11,802.95,Mailed check,Fiber optic,Yes,Yes,No,Yes,No,Yes,No,No,Yes
CUST-01093,Thomas Anderson,Female,0,50,Yes,No,3,Month-to-month,95.79,242.2,Credit card,Fiber optic,Yes,No,No,No,Yes,Yes,No,No,No
CUST-01094,John Rodriguez,Male,0,30,No,No,12,One year,95.76,1155.48,Mailed check,Fiber optic,Yes,No,Yes,No,Yes,Yes,No,No,No
CUST-01095,Lisa Ramirez,Female,0,63,Yes,No,37,Two year,85.17,3149.71,Mailed check,DSL,Yes,Yes,Yes,No,Yes,No,No,No,No
CUST-01096,Robert Walker,Female,0,18,No,No,31,One year,103.94,3236.02,Bank transfer,Fiber optic,Yes,Yes,No,Yes,Yes,No,No,No,No
CUST-01097,Jessica Ramirez,Female,0,19,Yes,No,57,Two year,75.46,4291.87,Bank transfer,DSL,Yes,No,No,Yes,No,Yes,No,No,No
CUST-01098,Kimberly Robinson,Female,0,24,No,Yes,47,One year,37.13,1711.56,Mailed check,No,Yes,No internet service,No internet service,No internet service,No internet service,No internet service,No internet service,Yes,No
CUST-01099,Steven Sanchez,Male,1,79,Yes,No,3,Month-to-month,107.27,356.75,Mailed check,Fiber optic,Yes,No,No,Yes,Yes,Yes,Yes,No,No
CUST-01100,Sarah Garcia,Female,1,72,No,Yes,5,Month-to-month,85.75,442.09,Electronic check,DSL,Yes,No,Yes,No,Yes,Yes,Yes,Yes,Yes
CUST-01101,Kimberly King,Female,0,55,No,No,22,One year,109.82,2425.41,Mailed check,Fiber optic,Yes,No,Yes,Yes,Yes,No,No,Yes,No
CUST-01102,Donna Flores,Male,0,46,Yes,Yes,8,Month-to-month,87.24,738.82,Mailed check,Fiber optic,No,Yes,No,No,No,No,Yes,Yes,No
CUST-01103,Linda Jones,Female,0,46,Yes,Yes,9,Month-to-month,110.39,1032.69,Bank transfer,Fiber optic,Yes,Yes,Yes,No,No,Yes,No,Yes,No
CUST-01104,Jessica Miller,Female,0,24,Yes,No,4,Month-to-month,98.15,425.25,Electronic check,Fiber optic,Yes,Yes,No,Yes,No,Yes,No,Yes,Yes
CUST-01105,John Williams,Male,0,63,No,Yes,8,Month-to-month,68.73,548.78,Bank transfer,DSL,Yes,No,Yes,No,No,No,No,No,No
CUST-01106,Sandra Hernandez,Female,1,82,Yes,No,8,One year,93.8,730.46,Credit card,Fiber optic,Yes,No,Yes,No,Yes,No,Yes,Yes,No
CUST-01107,Margaret White,Male,0,51,Yes,Yes,5,Month-to-month,62.59,344.21,Bank transfer,DSL,No,No,Yes,No,No,No,Yes,No,No
CUST-01108,Matthew Torres,Female,0,20,No,Yes,10,Month-to-month,63.21,660.74,Mailed check,DSL,Yes,No,No,No,No,No,No,Yes,Yes
CUST-01109,James Perez,Female,0,27,No,Yes,21,Two year,120.61,2524.41,Electronic check,Fiber optic,Yes,No,Yes,Yes,Yes,Yes,No,No,Yes
CUST-01110,Donald Lewis,Female,0,30,Yes,No,7,Month-to-month,37.4,286.21,Bank transfer,No,Yes,No internet service,No internet service,No internet service,No internet service,No internet service,No internet service,No,No
CUST-01111,James Clark,Male,0,41,No,No,5,Month-to-month,91.96,493.3,Mailed check,Fiber optic,Yes,Yes,No,No,Yes,No,No,Yes,No
CUST-01112,Lisa Perez,Female,0,42,Yes,No,3,Month-to-month,27.4,81.09,Electronic check,No,Yes,No internet service,No internet service,No internet service,No internet service,No internet service,No internet service,No,No
CUST-01113,Richard Wilson,Female,1,68,No,Yes,49,Two year,89.22,4406.27,Credit card,Fiber optic,Yes,No,No,No,No,No,Yes,Yes,Yes
CUST-01114,William Lee,Male,0,19,No,Yes,8,Month-to-month,95.03,758.36,Bank transfer,DSL,Yes,Yes,Yes,No,No,Yes,Yes,Yes,No
CUST-01115,Christopher Flores,Female,0,22,No,No,6,Month-to-month,62.88,386.39,Electronic check,DSL,Yes,No,No,No,Yes,No,No,Yes,No
CUST-01116,Michelle Harris,Female,0,29,Yes,Yes,9,Month-to-month,93.01,802.57,Mailed check,Fiber optic,Yes,No,No,No,Yes,Yes,Yes,Yes,No
CUST-01117,Michelle Johnson,Female,0,19,Yes,No,33,Two year,87.77,2907.09,Credit card,Fiber optic,Yes,Yes,No,No,No,No,No,No,No
CUST-01118,James Flores,Male,1,81,No,No,19,Two year,97.82,1862.14,Electronic check,Fiber optic,Yes,Yes,Yes,No,No,No,No,Yes,Yes
CUST-01119,Michelle Brown,Female,0,63,Yes,No,45,One year,100.55,4555.69,Electronic check,Fiber optic,No,No,Yes,No,Yes,Yes,Yes,Yes,No
CUST-01120,Kimberly Martin,Female,1,79,Yes,No,57,Two year,89.04,5124.39,Credit card,DSL,Yes,No,No,Yes,Yes,No,Yes,Yes,No
CUST-01121,Sandra Gonzalez,Male,0,35,Yes,No,1,Month-to-month,70.98,116.96,Electronic check,DSL,Yes,Yes,No,No,No,Yes,No,No,Yes
CUST-01122,Christopher Garcia,Female,0,58,No,Yes,8,Month-to-month,58.21,476.67,Mailed check,DSL,Yes,No,No,No,No,No,No,No,No
CUST-01123,Linda King,Male,1,78,Yes,No,68,Two year,82.83,5604.73,Electronic check,Fiber optic,Yes,No,No,No,Yes,No,No,No,Yes
CUST-01124,James Gonzalez,Female,0,22,Yes,No,20,Two year,37.36,723.97,Mailed check,No,Yes,No internet service,No internet service,No internet service,No internet service,No internet service,No internet service,No,No
CUST-01125,David Ramirez,Female,0,38,Yes,No,30,Two year,104.59,3119.82,Credit card,Fiber optic,Yes,No,Yes,No,Yes,Yes,No,No,No
CUST-01126,Nancy Lopez,Female,0,37,Yes,Yes,20,Two year,37.5,711.62,Mailed check,No,Yes,No internet service,No internet service,No internet service,No internet service,No internet service,No internet service,No,No
CUST-01127,Emily Allen,Male,0,21,No,No,60,Two year,36.78,2224.77,Bank transfer,No,Yes,No internet service,No internet service,No internet service,No internet service,No internet service,No internet service,No,No
CUST-01128,Susan Jones,Female,0,41,No,No,6,Month-to-month,33.51,240.04,Mailed check,No,Yes,No internet service,No internet service,No internet service,No internet service,No internet service,No internet service,No,No
CUST-01129,Jennifer Brown,Male,0,34,Yes,No,2,Month-to-month,75.37,191.46,Mailed check,Fiber optic,No,No,No,No,Yes,No,No,No,Yes
CUST-01130,Mary Allen,Male,0,48,No,No,41,Two year,35.64,1471.39,Bank transfer,No,Yes,No internet service,No internet service,No internet service,No internet service,No internet service,No internet service,Yes,No
CUST-01131,Kimberly Hernandez,Female,0,54,No,No,5,Month-to-month,86.23,446.91,Bank transfer,Fiber optic,Yes,No,Yes,Yes,No,No,No,No,Yes
CUST-01132,Joshua Wilson,Female,0,55,No,Yes,5,Month-to-month,35.08,175.72,Mailed check,No,Yes,No internet service,No internet service,No internet service,No internet service,No internet service,No internet service,No,Yes
CUST-01133,Joseph Rodriguez,Female,1,67,No,No,4,Month-to-month,114.25,499.79,Mailed check,Fiber optic,Yes,No,Yes,Yes,Yes,Yes,No,Yes,No
CUST-01134,William Flores,Male,0,59,Yes,No,1,Month-to-month,97.72,97.72,Mailed check,Fiber optic,Yes,No,Yes,No,No,No,Yes,Yes,No
CUST-01135,Paul Sanchez,Male,0,18,No,Yes,27,One year,107.37,2852.85,Electronic check,Fiber optic,Yes,Yes,No,No,Yes,No,Yes,No,Yes
CUST-01136,Charles Harris,Male,0,47,Yes,No,2,Month-to-month,31.94,31.94,Bank transfer,No,Yes,No internet service,No internet service,No internet service,No internet service,No internet service,No internet service,Yes,No
CUST-01137,Thomas Scott,Male,0,56,No,No,6,Month-to-month,33.8,247.77,Bank transfer,No,Yes,No internet service,No internet service,No internet service,No internet service,No internet service,No internet service,Yes,No
CUST-01138,Steven Harris,Female,0,55,No,No,5,Month-to-month,15.94,56.63,Electronic check,No,No,No internet service,No internet service,No internet service,No internet service,No internet service,No internet service,No,No
CUST-01139,Susan Brown,Female,0,39,No,No,10,Month-to-month,72.02,768.99,Mailed check,DSL,Yes,Yes,No,No,No,No,Yes,Yes,No
CUST-01140,Donna Ramirez,Male,0,34,Yes,No,16,Two year,34.65,579.34,Bank transfer,No,Yes,No internet service,No internet service,No internet service,No internet service,No internet service,No internet service,Yes,No
CUST-01141,William Lee,Female,0,23,No,Yes,64,Two year,90.63,5773.48,Credit card,Fiber optic,Yes,No,No,No,No,Yes,No,No,No
CUST-01142,Ashley Flores,Female,0,62,No,No,16,Two year,104.73,1666.74,Mailed check,Fiber optic,Yes,No,Yes,No,No,Yes,Yes,No,No
CUST-01143,Sarah Thompson,Male,0,55,No,No,11,Month-to-month,78.89,895.6,Bank transfer,DSL,Yes,No,Yes,No,No,Yes,No,Yes,Yes
CUST-01144,Thomas Garcia,Female,1,81,Yes,No,4,Month-to-month,75.13,286.86,Mailed check,DSL,Yes,No,No,No,Yes,No,Yes,No,No
CUST-01145,Donald Smith,Female,0,25,No,No,7,Month-to-month,30.25,173.22,Credit card,No,Yes,No internet service,No internet service,No internet service,No internet service,No internet service,No internet service,Yes,No
CUST-01146,Jennifer Perez,Female,0,55,No,Yes,30,Two year,79.95,2405.72,Mailed check,Fiber optic,Yes,No,No,No,No,No,No,Yes,Yes
CUST-01147,Robert Hill,Male,0,39,No,Yes,8,Month-to-month,83.29,678.73,Bank transfer,Fiber optic,Yes,No,No,Yes,No,No,No,Yes,No
CUST-01148,Patricia Davis,Male,0,38,Yes,Yes,26,Two year,91.47,2360.32,Mailed check,Fiber optic,Yes,Yes,Yes,No,No,No,No,Yes,No
CUST-01149,Paul Walker,Female,1,75,Yes,Yes,67,Two year,78.38,5224.71,Bank transfer,DSL,No,Yes,No,No,No,Yes,Yes,Yes,No
CUST-01150,Matthew Harris,Male,0,38,No,No,2,Month-to-month,99.09,236.92,Electronic check,Fiber optic,Yes,Yes,No,Yes,No,Yes,No,No,Yes
CUST-01151,Margaret Torres,Male,0,24,No,No,6,One year,95.07,566.75,Bank transfer,Fiber optic,Yes,No,Yes,No,Yes,No,No,Yes,Yes
CUST-01152,Donald King,Male,0,63,No,No,45,One year,87.5,3912.95,Bank transfer,Fiber optic,Yes,Yes,No,No,No,Yes,No,No,Yes
CUST-01153,Elizabeth Sanchez,Male,0,52,Yes,No,9,Month-to-month,93.61,833.38,Bank transfer,Fiber optic,Yes,Yes,Yes,No,No,Yes,No,Yes,Yes
CUST-01154,Mary Flores,Female,0,24,Yes,No,16,Two year,74.71,1230.03,Mailed check,DSL,Yes,Yes,Yes,No,No,No,No,Yes,No
CUST-01155,Barbara Thompson,Male,1,67,Yes,Yes,11,Month-to-month,88.55,955.75,Mailed check,DSL,Yes,Yes,Yes,Yes,No,No,No,Yes,Yes
CUST-01156,Donna Rodriguez,Female,1,82,Yes,No,53,Two year,61.99,3282.69,Electronic check,DSL,No,No,No,No,Yes,No,No,Yes,Yes
CUST-01157,Thomas Williams,Male,0,47,Yes,Yes,22,One year,112.54,2512.28,Electronic check,Fiber optic,Yes,Yes,Yes,No,No,No,Yes,No,Yes
CUST-01158,Barbara Wilson,Female,0,29,Yes,No,13,One year,27.79,353.66,Credit card,No,Yes,No internet service,No internet service,No internet service,No internet service,No internet service,No internet service,No,No
CUST-01159,Kimberly Harris,Female,0,54,Yes,No,5,Month-to-month,22.67,113.14,Electronic check,No,No,No internet service,No internet service,No internet service,No internet service,No internet service,No internet service,No,No
CUST-01160,Emily Lopez,Male,0,43,Yes,No,23,One year,83.23,1933.84,Credit card,DSL,Yes,No,Yes,No,Yes,Yes,No,No,Yes
CUST-01161,Linda Williams,Male,0,25,Yes,No,36,One year,39.85,1440.09,Mailed check,No,Yes,No internet service,No internet service,No internet service,No internet service,No internet service,No internet service,Yes,No
CUST-01162,Sarah Sanchez,Female,0,60,Yes,No,14,Two year,74.12,1018.68,Bank transfer,DSL,No,Yes,No,No,Yes,Yes,No,Yes,No
CUST-01163,Sarah Miller,Male,0,24,No,Yes,3,Month-to-month,32.96,99.43,Credit card,No,Yes,No internet service,No internet service,No internet service,No internet service,No internet service,No internet service,Yes,Yes
CUST-01164,Daniel Thomas,Male,0,51,No,No,11,Month-to-month,76.49,850.1,Bank transfer,DSL,Yes,No,Yes,No,No,No,No,Yes,Yes
CUST-01165,James Walker,Female,0,33,No,No,17,Two year,99.14,1713.47,Electronic check,Fiber optic,Yes,Yes,No,Yes,Yes,Yes,No,Yes,No
CUST-01166,Jennifer Miller,Female,1,67,No,No,35,One year,75.81,2684.94,Mailed check,Fiber optic,Yes,Yes,No,No,No,No,No,No,No
CUST-01167,Christopher Torres,Male,0,23,No,No,58,Two year,108.1,6245.6,Credit card,Fiber optic,Yes,Yes,No,No,Yes,No,Yes,No,No
CUST-01168,Jennifer Martinez,Female,0,43,No,No,5,Month-to-month,100.8,523.11,Credit card,Fiber optic,Yes,No,Yes,No,Yes,Yes,No,Yes,No
CUST-01169,Nancy Anderson,Male,0,22,No,No,49,Two year,33.39,1640.05,Bank transfer,No,Yes,No internet service,No internet service,No internet service,No internet service,No internet service,No internet service,No,No
CUST-01170,David Taylor,Female,0,23,No,No,57,Two year,31.48,1828.6,Mailed check,No,Yes,No internet service,No internet service,No internet service,No internet service,No internet service,No internet service,No,No
CUST-01171,Robert White,Male,0,64,Yes,No,8,Month-to-month,117.06,897.76,Bank transfer,Fiber optic,Yes,Yes,Yes,Yes,Yes,No,Yes,Yes,No
CUST-01172,Patricia Martinez,Female,1,82,Yes,No,2,Month-to-month,91.64,190.16,Electronic check,DSL,Yes,Yes,No,No,Yes,Yes,No,No,Yes
CUST-01173,Robert Walker,Female,0,30,No,No,17,One year,74.65,1260.66,Mailed check,DSL,Yes,No,Yes,No,No,No,Yes,Yes,No
CUST-01174,Karen Nguyen,Male,0,39,Yes,No,31,One year,77.74,2407.84,Mailed check,DSL,Yes,Yes,No,No,No,Yes,No,No,Yes
CUST-01175,Richard Davis,Male,0,43,Yes,Yes,5,Month-to-month,79.37,358.34,Bank transfer,DSL,Yes,No,Yes,No,Yes,Yes,No,No,Yes
CUST-01176,Thomas Martin,Female,0,30,Yes,Yes,10,Month-to-month,29.25,301.07,Bank transfer,No,Yes,No internet service,No internet service,No internet service,No internet service,No internet service,No internet service,No,No
CUST-01177,Charles Brown,Female,0,40,No,No,15,Two year,27.3,387.18,Credit card,No,Yes,No internet service,No internet service,No internet service,No internet service,No internet service,No internet service,Yes,No
CUST-01178,Kimberly Johnson,Male,0,46,No,No,24,Two year,61.4,1437.67,Electronic check,DSL,Yes,No,No,No,No,Yes,No,Yes,No
CUST-01179,James Wright,Female,1,81,No,No,1,Month-to-month,39.55,66.26,Bank transfer,No,Yes,No internet service,No internet service,No internet service,No internet service,No internet service,No internet service,No,No
CUST-01180,Robert Clark,Female,0,47,Yes,No,27,Two year,77.31,2106.64,Electronic check,DSL,Yes,No,Yes,Yes,No,No,Yes,No,No
CUST-01181,James Davis,Female,0,56,No,No,9,Month-to-month,65.37,539.44,Bank transfer,DSL,Yes,No,Yes,No,No,No,No,Yes,No
CUST-01182,Barbara Hernandez,Female,0,64,Yes,No,69,Two year,101.8,7066.56,Bank transfer,Fiber optic,Yes,No,No,Yes,Yes,Yes,No,Yes,No
CUST-01183,Michelle Young,Male,0,47,No,No,68,Two year,72.76,4905.12,Electronic check,Fiber optic,Yes,No,No,No,No,No,No,Yes,No
CUST-01184,Donna Gonzalez,Male,0,52,Yes,No,22,One year,92.37,2034.82,Electronic check,Fiber optic,Yes,No,No,No,Yes,Yes,No,No,No
CUST-01185,Linda Allen,Female,0,57,No,No,39,Two year,65.56,2579.99,Electronic check,DSL,Yes,No,No,No,No,Yes,No,No,No
CUST-01186,Jennifer Thomas,Male,0,49,No,Yes,11,Month-to-month,81.01,859.89,Electronic check,Fiber optic,Yes,No,No,No,No,No,No,Yes,No
CUST-01187,Jennifer Johnson,Male,0,44,Yes,Yes,5,Month-to-month,85.97,465.6,Credit card,Fiber optic,Yes,No,No,No,Yes,No,No,Yes,Yes
CUST-01188,Sarah Scott,Female,0,23,No,No,38,One year,77.13,2972.72,Electronic check,DSL,Yes,No,No,Yes,Yes,No,No,Yes,No
CUST-01189,John Taylor,Male,0,62,Yes,No,10,Month-to-month,80.44,823.03,Credit card,DSL,Yes,Yes,No,No,Yes,No,No,No,Yes
CUST-01190,Joseph Nguyen,Female,0,35,No,No,41,One year,78.07,3248.13,Credit card,Fiber optic,Yes,No,No,No,No,No,Yes,No,No
CUST-01191,Patricia Rodriguez,Female,0,61,No,Yes,9,Month-to-month,70.95,593.68,Electronic check,DSL,No,Yes,Yes,No,Yes,No,No,Yes,Yes
CUST-01192,Betty Thomas,Female,0,18,No,Yes,11,Month-to-month,30.33,306.02,Credit card,No,Yes,No internet service,No internet service,No internet service,No internet service,No internet service,No internet service,Yes,No
CUST-01193,Patricia Ramirez,Female,0,36,No,Yes,9,Month-to-month,33.33,309.98,Bank transfer,No,Yes,No internet service,No internet service,No internet service,No internet service,No internet service,No internet service,Yes,No
CUST-01194,James Sanchez,Male,0,63,Yes,No,38,Two year,104.26,3936.11,Electronic check,Fiber optic,Yes,No,No,Yes,No,Yes,Yes,Yes,No
CUST-01195,Matthew Martinez,Female,0,18,Yes,No,3,Month-to-month,100.71,349.28,Mailed check,Fiber optic,Yes,No,Yes,Yes,Yes,Yes,No,No,No
CUST-01196,Michael Thomas,Male,1,83,Yes,Yes,9,One year,109.01,998.27,Bank transfer,Fiber optic,Yes,Yes,Yes,Yes,No,Yes,Yes,Yes,No
CUST-01197,Mark Clark,Female,0,62,No,No,10,Month-to-month,88.18,850.29,Credit card,DSL,Yes,No,Yes,No,Yes,Yes,No,Yes,Yes
CUST-01198,Mary Walker,Male,0,47,No,No,2,Month-to-month,73.87,127.24,Mailed check,Fiber optic,Yes,No,No,No,No,No,No,Yes,Yes
CUST-01199,Nancy King,Male,0,21,No,No,27,Two year,38.86,1011.09,Electronic check,No,Yes,No internet service,No internet service,No internet service,No internet service,No internet service,No internet service,Yes,No
CUST-01200,Elizabeth Torres,Female,0,47,No,No,7,Month-to-month,111.92,817.76,Mailed check,Fiber optic,Yes,Yes,Yes,No,No,Yes,Yes,Yes,No
CUST-01201,Betty Flores,Female,0,56,Yes,No,2,Month-to-month,100.65,248.81,Bank transfer,Fiber optic,Yes,No,Yes,Yes,Yes,No,No,No,No
CUST-01202,Steven Lewis,Male,0,51,Yes,No,47,One year,36.98,1766.89,Electronic check,No,Yes,No internet service,No internet service,No internet service,No internet service,No internet service,No internet service,Yes,No
CUST-01203,Jessica Robinson,Male,0,19,Yes,Yes,8,Month-to-month,38.31,342.79,Electronic check,No,Yes,No internet service,No internet service,No internet service,No internet service,No internet service,No internet service,Yes,Yes
CUST-01204,Lisa Flores,Male,0,21,Yes,Yes,47,One year,27.3,1252.58,Credit card,No,Yes,No internet service,No internet service,No internet service,No internet service,No internet service,No internet service,Yes,No
CUST-01205,Matthew Flores,Male,0,23,Yes,No,31,Two year,37.07,1100.7,Bank transfer,No,Yes,No internet service,No internet service,No internet service,No internet service,No internet service,No internet service,No,No
CUST-01206,David Martinez,Female,0,54,No,Yes,50,Two year,102.7,5178.89,Electronic check,Fiber optic,Yes,Yes,No,Yes,No,Yes,No,Yes,No
CUST-01207,Sandra Anderson,Male,0,62,Yes,Yes,10,Month-to-month,99.58,968.42,Electronic check,Fiber optic,Yes,Yes,Yes,Yes,No,No,No,No,No
CUST-01208,Linda Thomas,Female,0,29,Yes,Yes,1,Month-to-month,72.61,92.19,Electronic check,DSL,Yes,No,Yes,No,No,No,Yes,Yes,Yes
CUST-01209,John Young,Female,0,28,Yes,No,3,Month-to-month,99.24,323.47,Mailed check,DSL,Yes,Yes,Yes,Yes,Yes,Yes,No,Yes,Yes
CUST-01210,Mary Johnson,Female,0,31,No,No,28,One year,84.94,2385.86,Mailed check,DSL,Yes,Yes,No,No,Yes,Yes,No,Yes,No
CUST-01211,Robert Clark,Female,0,56,No,No,10,Month-to-month,83.3,823.43,Credit card,Fiber optic,Yes,Yes,No,No,No,No,No,No,Yes
CUST-01212,Sandra Moore,Male,0,32,Yes,Yes,69,Two year,36.47,2557.1,Mailed check,No,Yes,No internet service,No internet service,No internet service,No internet service,No internet service,No internet service,No,No
CUST-01213,Sandra Sanchez,Female,0,34,Yes,Yes,9,Month-to-month,30.49,253.76,Bank transfer,No,Yes,No internet service,No internet service,No internet service,No internet service,No internet service,No internet service,No,No
CUST-01214,Linda Walker,Female,0,63,Yes,No,65,Two year,111.64,7252.95,Credit card,Fiber optic,Yes,Yes,No,Yes,Yes,No,No,No,No
CUST-01215,Steven King,Male,0,50,No,No,7,Month-to-month,65.54,462.75,Electronic check,DSL,Yes,Yes,No,No,No,No,No,Yes,No
CUST-01216,Margaret Wilson,Male,0,29,Yes,Yes,7,Month-to-month,28.62,235.66,Electronic check,No,Yes,No internet service,No internet service,No internet service,No internet service,No internet service,No internet service,No,No
CUST-01217,David Torres,Female,0,58,No,No,2,Month-to-month,30.07,77.96,Bank transfer,No,Yes,No internet service,No internet service,No internet service,No internet service,No internet service,No internet service,Yes,No
CUST-01218,Anthony Robinson,Female,0,31,Yes,No,9,One year,105.95,946.44,Bank transfer,Fiber optic,Yes,Yes,No,No,Yes,Yes,No,Yes,No
CUST-01219,Lisa Thomas,Male,0,30,Yes,No,8,Month-to-month,78.27,633.71,Electronic check,DSL,Yes,No,Yes,No,Yes,No,No,Yes,Yes
CUST-01220,Sandra Miller,Male,0,46,No,No,2,Month-to-month,67.85,172.74,Mailed check,DSL,Yes,No,Yes,No,No,No,No,No,Yes
CUST-01221,Barbara Johnson,Male,0,22,Yes,Yes,23,One year,34.06,817.09,Credit card,No,Yes,No internet service,No internet service,No internet service,No internet service,No internet service,No internet service,No,No
CUST-01222,Emily Thomas,Female,0,41,No,No,8,Month-to-month,95.42,725.55,Mailed check,Fiber optic,Yes,Yes,No,Yes,No,No,No,Yes,No
CUST-01223,Paul Martinez,Male,1,72,Yes,Yes,40,Two year,90.74,3592.87,Credit card,Fiber optic,Yes,Yes,Yes,No,No,No,No,No,No
CUST-01224,Jennifer Ramirez,Male,0,50,Yes,Yes,47,One year,67.76,3193.81,Mailed check,DSL,Yes,Yes,No,No,No,Yes,No,No,No
CUST-01225,Richard Walker,Male,1,78,No,No,58,Two year,75.3,4398.38,Bank transfer,DSL,Yes,No,No,No,Yes,No,Yes,Yes,No
CUST-01226,Sandra Allen,Female,0,27,No,No,53,Two year,114.84,6056.84,Mailed check,Fiber optic,Yes,Yes,Yes,Yes,Yes,Yes,No,No,No
CUST-01227,Robert Walker,Male,1,80,Yes,No,39,One year,101.28,3975.77,Credit card,Fiber optic,Yes,Yes,No,Yes,No,No,Yes,Yes,No
CUST-01228,Sandra Smith,Female,0,24,Yes,No,26,One year,70.57,1880.45,Credit card,Fiber optic,No,No,No,No,No,Yes,No,Yes,No
CUST-01229,David Martin,Female,1,72,No,No,20,One year,102.7,2051.07,Credit card,Fiber optic,Yes,Yes,Yes,No,Yes,No,No,No,Yes
CUST-01230,James Miller,Male,1,70,No,No,8,Month-to-month,36.69,306.18,Electronic check,No,Yes,No internet service,No internet service,No internet service,No internet service,No internet service,No internet service,No,No
CUST-01231,Jessica Sanchez,Female,0,29,No,No,14,One year,91.93,1237.55,Bank transfer,Fiber optic,Yes,Yes,Yes,No,No,No,No,Yes,Yes
CUST-01232,Sarah Young,Male,0,59,Yes,No,3,Month-to-month,112.58,332.52,Credit card,Fiber optic,Yes,Yes,No,Yes,Yes,No,Yes,Yes,No
CUST-01233,Sandra Lee,Female,0,64,Yes,Yes,3,Month-to-month,37.39,137.25,Bank transfer,No,Yes,No internet service,No internet service,No internet service,No internet service,No internet service,No internet service,No,Yes
CUST-01234,Nancy Jackson,Male,0,61,No,No,24,One year,94.02,2234.51,Credit card,Fiber optic,Yes,No,Yes,No,No,Yes,No,Yes,No
CUST-01235,Ashley Anderson,Female,0,38,No,No,8,Month-to-month,69.71,509.91,Electronic check,DSL,Yes,No,No,No,No,No,Yes,No,No
CUST-01236,Mark Thompson,Male,0,63,Yes,Yes,36,Two year,98.2,3524.04,Bank transfer,Fiber optic,Yes,Yes,Yes,No,No,No,Yes,Yes,No
CUST-01237,Lisa Thompson,Female,0,48,No,No,3,Month-to-month,78.91,283.29,Electronic check,DSL,Yes,Yes,Yes,No,No,Yes,No,Yes,Yes
CUST-01238,Donald Brown,Male,1,72,Yes,Yes,45,One year,32.68,1465.27,Mailed check,No,Yes,No internet service,No internet service,No internet service,No internet service,No internet service,No internet service,No,No
CUST-01239,Mary Anderson,Female,0,27,Yes,No,8,Month-to-month,94.89,790.81,Mailed check,Fiber optic,Yes,Yes,Yes,No,No,No,No,No,No
CUST-01240,Steven Martin,Male,0,59,Yes,Yes,6,Month-to-month,89.39,524.46,Bank transfer,DSL,Yes,Yes,Yes,No,Yes,No,Yes,Yes,No
CUST-01241,Anthony Harris,Female,0,42,No,No,2,Month-to-month,97.69,174.7,Credit card,Fiber optic,No,Yes,No,Yes,No,Yes,No,Yes,Yes
CUST-01242,Andrew Martinez,Female,0,52,No,No,23,Two year,87.23,2011.8,Bank transfer,Fiber optic,Yes,No,No,No,Yes,No,No,No,Yes
CUST-01243,Betty Jackson,Female,0,19,No,Yes,9,Month-to-month,25.1,228.95,Mailed check,No,Yes,No internet service,No internet service,No internet service,No internet service,No internet service,No internet service,No,Yes
CUST-01244,Michael Ramirez,Female,0,43,No,No,41,One year,59.36,2466.82,Bank transfer,DSL,Yes,No,No,No,No,No,Yes,Yes,No
CUST-01245,Betty Wilson,Male,0,62,No,Yes,10,Month-to-month,55.07,582.07,Bank transfer,DSL,Yes,No,No,No,No,No,No,No,Yes
CUST-01246,Steven Harris,Male,0,38,Yes,No,69,Two year,105.91,7288.89,Bank transfer,Fiber optic,Yes,Yes,No,Yes,Yes,No,Yes,Yes,Yes
CUST-01247,William Jones,Male,1,74,No,Yes,25,Two year,72.52,1853.57,Mailed check,DSL,Yes,No,No,No,Yes,Yes,No,Yes,No
CUST-01248,Jennifer Nguyen,Male,0,58,No,Yes,32,Two year,76.0,2415.7,Electronic check,DSL,Yes,No,No,No,Yes,No,Yes,No,No
CUST-01249,Karen Williams,Female,1,78,No,Yes,1,Month-to-month,74.11,79.64,Electronic check,DSL,Yes,No,Yes,No,No,No,No,No,No
CUST-01250,Steven Allen,Female,0,47,Yes,No,19,One year,91.74,1705.65,Mailed check,Fiber optic,Yes,Yes,No,No,No,No,Yes,Yes,No
CUST-01251,Jennifer Sanchez,Female,0,28,No,Yes,17,Two year,77.51,1268.42,Electronic check,DSL,Yes,No,No,No,No,Yes,Yes,Yes,No
CUST-01252,Susan Garcia,Male,1,79,No,No,45,One year,87.19,3955.96,Electronic check,Fiber optic,Yes,No,Yes,Yes,No,No,No,No,No
CUST-01253,Emily Miller,Female,0,41,No,No,7,Month-to-month,31.76,201.59,Credit card,No,Yes,No internet service,No internet service,No internet service,No internet service,No internet service,No internet service,No,Yes
CUST-01254,Betty Torres,Female,0,34,Yes,No,53,Two year,105.8,5648.06,Electronic check,Fiber optic,Yes,Yes,Yes,No,No,Yes,No,Yes,Yes
CUST-01255,Nancy Thomas,Male,0,55,No,No,34,Two year,31.75,1042.27,Bank transfer,No,Yes,No internet service,No internet service,No internet service,No internet service,No internet service,No internet service,Yes,No
CUST-01256,Charles Gonzalez,Male,0,38,No,No,6,Month-to-month,70.91,460.42,Electronic check,DSL,Yes,No,Yes,No,No,No,No,Yes,No
CUST-01257,Thomas Martin,Male,0,27,No,No,5,Month-to-month,95.49,511.48,Bank transfer,Fiber optic,Yes,Yes,No,No,No,Yes,No,Yes,Yes
CUST-01258,John Jones,Female,0,64,Yes,No,32,Two year,116.94,3704.5,Electronic check,Fiber optic,Yes,No,No,Yes,Yes,Yes,Yes,Yes,No
CUST-01259,Donna Miller,Male,0,63,No,No,10,One year,96.9,933.11,Mailed check,Fiber optic,Yes,No,Yes,Yes,Yes,No,No,No,Yes
CUST-01260,Margaret Jackson,Female,0,34,Yes,No,26,Two year,90.73,2356.72,Bank transfer,Fiber optic,Yes,Yes,No,No,Yes,No,No,No,No
CUST-01261,Patricia Hernandez,Female,0,30,No,No,5,Month-to-month,100.42,544.79,Bank transfer,Fiber optic,Yes,Yes,No,Yes,No,Yes,No,No,No
CUST-01262,Christopher Miller,Female,0,24,Yes,No,26,One year,92.24,2429.78,Bank transfer,Fiber optic,Yes,Yes,No,No,No,Yes,Yes,Yes,No
CUST-01263,Lisa Jackson,Female,1,78,No,No,28,One year,65.31,1867.64,Electronic check,DSL,Yes,Yes,No,No,No,No,No,Yes,No
CUST-01264,Sarah Clark,Male,1,83,No,Yes,49,Two year,104.72,5153.62,Mailed check,Fiber optic,Yes,Yes,No,No,Yes,Yes,No,No,No
CUST-01265,Karen Sanchez,Male,0,62,Yes,No,9,Month-to-month,37.62,320.08,Mailed check,No,Yes,No internet service,No internet service,No internet service,No internet service,No internet service,No internet service,No,No
CUST-01266,Joseph Lee,Male,0,43,Yes,No,4,Month-to-month,35.22,133.54,Credit card,No,Yes,No internet service,No internet service,No internet service,No internet service,No internet service,No internet service,No,Yes
CUST-01267,Kimberly Rodriguez,Female,0,20,Yes,No,44,Two year,83.97,3686.28,Electronic check,Fiber optic,Yes,No,No,No,No,Yes,No,No,No
CUST-01268,Kimberly Jackson,Female,0,26,Yes,Yes,7,Month-to-month,117.84,800.2,Bank transfer,Fiber optic,Yes,Yes,Yes,No,Yes,Yes,No,Yes,Yes
CUST-01269,Christopher Miller,Female,0,54,Yes,No,30,One year,92.05,2770.01,Electronic check,Fiber optic,Yes,Yes,Yes,No,No,No,Yes,Yes,No
CUST-01270,Jennifer Walker,Male,0,25,Yes,Yes,45,Two year,29.18,1299.05,Electronic check,No,Yes,No internet service,No internet service,No internet service,No internet service,No internet service,No internet service,Yes,No
CUST-01271,Robert Williams,Male,0,54,No,Yes,35,One year,72.72,2558.46,Mailed check,DSL,Yes,No,No,Yes,No,Yes,Yes,No,No
CUST-01272,Jennifer Martin,Female,0,38,Yes,No,25,Two year,74.3,1861.34,Credit card,DSL,Yes,No,No,No,No,Yes,Yes,Yes,No
CUST-01273,Mark Wilson,Male,0,32,Yes,No,8,Month-to-month,78.54,632.13,Bank transfer,Fiber optic,No,No,Yes,No,Yes,No,No,Yes,Yes
CUST-01274,Jennifer Jones,Female,0,47,Yes,No,41,Two year,35.89,1460.32,Electronic check,No,Yes,No internet service,No internet service,No internet service,No internet service,No internet service,No internet service,Yes,No
CUST-01275,Susan Torres,Male,0,57,No,No,54,Two year,93.61,5049.36,Bank transfer,Fiber optic,Yes,No,No,Yes,No,Yes,Yes,No,Yes
CUST-01276,Christopher Flores,Female,1,75,No,No,44,One year,95.93,4233.29,Bank transfer,Fiber optic,Yes,Yes,No,No,Yes,Yes,No,Yes,No
CUST-01277,Michelle Ramirez,Male,1,68,Yes,Yes,9,Month-to-month,99.25,868.25,Mailed check,DSL,Yes,Yes,Yes,No,Yes,No,Yes,No,Yes
CUST-01278,Jessica Clark,Female,0,26,Yes,Yes,1,Month-to-month,96.3,135.9,Electronic check,Fiber optic,Yes,Yes,Yes,No,No,Yes,No,Yes,Yes
CUST-01279,Matthew Miller,Male,1,84,Yes,Yes,1,Month-to-month,108.66,129.71,Electronic check,Fiber optic,Yes,No,Yes,No,Yes,Yes,No,No,Yes
CUST-01280,Sandra Perez,Male,1,78,Yes,No,3,Month-to-month,85.73,296.93,Bank transfer,DSL,Yes,Yes,Yes,Yes,No,No,No,No,Yes
CUST-01281,Elizabeth Walker,Female,0,59,Yes,Yes,13,Two year,59.7,814.61,Bank transfer,DSL,No,Yes,Yes,No,No,No,No,Yes,No
CUST-01282,Margaret Robinson,Male,0,32,No,No,1,Month-to-month,113.61,140.01,Credit card,Fiber optic,Yes,Yes,Yes,No,Yes,No,Yes,Yes,No
CUST-01283,Ashley Johnson,Female,0,57,Yes,No,10,One year,109.02,1121.86,Credit card,Fiber optic,Yes,Yes,Yes,No,Yes,No,Yes,Yes,Yes
CUST-01284,Elizabeth Hill,Female,0,26,No,No,30,Two year,91.94,2794.44,Bank transfer,DSL,Yes,No,Yes,Yes,No,Yes,No,No,No
CUST-01285,Matthew Hernandez,Female,0,59,Yes,Yes,9,Month-to-month,115.78,1019.22,Electronic check,Fiber optic,Yes,No,Yes,No,Yes,Yes,Yes,Yes,No
CUST-01286,Thomas Nguyen,Female,0,61,Yes,No,70,Two year,101.54,7105.17,Mailed check,DSL,Yes,Yes,Yes,No,Yes,Yes,Yes,Yes,No
CUST-01287,Jessica Flores,Female,0,53,No,Yes,24,One year,78.57,1856.5,Electronic check,DSL,Yes,No,No,Yes,Yes,Yes,No,No,No
CUST-01288,Nancy Thompson,Male,0,54,Yes,No,7,Month-to-month,76.54,559.59,Bank transfer,Fiber optic,No,No,No,No,No,No,Yes,No,No
CUST-01289,Nancy Anderson,Female,0,32,Yes,Yes,7,Month-to-month,35.53,275.33,Bank transfer,No,Yes,No internet service,No internet service,No internet service,No internet service,No internet service,No internet service,Yes,No
CUST-01290,Kimberly Perez,Female,0,58,Yes,Yes,11,Month-to-month,87.58,920.3,Bank transfer,Fiber optic,Yes,No,Yes,No,Yes,No,No,Yes,Yes
CUST-01291,David Rodriguez,Male,0,55,No,No,36,Two year,99.52,3630.56,Mailed check,Fiber optic,Yes,Yes,Yes,No,No,No,Yes,Yes,No
CUST-01292,Anthony Moore,Female,0,61,No,No,21,One year,112.07,2338.85,Bank transfer,Fiber optic,Yes,Yes,Yes,Yes,No,Yes,Yes,No,Yes
CUST-01293,Daniel Williams,Female,1,65,No,Yes,8,Month-to-month,66.25,536.16,Mailed check,DSL,Yes,Yes,Yes,No,No,No,No,No,Yes
CUST-01294,Jennifer Rodriguez,Male,0,56,No,No,7,Month-to-month,84.0,574.44,Bank transfer,DSL,Yes,Yes,Yes,No,Yes,Yes,No,Yes,No
CUST-01295,Elizabeth Johnson,Male,0,52,No,No,28,One year,67.79,1852.56,Credit card,DSL,Yes,Yes,Yes,No,No,No,No,Yes,No
CUST-01296,Mary Johnson,Male,0,31,No,No,10,Month-to-month,75.11,744.51,Credit card,DSL,Yes,No,No,Yes,No,Yes,Yes,Yes,Yes
CUST-01297,Thomas Taylor,Female,0,40,Yes,No,8,Month-to-month,89.1,762.17,Credit card,Fiber optic,Yes,No,No,No,No,No,Yes,Yes,Yes
CUST-01298,Lisa Harris,Male,0,31,No,No,13,One year,81.3,1058.91,Electronic check,Fiber optic,Yes,No,Yes,No,No,No,No,Yes,Yes
CUST-01299,Richard Jackson,Female,0,38,Yes,No,42,Two year,113.42,4810.42,Credit card,Fiber optic,Yes,No,Yes,Yes,Yes,No,No,Yes,No
CUST-01300,Donald Perez,Male,0,49,No,Yes,11,Month-to-month,78.89,901.19,Credit card,DSL,Yes,Yes,No,No,No,Yes,No,No,No
CUST-01301,David Sanchez,Female,0,49,Yes,No,6,Month-to-month,75.21,412.85,Electronic check,DSL,Yes,Yes,No,No,Yes,Yes,No,Yes,Yes
CUST-01302,William Miller,Female,0,53,Yes,No,30,One year,87.5,2598.63,Mailed check,Fiber optic,Yes,No,Yes,No,No,No,No,Yes,No
CUST-01303,Daniel Wilson,Male,0,46,Yes,Yes,63,Two year,95.51,6042.29,Credit card,Fiber optic,Yes,Yes,No,Yes,No,No,No,No,No
CUST-01304,Susan Johnson,Female,0,63,No,No,6,Month-to-month,36.59,223.4,Mailed check,No,Yes,No internet service,No internet service,No internet service,No internet service,No internet service,No internet service,Yes,Yes
CUST-01305,Sarah Miller,Male,0,32,No,No,2,Month-to-month,17.87,50.49,Credit card,No,No,No internet service,No internet service,No internet service,No internet service,No internet service,No internet service,Yes,No
CUST-01306,Joshua Nguyen,Female,0,59,Yes,Yes,48,Two year,83.87,4026.68,Mailed check,DSL,Yes,Yes,Yes,No,Yes,No,No,Yes,No
CUST-01307,Michael Johnson,Male,0,56,No,No,3,Month-to-month,91.52,231.81,Mailed check,DSL,Yes,Yes,No,Yes,No,Yes,Yes,Yes,Yes
CUST-01308,David Perez,Male,0,32,Yes,No,3,Month-to-month,92.15,248.78,Bank transfer,DSL,Yes,Yes,Yes,Yes,Yes,No,No,Yes,Yes
CUST-01309,Joshua Lee,Female,0,45,No,Yes,7,Month-to-month,98.84,733.24,Bank transfer,DSL,Yes,Yes,No,Yes,Yes,Yes,No,No,Yes
CUST-01310,Christopher Jackson,Male,0,64,Yes,No,16,One year,114.91,1806.85,Electronic check,Fiber optic,Yes,Yes,No,Yes,Yes,No,Yes,Yes,Yes
CUST-01311,Daniel Martinez,Female,0,61,Yes,Yes,4,Month-to-month,99.56,423.47,Electronic check,Fiber optic,Yes,No,No,Yes,No,Yes,No,Yes,No
CUST-01312,Patricia Ramirez,Female,0,44,Yes,No,3,Month-to-month,106.62,297.1,Mailed check,Fiber optic,Yes,No,Yes,Yes,No,No,Yes,Yes,Yes
CUST-01313,Donald Williams,Male,0,33,No,No,12,One year,120.67,1426.37,Credit card,Fiber optic,Yes,Yes,Yes,No,No,Yes,Yes,Yes,No
CUST-01314,Michael Thomas,Male,1,65,No,No,69,Two year,57.44,4005.22,Mailed check,DSL,Yes,Yes,No,No,No,No,No,No,No
CUST-01315,Ashley Martin,Male,1,66,Yes,No,69,Two year,92.5,6337.6,Bank transfer,Fiber optic,Yes,No,No,No,Yes,Yes,No,Yes,No
CUST-01316,Jessica Thompson,Female,0,33,No,No,8,Month-to-month,103.09,859.45,Electronic check,Fiber optic,Yes,Yes,Yes,No,No,No,Yes,Yes,Yes
CUST-01317,Joshua Hernandez,Male,0,23,Yes,No,50,Two year,62.81,3111.27,Bank transfer,DSL,Yes,No,No,No,No,No,No,Yes,Yes
CUST-01318,Richard Wilson,Female,0,34,No,No,57,Two year,109.54,6292.5,Mailed check,Fiber optic,Yes,Yes,No,No,No,Yes,Yes,Yes,No
CUST-01319,Susan Rodriguez,Male,0,32,Yes,Yes,3,Month-to-month,115.58,363.44,Credit card,Fiber optic,Yes,Yes,No,Yes,No,Yes,Yes,Yes,Yes
CUST-01320,Lisa Lewis,Male,1,68,Yes,Yes,6,Month-to-month,39.99,230.96,Credit card,No,Yes,No internet service,No internet service,No internet service,No internet service,No internet service,No internet service,No,No
CUST-01321,Michelle Clark,Male,0,61,No,No,1,Month-to-month,109.55,125.86,Bank transfer,Fiber optic,Yes,Yes,No,Yes,Yes,No,Yes,No,No
CUST-01322,Charles Williams,Male,0,50,No,No,69,Two year,21.46,1492.82,Electronic check,No,No,No internet service,No internet service,No internet service,No internet service,No internet service,No internet service,Yes,No
CUST-01323,Thomas Miller,Female,0,33,Yes,No,23,One year,38.56,848.67,Credit card,No,Yes,No internet service,No internet service,No internet service,No internet service,No internet service,No internet service,No,No
CUST-01324,Daniel Garcia,Female,0,30,Yes,No,11,Month-to-month,85.92,950.7,Bank transfer,DSL,No,Yes,Yes,Yes,Yes,Yes,Yes,No,No
CUST-01325,Elizabeth Clark,Male,0,28,No,Yes,8,Month-to-month,98.08,805.85,Bank transfer,Fiber optic,Yes,Yes,Yes,No,No,No,Yes,Yes,Yes
CUST-01326,Donald Rodriguez,Male,0,32,Yes,No,17,Two year,93.06,1626.69,Bank transfer,Fiber optic,Yes,No,No,No,No,No,Yes,No,No
CUST-01327,Karen Ramirez,Male,0,31,No,No,23,Two year,27.08,579.69,Bank transfer,No,Yes,No internet service,No internet service,No internet service,No internet service,No internet service,No internet service,Yes,No
CUST-01328,Jessica Sanchez,Male,1,67,No,Yes,11,Month-to-month,95.72,1020.35,Bank transfer,Fiber optic,Yes,Yes,Yes,No,No,No,No,No,No
CUST-01329,James King,Male,0,56,No,No,40,One year,102.7,4122.85,Credit card,Fiber optic,Yes,No,Yes,Yes,No,Yes,No,Yes,No
CUST-01330,Margaret Harris,Female,0,52,No,No,64,Two year,97.92,6284.96,Mailed check,Fiber optic,Yes,Yes,Yes,Yes,No,No,No,Yes,No
CUST-01331,James Martinez,Male,0,27,No,No,16,One year,26.66,391.47,Bank transfer,No,No,No internet service,No internet service,No internet service,No internet service,No internet service,No internet service,Yes,No
CUST-01332,Andrew Garcia,Male,0,34,No,No,55,Two year,92.89,5111.45,Bank transfer,Fiber optic,No,No,Yes,No,No,Yes,Yes,No,No
CUST-01333,Thomas Scott,Male,0,44,Yes,No,26,One year,112.36,2962.13,Bank transfer,Fiber optic,Yes,Yes,Yes,Yes,No,Yes,No,Yes,Yes
CUST-01334,Charles Lewis,Male,0,64,Yes,No,16,Two year,83.41,1304.65,Mailed check,Fiber optic,No,Yes,No,No,Yes,No,No,No,No
CUST-01335,Betty Sanchez,Male,0,18,Yes,Yes,5,Month-to-month,93.8,451.05,Mailed check,Fiber optic,Yes,Yes,Yes,No,No,Yes,No,No,Yes
CUST-01336,Christopher Wilson,Male,0,49,No,No,39,One year,80.56,3107.97,Mailed check,DSL,Yes,No,Yes,Yes,Yes,No,No,Yes,No
CUST-01337,Mary Walker,Male,0,21,No,No,47,One year,76.85,3632.44,Electronic check,DSL,Yes,No,Yes,No,Yes,Yes,No,Yes,No
CUST-01338,Jennifer Thompson,Female,0,60,Yes,Yes,9,Month-to-month,38.32,319.98,Mailed check,No,Yes,No internet service,No internet service,No internet service,No internet service,No internet service,No internet service,Yes,No
CUST-01339,Donald Wilson,Female,0,62,No,No,55,Two year,37.82,2093.95,Mailed check,No,Yes,No internet service,No internet service,No internet service,No internet service,No internet service,No internet service,Yes,No
CUST-01340,Charles Jackson,Female,0,64,Yes,No,38,One year,104.1,3931.55,Electronic check,Fiber optic,Yes,Yes,No,No,No,No,Yes,No,Yes
CUST-01341,Christopher Williams,Male,0,51,No,No,68,Two year,96.51,6527.68,Electronic check,Fiber optic,Yes,Yes,Yes,No,No,Yes,No,No,No
CUST-01342,Sandra Williams,Female,1,66,No,Yes,11,Month-to-month,29.05,314.42,Electronic check,No,Yes,No internet service,No internet service,No internet service,No internet service,No internet service,No internet service,Yes,No
CUST-01343,William Brown,Female,0,57,Yes,No,22,One year,90.61,1981.16,Electronic check,DSL,Yes,Yes,Yes,No,Yes,No,Yes,Yes,No
CUST-01344,Karen Thomas,Female,1,83,No,No,14,One year,79.95,1128.58,Mailed check,Fiber optic,Yes,No,No,No,Yes,No,No,Yes,No
CUST-01345,Michelle Johnson,Male,1,69,Yes,No,9,Month-to-month,109.96,945.57,Bank transfer,Fiber optic,Yes,Yes,Yes,Yes,No,Yes,No,Yes,No
CUST-01346,Kimberly Jones,Male,1,82,Yes,No,4,Month-to-month,33.8,109.51,Electronic check,No,Yes,No internet service,No internet service,No internet service,No internet service,No internet service,No internet service,Yes,No
CUST-01347,Ashley Wilson,Male,0,47,Yes,Yes,4,Month-to-month,52.97,170.41,Mailed check,DSL,Yes,No,No,No,No,No,No,Yes,Yes
CUST-01348,Matthew Gonzalez,Male,0,55,Yes,Yes,14,Two year,95.06,1380.06,Electronic check,Fiber optic,Yes,No,Yes,No,Yes,No,Yes,No,No
CUST-01349,Daniel Hernandez,Male,1,80,No,No,11,Month-to-month,107.65,1160.39,Mailed check,Fiber optic,Yes,Yes,No,Yes,Yes,No,Yes,Yes,No
CUST-01350,Anthony Lee,Female,0,32,Yes,No,6,Month-to-month,89.26,550.34,Mailed check,Fiber optic,Yes,No,No,Yes,Yes,No,No,No,Yes
CUST-01351,Mary King,Female,0,51,Yes,No,8,Month-to-month,91.89,722.96,Bank transfer,Fiber optic,Yes,Yes,Yes,No,No,No,No,No,No
CUST-01352,Patricia Nguyen,Female,0,31,No,Yes,15,One year,94.05,1435.59,Electronic check,Fiber optic,Yes,No,Yes,No,No,No,Yes,No,No
CUST-01353,Richard Brown,Female,0,20,Yes,No,2,Month-to-month,70.48,99.95,Credit card,DSL,Yes,No,Yes,No,Yes,No,No,Yes,Yes
CUST-01354,Daniel Moore,Male,0,63,Yes,No,23,Two year,90.26,2075.43,Electronic check,DSL,Yes,Yes,Yes,No,No,Yes,No,No,No
CUST-01355,Jennifer Perez,Female,1,70,Yes,Yes,4,Month-to-month,62.92,204.36,Bank transfer,DSL,No,No,Yes,Yes,No,No,No,Yes,Yes
CUST-01356,Matthew Thompson,Male,0,39,No,No,39,One year,32.27,1239.34,Electronic check,No,Yes,No internet service,No internet service,No internet service,No internet service,No internet service,No internet service,Yes,No
CUST-01357,Joshua Thomas,Female,0,36,Yes,Yes,31,One year,32.66,1062.37,Credit card,No,Yes,No internet service,No internet service,No internet service,No internet service,No internet service,No internet service,Yes,No
CUST-01358,Betty Young,Female,0,40,Yes,Yes,34,Two year,110.1,3748.14,Electronic check,Fiber optic,Yes,No,No,Yes,Yes,No,Yes,No,No
CUST-01359,Kimberly Miller,Female,0,58,Yes,Yes,8,Month-to-month,35.57,246.52,Electronic check,No,Yes,No internet service,No internet service,No internet service,No internet service,No internet service,No internet service,Yes,Yes
CUST-01360,Betty Williams,Female,0,46,Yes,No,10,Month-to-month,80.92,845.21,Credit card,DSL,Yes,No,No,Yes,Yes,No,Yes,No,Yes
CUST-01361,Kimberly Smith,Male,0,24,Yes,No,8,Month-to-month,34.79,260.3,Electronic check,No,Yes,No internet service,No internet service,No internet service,No internet service,No internet service,No internet service,Yes,No
CUST-01362,Emily Allen,Female,1,69,Yes,No,4,Month-to-month,97.38,356.75,Credit card,Fiber optic,Yes,No,No,No,Yes,Yes,No,Yes,Yes
CUST-01363,Betty Gonzalez,Male,0,24,No,No,4,Month-to-month,97.37,390.71,Bank transfer,Fiber optic,Yes,Yes,No,Yes,Yes,No,No,No,Yes
CUST-01364,Ashley Sanchez,Male,0,52,No,No,14,One year,106.66,1519.85,Bank transfer,Fiber optic,Yes,Yes,No,No,Yes,Yes,No,No,No
CUST-01365,Emily Perez,Female,0,49,No,No,17,One year,97.14,1623.67,Electronic check,Fiber optic,Yes,Yes,Yes,No,No,No,No,Yes,No
CUST-01366,Patricia Hill,Male,0,47,No,No,47,Two year,30.45,1461.5,Bank transfer,No,Yes,No internet service,No internet service,No internet service,No internet service,No internet service,No internet service,Yes,No
CUST-01367,Thomas Harris,Female,0,37,Yes,No,6,Month-to-month,113.74,722.25,Electronic check,Fiber optic,Yes,No,Yes,Yes,No,Yes,Yes,Yes,Yes
CUST-01368,Mary Walker,Female,0,60,Yes,Yes,6,Month-to-month,79.94,510.43,Electronic check,DSL,No,Yes,Yes,No,No,Yes,Yes,Yes,Yes
CUST-01369,Emily Sanchez,Female,0,61,No,Yes,2,Month-to-month,37.1,43.7,Bank transfer,No,Yes,No internet service,No internet service,No internet service,No internet service,No internet service,No internet service,Yes,Yes
CUST-01370,Susan Martin,Male,0,56,No,No,34,One year,98.34,3316.98,Credit card,Fiber optic,Yes,Yes,Yes,No,Yes,No,No,Yes,Yes
CUST-01371,Jennifer Perez,Female,0,38,Yes,No,25,Two year,90.46,2221.08,Electronic check,Fiber optic,Yes,No,No,Yes,No,No,No,Yes,No
CUST-01372,Elizabeth Robinson,Female,0,35,No,Yes,1,Month-to-month,25.95,72.42,Electronic check,No,Yes,No internet service,No internet service,No internet service,No internet service,No internet service,No internet service,No,No
CUST-01373,Thomas Clark,Female,0,59,Yes,Yes,4,Month-to-month,124.81,479.22,Credit card,Fiber optic,Yes,Yes,Yes,Yes,Yes,No,No,Yes,No
CUST-01374,Ashley Martin,Male,1,65,No,No,53,Two year,85.51,4577.32,Credit card,DSL,Yes,No,Yes,Yes,Yes,No,No,No,No
CUST-01375,Donald Harris,Female,0,54,No,Yes,2,Month-to-month,93.24,168.41,Bank transfer,DSL,Yes,Yes,No,No,Yes,Yes,No,No,Yes
CUST-01376,Mark Davis,Female,0,22,Yes,Yes,34,Two year,15.92,575.87,Electronic check,No,No,No internet service,No internet service,No internet service,No internet service,No internet service,No internet service,No,No
CUST-01377,Mark Lopez,Male,1,77,Yes,No,35,One year,26.33,962.82,Credit card,No,Yes,No internet service,No internet service,No internet service,No internet service,No internet service,No internet service,No,No
CUST-01378,Donald Gonzalez,Male,0,49,Yes,Yes,9,Month-to-month,110.92,1011.76,Credit card,Fiber optic,Yes,Yes,Yes,No,No,Yes,Yes,No,Yes
CUST-01379,David Lewis,Female,0,39,No,No,24,One year,36.86,837.44,Electronic check,No,Yes,No internet service,No internet service,No internet service,No internet service,No internet service,No internet service,Yes,No
CUST-01380,Joshua Garcia,Male,1,67,Yes,No,31,Two year,111.06,3406.33,Bank transfer,Fiber optic,No,Yes,Yes,Yes,Yes,No,No,No,No
CUST-01381,Jennifer Moore,Male,0,43,Yes,No,32,One year,103.23,3329.6,Credit card,Fiber optic,No,Yes,Yes,No,No,Yes,No,No,No
CUST-01382,Donald King,Female,0,57,No,No,12,One year,75.81,930.21,Mailed check,DSL,Yes,Yes,No,Yes,Yes,No,No,Yes,No
CUST-01383,Robert Hill,Male,0,23,Yes,No,1,Month-to-month,86.56,86.56,Mailed check,Fiber optic,Yes,Yes,Yes,No,No,No,No,Yes,Yes
CUST-01384,Nancy Robinson,Female,0,59,Yes,No,60,Two year,82.58,4930.66,Credit card,DSL,Yes,Yes,No,Yes,Yes,No,No,Yes,No
CUST-01385,Matthew Miller,Male,1,71,No,No,2,Month-to-month,107.8,169.42,Mailed check,Fiber optic,Yes,No,Yes,Yes,Yes,No,Yes,Yes,Yes
CUST-01386,Daniel Lopez,Female,0,48,No,No,31,Two year,33.22,1071.39,Mailed check,No,Yes,No internet service,No internet service,No internet service,No internet service,No internet service,No internet service,Yes,No
CUST-01387,Sarah Taylor,Female,0,58,No,No,8,Month-to-month,103.61,799.63,Mailed check,Fiber optic,Yes,Yes,No,Yes,Yes,Yes,No,Yes,Yes
CUST-01388,Daniel Lee,Male,1,69,No,Yes,9,Month-to-month,112.04,959.66,Credit card,Fiber optic,Yes,No,Yes,Yes,No,Yes,Yes,Yes,Yes
CUST-01389,Joshua Harris,Male,0,20,Yes,No,29,One year,103.88,2977.62,Electronic check,Fiber optic,Yes,No,Yes,Yes,Yes,Yes,No,Yes,No
CUST-01390,James Jackson,Male,0,44,No,No,61,Two year,83.88,5111.5,Mailed check,DSL,Yes,No,Yes,Yes,No,No,Yes,No,No
CUST-01391,Michelle Garcia,Female,0,23,No,No,64,Two year,30.25,1926.98,Credit card,No,Yes,No internet service,No internet service,No internet service,No internet service,No internet service,No internet service,No,No
CUST-01392,Donald Walker,Female,0,27,Yes,No,1,Month-to-month,71.25,71.25,Credit card,DSL,No,No,Yes,Yes,No,No,Yes,Yes,Yes
CUST-01393,Linda Young,Male,0,19,No,No,2,Month-to-month,32.29,32.29,Electronic check,No,Yes,No internet service,No internet service,No internet service,No internet service,No internet service,No internet service,No,No
CUST-01394,Christopher Harris,Female,0,37,Yes,No,7,Month-to-month,70.33,485.05,Bank transfer,DSL,Yes,No,Yes,No,No,No,Yes,Yes,Yes
CUST-01395,Susan Walker,Female,0,24,Yes,No,51,Two year,79.49,4071.66,Bank transfer,DSL,Yes,Yes,No,No,No,Yes,No,Yes,No
CUST-01396,Joshua Torres,Male,0,32,Yes,No,4,Month-to-month,80.33,367.37,Credit card,Fiber optic,No,Yes,No,No,No,No,Yes,Yes,No
CUST-01397,Sandra Walker,Female,0,52,No,No,2,Month-to-month,101.51,156.56,Credit card,Fiber optic,No,Yes,Yes,Yes,Yes,No,No,Yes,No
CUST-01398,Jessica Moore,Male,0,60,No,No,20,Two year,103.08,2085.93,Credit card,Fiber optic,Yes,Yes,No,No,Yes,No,Yes,Yes,Yes
CUST-01399,Steven Jones,Female,1,66,No,Yes,39,Two year,15.73,587.46,Electronic check,No,No,No internet service,No internet service,No internet service,No internet service,No internet service,No internet service,Yes,No
CUST-01400,Christopher Anderson,Male,0,36,No,Yes,63,Two year,30.9,1922.52,Electronic check,No,Yes,No internet service,No internet service,No internet service,No internet service,No internet service,No internet service,Yes,No
CUST-01401,Steven Martinez,Female,0,56,Yes,Yes,47,One year,35.16,1684.25,Mailed check,No,Yes,No internet service,No internet service,No internet service,No internet service,No internet service,No internet service,Yes,No
CUST-01402,Daniel Moore,Female,0,43,No,Yes,7,Month-to-month,59.46,457.16,Credit card,DSL,Yes,No,No,Yes,No,No,No,No,No
CUST-01403,Christopher Anderson,Male,0,64,No,No,21,One year,37.71,792.1,Electronic check,No,Yes,No internet service,No internet service,No internet service,No internet service,No internet service,No internet service,Yes,No
CUST-01404,David King,Female,1,75,Yes,No,69,Two year,93.53,6476.19,Credit card,Fiber optic,Yes,Yes,Yes,Yes,No,No,No,No,No
CUST-01405,Joseph Ramirez,Male,0,63,Yes,Yes,18,One year,65.55,1160.39,Bank transfer,DSL,Yes,No,No,No,Yes,No,No,No,No
CUST-01406,Richard Flores,Female,0,21,Yes,Yes,57,Two year,88.68,5060.08,Bank transfer,DSL,Yes,No,No,Yes,Yes,No,Yes,No,No
CUST-01407,Emily Taylor,Female,0,45,Yes,Yes,19,Two year,94.07,1771.38,Electronic check,Fiber optic,Yes,Yes,No,Yes,No,No,No,Yes,No
CUST-01408,Mary Jackson,Male,0,43,No,No,21,Two year,65.32,1379.86,Mailed check,DSL,No,No,Yes,No,Yes,No,No,Yes,No
CUST-01409,Paul Rodriguez,Male,0,26,Yes,No,38,One year,94.97,3571.78,Credit card,DSL,Yes,Yes,Yes,No,Yes,No,Yes,Yes,Yes
CUST-01410,Thomas Nguyen,Female,1,72,Yes,No,10,Month-to-month,88.63,868.13,Bank transfer,Fiber optic,Yes,No,Yes,No,Yes,No,No,Yes,No
CUST-01411,Robert Miller,Male,0,29,No,No,10,Month-to-month,99.64,992.28,Electronic check,Fiber optic,No,No,No,No,Yes,Yes,Yes,No,Yes
CUST-01412,Andrew Gonzalez,Female,0,30,Yes,Yes,37,One year,51.99,1966.15,Bank transfer,DSL,No,Yes,No,No,No,No,No,No,No
CUST-01413,Matthew Torres,Male,0,36,No,No,9,Month-to-month,25.95,231.66,Electronic check,No,Yes,No internet service,No internet service,No internet service,No internet service,No internet service,No internet service,Yes,Yes
CUST-01414,Margaret Rodriguez,Male,0,61,Yes,No,24,One year,36.86,911.0,Electronic check,No,Yes,No internet service,No internet service,No internet service,No internet service,No internet service,No internet service,Yes,No
CUST-01415,Jennifer King,Female,0,63,No,No,8,Month-to-month,76.76,593.37,Mailed check,DSL,Yes,No,No,Yes,Yes,No,Yes,Yes,No
CUST-01416,Christopher Gonzalez,Female,0,26,Yes,No,8,Month-to-month,37.49,342.44,Mailed check,No,Yes,No internet service,No internet service,No internet service,No internet service,No internet service,No internet service,Yes,No
CUST-01417,Nancy Perez,Female,0,20,No,No,7,Month-to-month,87.1,579.26,Mailed check,DSL,Yes,Yes,Yes,No,Yes,No,Yes,No,Yes
CUST-01418,Karen Hernandez,Female,0,32,No,No,28,One year,95.09,2632.45,Mailed check,DSL,Yes,Yes,Yes,Yes,Yes,No,Yes,Yes,No
CUST-01419,Daniel Lee,Male,0,21,No,No,64,Two year,90.83,5783.67,Bank transfer,DSL,Yes,Yes,Yes,No,Yes,Yes,No,Yes,No
CUST-01420,Sarah Wilson,Female,0,25,No,Yes,5,Month-to-month,88.73,394.92,Mailed check,Fiber optic,Yes,No,Yes,No,Yes,No,No,No,Yes
CUST-01421,Paul Miller,Male,0,63,No,No,9,Month-to-month,113.34,989.51,Bank transfer,Fiber optic,Yes,Yes,No,No,Yes,Yes,Yes,Yes,Yes
CUST-01422,James Thomas,Male,0,55,No,No,17,One year,88.27,1535.89,Mailed check,Fiber optic,Yes,No,No,No,Yes,No,No,No,No
CUST-01423,Betty Anderson,Female,0,48,Yes,No,9,Month-to-month,32.73,261.13,Credit card,No,Yes,No internet service,No internet service,No internet service,No internet service,No internet service,No internet service,No,No
CUST-01424,Margaret Scott,Male,0,32,Yes,No,7,Month-to-month,32.39,194.61,Mailed check,No,Yes,No internet service,No internet service,No internet service,No internet service,No internet service,No internet service,No,No
CUST-01425,Sandra Anderson,Female,0,63,No,No,61,Two year,96.33,5868.48,Bank transfer,Fiber optic,Yes,No,Yes,No,Yes,No,No,Yes,No
CUST-01426,Ashley Sanchez,Male,0,30,No,No,51,Two year,99.71,5132.13,Electronic check,Fiber optic,Yes,No,Yes,No,Yes,No,Yes,Yes,No
CUST-01427,Sandra Taylor,Female,0,29,Yes,No,4,Month-to-month,29.55,99.6,Electronic check,No,Yes,No internet service,No internet service,No internet service,No internet service,No internet service,No internet service,No,No
CUST-01428,Karen Flores,Male,1,75,Yes,Yes,11,Month-to-month,25.23,327.23,Bank transfer,No,Yes,No internet service,No internet service,No internet service,No internet service,No internet service,No internet service,No,No
CUST-01429,Jessica Martin,Female,0,48,Yes,No,36,Two year,32.94,1180.86,Electronic check,No,Yes,No internet service,No internet service,No internet service,No internet service,No internet service,No internet service,No,No
CUST-01430,Jennifer Jackson,Female,0,25,No,No,7,Month-to-month,90.06,622.13,Electronic check,Fiber optic,Yes,No,No,No,No,Yes,Yes,Yes,Yes
CUST-01431,Donald Garcia,Male,0,30,No,No,8,Month-to-month,114.58,867.4,Credit card,Fiber optic,Yes,Yes,Yes,Yes,Yes,No,Yes,Yes,Yes
CUST-01432,Daniel Jackson,Female,0,31,Yes,Yes,11,Month-to-month,102.17,1125.35,Electronic check,Fiber optic,Yes,No,Yes,No,No,Yes,No,No,No
CUST-01433,Michael Allen,Female,0,35,Yes,No,27,One year,24.43,698.36,Credit card,No,No,No internet service,No internet service,No internet service,No internet service,No internet service,No internet service,Yes,No
CUST-01434,Betty Harris,Male,0,19,Yes,Yes,11,Month-to-month,36.36,380.09,Electronic check,No,Yes,No internet service,No internet service,No internet service,No internet service,No internet service,No internet service,Yes,No
CUST-01435,Richard Allen,Female,0,34,No,No,19,One year,128.61,2442.89,Mailed check,Fiber optic,Yes,Yes,Yes,Yes,Yes,No,Yes,No,No
CUST-01436,Andrew Clark,Male,0,58,No,No,44,One year,51.64,2298.54,Credit card,DSL,No,No,No,No,No,No,No,Yes,No
CUST-01437,Emily Moore,Male,0,55,No,No,50,Two year,76.27,3780.22,Mailed check,DSL,Yes,No,No,No,No,Yes,Yes,No,No
CUST-01438,Donna Lewis,Male,1,76,No,No,2,Month-to-month,78.16,109.05,Mailed check,DSL,Yes,Yes,Yes,No,No,No,No,Yes,No
CUST-01439,Patricia Torres,Female,0,20,No,No,8,Month-to-month,80.62,615.39,Electronic check,Fiber optic,Yes,Yes,No,No,No,No,No,No,No
CUST-01440,Elizabeth Clark,Female,0,54,No,No,43,One year,36.4,1565.49,Electronic check,No,Yes,No internet service,No internet service,No internet service,No internet service,No internet service,No internet service,No,Yes
CUST-01441,Michelle Clark,Female,0,22,No,No,16,One year,56.86,933.61,Bank transfer,DSL,Yes,Yes,No,No,No,No,No,No,No
CUST-01442,Barbara Miller,Male,1,79,Yes,No,6,Month-to-month,39.86,263.24,Credit card,No,Yes,No internet service,No internet service,No internet service,No internet service,No internet service,No internet service,No,No
CUST-01443,Sandra Allen,Male,0,44,Yes,No,13,Two year,69.13,868.22,Credit card,DSL,Yes,Yes,No,No,No,No,No,Yes,No
CUST-01444,Andrew Lee,Male,0,34,No,No,62,Two year,105.68,6571.37,Bank transfer,Fiber optic,Yes,Yes,No,No,Yes,No,Yes,Yes,No
CUST-01445,Sarah Martinez,Male,0,54,Yes,Yes,6,Month-to-month,83.44,500.31,Bank transfer,Fiber optic,Yes,No,No,Yes,No,No,No,No,No
CUST-01446,Sarah Scott,Female,0,35,No,Yes,7,Month-to-month,81.92,567.0,Electronic check,DSL,Yes,Yes,No,No,Yes,Yes,No,Yes,No
CUST-01447,Nancy Robinson,Female,0,55,Yes,Yes,6,Month-to-month,94.37,583.49,Bank transfer,Fiber optic,Yes,No,No,Yes,Yes,No,No,Yes,Yes
CUST-01448,Emily Smith,Female,0,42,No,No,37,Two year,104.86,3929.02,Electronic check,Fiber optic,Yes,Yes,Yes,No,No,Yes,Yes,No,No
CUST-01449,John Harris,Female,0,36,No,No,10,Month-to-month,121.19,1229.36,Credit card,Fiber optic,Yes,Yes,Yes,Yes,No,Yes,Yes,No,No
CUST-01450,Joshua Smith,Male,0,56,No,No,3,Month-to-month,97.58,284.1,Mailed check,DSL,Yes,No,Yes,Yes,No,Yes,No,Yes,Yes
CUST-01451,Donald Gonzalez,Female,0,48,No,Yes,38,Two year,81.51,3130.8,Electronic check,Fiber optic,Yes,Yes,No,No,No,No,No,Yes,No
CUST-01452,Jennifer Smith,Male,0,38,Yes,Yes,9,Month-to-month,30.02,245.32,Bank transfer,No,Yes,No internet service,No internet service,No internet service,No internet service,No internet service,No internet service,No,No
CUST-01453,Patricia Walker,Female,0,51,Yes,No,2,Month-to-month,30.32,78.82,Mailed check,No,Yes,No internet service,No internet service,No internet service,No internet service,No internet service,No internet service,Yes,No
CUST-01454,Donald Walker,Male,0,35,No,No,2,Month-to-month,77.64,142.68,Bank transfer,DSL,Yes,No,Yes,Yes,No,Yes,No,No,Yes
CUST-01455,Elizabeth White,Female,0,38,No,No,17,One year,81.2,1330.4,Electronic check,Fiber optic,Yes,No,No,No,No,No,No,Yes,No
CUST-01456,Karen Flores,Female,0,32,Yes,No,2,Month-to-month,31.24,31.24,Electronic check,No,Yes,No internet service,No internet service,No internet service,No internet service,No internet service,No internet service,Yes,No
CUST-01457,John Martinez,Male,0,60,No,No,16,Two year,34.99,568.71,Bank transfer,No,Yes,No internet service,No internet service,No internet service,No internet service,No internet service,No internet service,Yes,No
CUST-01458,Margaret Clark,Female,0,60,Yes,Yes,1,Month-to-month,111.94,111.94,Electronic check,Fiber optic,Yes,Yes,Yes,Yes,Yes,Yes,No,Yes,No
CUST-01459,John Young,Male,0,43,Yes,No,3,Month-to-month,102.5,330.1,Electronic check,Fiber optic,Yes,Yes,No,No,Yes,Yes,No,Yes,Yes
CUST-01460,James Clark,Male,1,68,No,Yes,11,Month-to-month,92.98,1039.75,Electronic check,Fiber optic,Yes,Yes,No,No,Yes,No,No,Yes,No
CUST-01461,Mary Clark,Male,1,65,Yes,Yes,4,Month-to-month,31.32,155.03,Credit card,No,Yes,No internet service,No internet service,No internet service,No internet service,No internet service,No internet service,Yes,No
CUST-01462,David Allen,Male,0,58,Yes,No,8,Month-to-month,122.46,985.66,Mailed check,Fiber optic,Yes,Yes,No,No,Yes,Yes,Yes,Yes,No
CUST-01463,William Ramirez,Female,0,50,No,No,5,Month-to-month,74.12,400.39,Mailed check,DSL,Yes,Yes,No,No,No,No,Yes,Yes,Yes
CUST-01464,James Harris,Female,0,42,No,No,16,One year,96.98,1519.14,Bank transfer,Fiber optic,Yes,Yes,Yes,No,No,No,Yes,No,Yes
CUST-01465,David Robinson,Female,1,80,No,No,44,One year,31.64,1357.65,Bank transfer,No,Yes,No internet service,No internet service,No internet service,No internet service,No internet service,No internet service,Yes,No
CUST-01466,Joshua Lewis,Female,0,36,Yes,No,8,Month-to-month,87.03,715.17,Bank transfer,Fiber optic,Yes,No,Yes,Yes,No,No,No,No,No
CUST-01467,Patricia Ramirez,Male,0,44,Yes,Yes,2,Month-to-month,80.15,144.82,Credit card,Fiber optic,Yes,No,No,No,No,Yes,No,No,No
CUST-01468,David Young,Female,0,39,No,No,27,One year,115.33,3131.64,Bank transfer,Fiber optic,Yes,Yes,No,No,Yes,Yes,Yes,Yes,No
CUST-01469,Barbara Sanchez,Male,0,40,Yes,Yes,1,Month-to-month,109.29,125.03,Credit card,Fiber optic,Yes,Yes,Yes,Yes,No,No,No,Yes,No
CUST-01470,Sarah Torres,Male,0,43,No,No,1,Month-to-month,87.03,111.35,Mailed check,Fiber optic,Yes,Yes,No,No,No,No,No,Yes,Yes
CUST-01471,Donna Nguyen,Male,0,55,Yes,No,51,Two year,36.2,1816.23,Mailed check,No,Yes,No internet service,No internet service,No internet service,No internet service,No internet service,No internet service,No,No
CUST-01472,Andrew Martin,Female,0,20,Yes,No,35,Two year,113.34,4015.41,Mailed check,Fiber optic,Yes,Yes,Yes,Yes,No,No,Yes,Yes,No
CUST-01473,Patricia White,Female,0,55,Yes,No,10,Month-to-month,88.03,912.27,Bank transfer,Fiber optic,Yes,Yes,No,No,No,No,No,No,Yes
CUST-01474,Emily Martin,Male,0,41,No,No,43,Two year,94.67,4024.98,Bank transfer,Fiber optic,No,No,Yes,No,Yes,Yes,No,Yes,Yes
CUST-01475,Thomas White,Male,0,50,No,Yes,11,Month-to-month,30.08,296.6,Mailed check,No,Yes,No internet service,No internet service,No internet service,No internet service,No internet service,No internet service,Yes,Yes
CUST-01476,Donna Brown,Female,0,47,Yes,No,25,One year,36.4,889.5,Electronic check,No,Yes,No internet service,No internet service,No internet service,No internet service,No internet service,No internet service,No,No
CUST-01477,Margaret Robinson,Male,0,32,Yes,No,40,One year,89.0,3583.94,Electronic check,Fiber optic,Yes,No,No,Yes,Yes,No,No,Yes,No
CUST-01478,Paul Perez,Female,0,19,Yes,Yes,3,Month-to-month,31.5,138.64,Bank transfer,No,Yes,No internet service,No internet service,No internet service,No internet service,No internet service,No internet service,No,Yes
CUST-01479,Thomas Flores,Male,0,44,No,No,49,Two year,71.64,3486.12,Bank transfer,DSL,Yes,No,Yes,No,No,Yes,No,Yes,Yes
CUST-01480,Patricia Taylor,Male,0,21,No,No,8,One year,30.44,199.36,Electronic check,No,Yes,No internet service,No internet service,No internet service,No internet service,No internet service,No internet service,Yes,Yes
CUST-01481,Sandra Robinson,Male,1,73,Yes,No,50,Two year,100.49,5029.61,Credit card,Fiber optic,Yes,Yes,No,No,Yes,No,Yes,No,No
CUST-01482,Mark Wilson,Male,0,41,No,No,11,Month-to-month,94.99,1065.74,Mailed check,Fiber optic,Yes,No,Yes,No,No,Yes,No,Yes,No
CUST-01483,Sarah Walker,Male,1,76,No,No,33,One year,121.92,4030.48,Bank transfer,Fiber optic,Yes,Yes,Yes,Yes,Yes,Yes,Yes,Yes,Yes
CUST-01484,Michelle Jones,Male,0,47,Yes,No,4,Month-to-month,95.63,428.08,Bank transfer,Fiber optic,Yes,Yes,No,No,No,No,Yes,No,No
CUST-01485,Donald Wilson,Female,0,41,Yes,No,7,Month-to-month,91.54,660.47,Bank transfer,Fiber optic,No,No,Yes,Yes,Yes,No,Yes,No,Yes
CUST-01486,William Wright,Male,0,49,No,No,39,One year,81.44,3201.92,Mailed check,Fiber optic,Yes,No,No,Yes,No,No,No,No,No
CUST-01487,Matthew Clark,Female,0,45,No,No,9,One year,99.01,870.96,Credit card,Fiber optic,Yes,No,Yes,No,Yes,No,No,No,No
CUST-01488,Elizabeth Perez,Female,0,60,No,No,39,One year,66.32,2593.09,Bank transfer,DSL,Yes,Yes,No,No,No,No,No,No,No
CUST-01489,Steven Williams,Male,0,51,No,No,41,Two year,29.03,1202.59,Bank transfer,No,No,No internet service,No internet service,No internet service,No internet service,No internet service,No internet service,Yes,No
CUST-01490,Andrew Scott,Male,0,52,No,No,67,Two year,93.0,6236.7,Bank transfer,Fiber optic,Yes,No,No,Yes,No,No,No,Yes,No
CUST-01491,Joseph Lee,Male,0,19,Yes,No,9,Month-to-month,74.44,718.22,Bank transfer,DSL,Yes,Yes,No,No,Yes,No,No,No,Yes
CUST-01492,Kimberly Brown,Female,0,44,Yes,No,10,Month-to-month,39.77,395.77,Electronic check,No,Yes,No internet service,No internet service,No internet service,No internet service,No internet service,No internet service,Yes,Yes
CUST-01493,Sarah Ramirez,Male,0,51,Yes,No,6,Month-to-month,82.48,491.92,Credit card,Fiber optic,No,No,Yes,Yes,No,Yes,No,No,Yes
CUST-01494,Charles Robinson,Female,0,52,Yes,Yes,2,Month-to-month,68.31,145.36,Bank transfer,DSL,Yes,No,Yes,No,No,Yes,No,Yes,No
CUST-01495,Susan Miller,Female,1,84,Yes,No,10,Month-to-month,89.42,896.9,Electronic check,Fiber optic,Yes,No,No,No,No,Yes,No,No,Yes
CUST-01496,Jessica White,Male,1,69,No,No,36,One year,104.11,3789.2,Bank transfer,Fiber optic,Yes,Yes,No,Yes,Yes,No,Yes,Yes,No
CUST-01497,Kimberly Smith,Male,0,24,Yes,No,43,One year,78.83,3383.93,Credit card,Fiber optic,No,No,No,Yes,No,No,No,Yes,No
CUST-01498,William Clark,Male,0,19,No,No,49,Two year,61.91,3043.35,Electronic check,DSL,Yes,No,Yes,No,No,No,No,Yes,No
CUST-01499,Matthew King,Female,0,42,No,No,13,Two year,69.76,919.69,Mailed check,DSL,Yes,No,No,Yes,No,No,Yes,No,No
CUST-01500,Patricia Thompson,Male,0,63,Yes,No,19,One year,31.55,609.76,Electronic check,No,Yes,No internet service,No internet service,No internet service,No internet service,No internet service,No internet service,Yes,Yes
CUST-01501,Matthew Gonzalez,Female,0,43,Yes,No,4,Month-to-month,94.63,411.43,Bank transfer,Fiber optic,Yes,No,Yes,Yes,Yes,No,No,Yes,Yes
CUST-01502,Betty Young,Male,0,56,No,No,9,Month-to-month,76.55,712.2,Credit card,DSL,Yes,Yes,Yes,No,No,Yes,No,No,No
CUST-01503,Sandra Martinez,Male,0,64,Yes,No,27,Two year,72.16,1933.61,Bank transfer,Fiber optic,No,No,Yes,No,No,Yes,No,Yes,No
CUST-01504,Elizabeth Johnson,Male,1,84,No,Yes,13,One year,99.2,1271.03,Mailed check,Fiber optic,Yes,Yes,No,No,No,Yes,Yes,No,No
CUST-01505,William White,Female,0,64,No,Yes,11,Month-to-month,62.98,698.52,Electronic check,DSL,No,No,Yes,No,No,No,No,No,Yes
CUST-01506,Matthew Clark,Female,0,33,No,No,4,Month-to-month,111.19,419.41,Bank transfer,Fiber optic,Yes,Yes,Yes,No,Yes,No,No,Yes,Yes
CUST-01507,Susan Wright,Female,0,41,No,No,21,Two year,26.91,598.68,Mailed check,No,Yes,No internet service,No internet service,No internet service,No internet service,No internet service,No internet service,Yes,No
CUST-01508,James Thompson,Male,0,42,No,No,25,Two year,106.28,2668.76,Electronic check,Fiber optic,Yes,Yes,Yes,No,No,No,Yes,Yes,No
CUST-01509,David Gonzalez,Female,0,42,No,Yes,43,Two year,28.91,1263.66,Electronic check,No,Yes,No internet service,No internet service,No internet service,No internet service,No internet service,No internet service,No,No
CUST-01510,Paul Young,Female,1,81,No,No,29,One year,92.19,2714.5,Mailed check,Fiber optic,Yes,Yes,No,No,No,No,Yes,No,No
CUST-01511,Ashley White,Male,0,38,Yes,No,9,Month-to-month,99.43,865.18,Mailed check,Fiber optic,Yes,No,No,No,Yes,Yes,Yes,No,Yes
CUST-01512,Donald Jones,Female,0,42,No,Yes,4,Month-to-month,29.03,124.67,Credit card,No,Yes,No internet service,No internet service,No internet service,No internet service,No internet service,No internet service,Yes,Yes
CUST-01513,Christopher Rodriguez,Female,1,75,No,Yes,3,Month-to-month,27.7,50.37,Bank transfer,No,No,No internet service,No internet service,No internet service,No internet service,No internet service,No internet service,Yes,No
CUST-01514,Elizabeth Thompson,Male,0,61,Yes,No,35,One year,105.31,3661.02,Credit card,Fiber optic,Yes,Yes,No,No,Yes,No,Yes,No,No
CUST-01515,Jessica Jackson,Female,0,40,Yes,No,7,Month-to-month,68.36,491.9,Electronic check,DSL,Yes,No,No,Yes,No,No,Yes,Yes,No
CUST-01516,Christopher Williams,Female,0,54,No,Yes,5,Month-to-month,95.87,442.21,Credit card,Fiber optic,Yes,Yes,Yes,No,No,No,No,Yes,No
CUST-01517,Patricia Allen,Female,0,43,No,No,22,One year,64.79,1451.03,Bank transfer,DSL,No,Yes,No,Yes,No,No,Yes,No,No
CUST-01518,Karen Sanchez,Female,0,51,Yes,Yes,10,Month-to-month,34.01,331.86,Credit card,No,Yes,No internet service,No internet service,No internet service,No internet service,No internet service,No internet service,Yes,No
CUST-01519,Nancy Moore,Male,0,48,Yes,No,10,Month-to-month,35.71,363.33,Bank transfer,No,Yes,No internet service,No internet service,No internet service,No internet service,No internet service,No internet service,Yes,No
CUST-01520,Michael Harris,Male,0,43,Yes,No,5,Month-to-month,80.18,388.21,Bank transfer,DSL,Yes,No,No,No,Yes,No,Yes,No,Yes
CUST-01521,Patricia Scott,Female,0,35,No,No,18,One year,37.72,634.77,Bank transfer,No,Yes,No internet service,No internet service,No internet service,No internet service,No internet service,No internet service,Yes,No
CUST-01522,Donald Moore,Male,0,19,No,No,66,Two year,95.11,6270.4,Electronic check,Fiber optic,Yes,Yes,Yes,No,No,No,Yes,Yes,No
CUST-01523,Joseph Anderson,Female,0,56,Yes,Yes,2,Month-to-month,28.81,47.99,Bank transfer,No,Yes,No internet service,No internet service,No internet service,No internet service,No internet service,No internet service,Yes,Yes
CUST-01524,Daniel Flores,Female,0,61,Yes,No,7,Month-to-month,97.86,699.77,Electronic check,Fiber optic,Yes,Yes,No,No,Yes,Yes,Yes,Yes,No
CUST-01525,Donald Smith,Female,0,51,No,No,30,One year,38.63,1157.64,Bank transfer,No,Yes,No internet service,No internet service,No internet service,No internet service,No internet service,No internet service,Yes,No
CUST-01526,Anthony Sanchez,Female,0,24,No,No,8,One year,95.44,810.44,Credit card,Fiber optic,No,No,No,No,Yes,Yes,Yes,Yes,No
CUST-01527,Richard Ramirez,Male,0,36,Yes,Yes,23,One year,72.85,1688.33,Mailed check,DSL,Yes,Yes,No,No,No,Yes,Yes,No,No
CUST-01528,Steven Sanchez,Male,0,38,No,No,6,Month-to-month,33.5,185.0,Bank transfer,No,Yes,No internet service,No internet service,No internet service,No internet service,No internet service,No internet service,Yes,No
CUST-01529,Andrew Lewis,Male,0,24,No,No,8,Month-to-month,80.7,664.25,Credit card,DSL,Yes,No,Yes,No,No,Yes,Yes,Yes,Yes
CUST-01530,Margaret Ramirez,Male,0,22,Yes,Yes,58,Two year,83.69,4868.58,Bank transfer,Fiber optic,Yes,No,Yes,No,No,No,No,Yes,Yes
CUST-01531,Christopher King,Female,0,63,No,No,32,One year,32.32,1009.61,Electronic check,No,Yes,No internet service,No internet service,No internet service,No internet service,No internet service,No internet service,Yes,No
CUST-01532,Charles Wright,Female,0,40,Yes,No,5,Month-to-month,87.57,443.9,Credit card,Fiber optic,Yes,No,Yes,No,No,No,Yes,Yes,Yes
CUST-01533,Donna Davis,Male,1,72,Yes,Yes,6,Month-to-month,101.9,632.36,Mailed check,Fiber optic,Yes,Yes,Yes,No,No,No,Yes,No,No
CUST-01534,John Perez,Male,0,63,Yes,No,32,Two year,120.53,3848.34,Credit card,Fiber optic,Yes,Yes,Yes,Yes,Yes,No,Yes,Yes,No
CUST-01535,Ashley Johnson,Male,0,37,Yes,No,3,Month-to-month,94.4,303.6,Credit card,Fiber optic,Yes,Yes,Yes,No,No,No,Yes,Yes,Yes
CUST-01536,Thomas Thomas,Male,1,84,No,No,9,Month-to-month,72.46,682.22,Mailed check,DSL,Yes,No,No,No,No,Yes,No,Yes,No
CUST-01537,Joseph Ramirez,Female,0,33,No,Yes,20,Two year,34.89,650.9,Electronic check,No,Yes,No internet service,No internet service,No internet service,No internet service,No internet service,No internet service,Yes,No
CUST-01538,Robert Wright,Male,0,58,No,No,23,Two year,105.38,2430.04,Mailed check,Fiber optic,Yes,Yes,Yes,No,Yes,No,No,Yes,Yes
CUST-01539,Linda Jackson,Female,0,61,No,Yes,23,One year,28.89,691.73,Credit card,No,Yes,No internet service,No internet service,No internet service,No internet service,No internet service,No internet service,No,No
CUST-01540,Kimberly Young,Female,0,43,Yes,Yes,3,Month-to-month,107.34,353.3,Credit card,Fiber optic,Yes,No,No,Yes,No,Yes,Yes,No,Yes
CUST-01541,Anthony Hernandez,Male,0,29,Yes,Yes,46,One year,107.31,4972.97,Electronic check,Fiber optic,Yes,No,Yes,Yes,Yes,No,No,No,No
CUST-01542,Barbara Garcia,Female,0,40,Yes,Yes,9,Month-to-month,99.56,903.4,Bank transfer,Fiber optic,Yes,Yes,No,No,No,Yes,Yes,No,No
CUST-01543,Joseph Moore,Female,1,76,No,Yes,20,One year,65.21,1308.24,Bank transfer,DSL,No,No,No,Yes,No,Yes,No,Yes,No
CUST-01544,Donald Wilson,Male,0,19,Yes,Yes,31,Two year,88.08,2718.92,Credit card,Fiber optic,No,No,No,No,No,Yes,Yes,No,No
CUST-01545,Betty Smith,Female,0,42,No,No,37,One year,112.01,4181.97,Electronic check,Fiber optic,Yes,Yes,Yes,Yes,Yes,Yes,No,Yes,No
CUST-01546,Karen Sanchez,Male,0,42,Yes,No,46,One year,35.7,1666.98,Bank transfer,No,Yes,No internet service,No internet service,No internet service,No internet service,No internet service,No internet service,Yes,No
CUST-01547,Robert Harris,Female,0,40,No,Yes,8,Month-to-month,98.62,780.68,Bank transfer,Fiber optic,Yes,Yes,No,No,No,Yes,No,Yes,No
CUST-01548,Charles King,Male,0,56,No,Yes,22,Two year,76.06,1700.99,Mailed check,DSL,Yes,No,No,No,No,No,Yes,No,No
CUST-01549,Thomas Lee,Female,0,22,Yes,Yes,29,One year,109.86,3191.7,Credit card,Fiber optic,Yes,Yes,Yes,No,Yes,Yes,No,Yes,No
CUST-01550,Michael Scott,Female,1,83,No,No,9,Month-to-month,74.85,660.18,Mailed check,DSL,Yes,No,Yes,No,No,Yes,No,Yes,Yes
CUST-01551,Barbara Miller,Male,1,69,No,No,3,Month-to-month,25.26,88.33,Bank transfer,No,Yes,No internet service,No internet service,No internet service,No internet service,No internet service,No internet service,Yes,Yes
CUST-01552,Michael Flores,Male,0,38,No,No,5,Month-to-month,76.25,348.39,Electronic check,DSL,No,Yes,No,Yes,No,No,Yes,No,Yes
CUST-01553,Michael Wilson,Male,0,33,Yes,No,33,One year,106.59,3473.85,Electronic check,Fiber optic,Yes,Yes,No,Yes,Yes,No,No,Yes,No
CUST-01554,Matthew Allen,Male,0,38,No,Yes,15,One year,66.53,951.37,Mailed check,DSL,Yes,Yes,No,No,No,No,No,Yes,No
CUST-01555,Jessica Martinez,Male,1,80,No,Yes,7,Month-to-month,37.8,258.81,Bank transfer,No,Yes,No internet service,No internet service,No internet service,No internet service,No internet service,No internet service,Yes,Yes
CUST-01556,Sandra Thomas,Female,0,35,Yes,Yes,9,Month-to-month,37.49,343.16,Credit card,No,Yes,No internet service,No internet service,No internet service,No internet service,No internet service,No internet service,No,No
CUST-01557,Betty Hill,Male,1,68,No,No,9,Month-to-month,98.52,925.21,Credit card,Fiber optic,Yes,Yes,Yes,No,No,No,No,No,Yes
CUST-01558,Patricia Thomas,Female,0,37,Yes,No,18,Two year,68.93,1238.26,Bank transfer,DSL,Yes,Yes,No,No,No,No,No,Yes,No
CUST-01559,William Martinez,Female,0,45,Yes,No,28,One year,61.15,1688.33,Bank transfer,DSL,Yes,No,No,No,Yes,No,No,Yes,No
CUST-01560,Sandra Jones,Female,0,31,Yes,No,3,Month-to-month,93.61,235.33,Credit card,Fiber optic,Yes,No,No,No,Yes,Yes,No,Yes,Yes
CUST-01561,Michelle Davis,Male,0,38,No,No,3,Month-to-month,78.35,281.53,Mailed check,DSL,Yes,Yes,No,No,No,No,Yes,Yes,Yes
CUST-01562,Mary Thomas,Male,0,40,Yes,No,9,Month-to-month,82.82,753.04,Electronic check,DSL,Yes,No,Yes,No,Yes,No,No,No,Yes
CUST-01563,Paul Robinson,Male,0,45,No,Yes,7,Month-to-month,94.47,619.1,Electronic check,Fiber optic,Yes,Yes,Yes,No,No,No,No,Yes,Yes
CUST-01564,Lisa Thompson,Female,1,66,Yes,No,2,Month-to-month,57.63,85.02,Electronic check,DSL,Yes,No,No,Yes,No,No,No,No,No
CUST-01565,Betty Taylor,Male,0,48,Yes,No,9,Month-to-month,102.92,888.63,Bank transfer,Fiber optic,Yes,Yes,Yes,Yes,No,No,No,Yes,Yes
CUST-01566,Elizabeth Hill,Female,1,68,No,Yes,10,Month-to-month,83.58,788.88,Mailed check,DSL,Yes,No,No,Yes,Yes,No,Yes,Yes,Yes
CUST-01567,Charles Rodriguez,Male,1,79,Yes,No,68,Two year,78.12,5322.28,Electronic check,Fiber optic,Yes,No,No,No,No,No,No,No,No
CUST-01568,Patricia Anderson,Female,0,23,No,Yes,6,Month-to-month,90.28,492.38,Mailed check,Fiber optic,Yes,Yes,No,Yes,No,No,No,Yes,No
CUST-01569,Michelle Moore,Female,0,28,Yes,No,5,Month-to-month,88.49,437.69,Mailed check,Fiber optic,Yes,No,Yes,Yes,No,No,No,No,No
CUST-01570,Karen Williams,Male,0,34,Yes,No,8,Month-to-month,115.38,971.06,Mailed check,Fiber optic,Yes,No,No,Yes,Yes,Yes,Yes,Yes,Yes
CUST-01571,William Anderson,Male,0,63,Yes,No,44,One year,37.63,1611.33,Bank transfer,No,Yes,No internet service,No internet service,No internet service,No internet service,No internet service,No internet service,Yes,No
CUST-01572,Michelle Taylor,Female,0,19,No,Yes,10,Month-to-month,28.51,256.37,Bank transfer,No,Yes,No internet service,No internet service,No internet service,No internet service,No internet service,No internet service,Yes,No
CUST-01573,Sarah Taylor,Male,0,62,No,Yes,39,Two year,117.48,4628.26,Mailed check,Fiber optic,Yes,Yes,Yes,Yes,No,Yes,No,Yes,No
CUST-01574,David Taylor,Male,1,79,No,No,17,Two year,88.82,1487.95,Bank transfer,Fiber optic,Yes,Yes,No,No,No,No,No,No,No
CUST-01575,Elizabeth Taylor,Male,0,22,Yes,No,22,One year,93.86,2082.77,Electronic check,Fiber optic,Yes,No,No,No,No,Yes,Yes,No,No
CUST-01576,Emily Williams,Male,0,35,Yes,Yes,10,Month-to-month,101.89,1002.58,Electronic check,Fiber optic,Yes,Yes,No,Yes,Yes,Yes,No,Yes,Yes
CUST-01577,Thomas Ramirez,Female,1,74,No,No,8,One year,64.86,479.55,Electronic check,DSL,No,Yes,No,Yes,No,Yes,No,Yes,No
CUST-01578,Mary Jones,Female,0,35,No,No,7,Month-to-month,114.07,814.63,Credit card,Fiber optic,Yes,Yes,Yes,No,Yes,No,Yes,Yes,No
CUST-01579,Michael Gonzalez,Female,0,55,Yes,Yes,8,Month-to-month,83.78,702.92,Electronic check,DSL,Yes,Yes,Yes,Yes,Yes,No,No,Yes,Yes
CUST-01580,Christopher Williams,Male,0,48,No,Yes,9,One year,35.82,353.91,Electronic check,No,Yes,No internet service,No internet service,No internet service,No internet service,No internet service,No internet service,No,No
CUST-01581,David Garcia,Female,0,59,No,No,43,One year,73.35,3187.37,Bank transfer,DSL,Yes,Yes,Yes,No,No,No,No,No,No
CUST-01582,Andrew White,Female,1,77,Yes,No,5,Month-to-month,77.09,376.22,Mailed check,Fiber optic,Yes,Yes,No,No,No,No,No,No,No
CUST-01583,Sandra Ramirez,Female,0,46,Yes,No,4,Month-to-month,91.82,333.33,Mailed check,DSL,Yes,Yes,No,Yes,Yes,Yes,No,No,Yes
CUST-01584,Thomas Allen,Male,0,34,Yes,Yes,19,Two year,72.9,1414.81,Credit card,Fiber optic,No,No,No,No,Yes,No,No,Yes,No
CUST-01585,Kimberly Martin,Male,0,19,Yes,No,12,One year,98.58,1205.38,Credit card,Fiber optic,Yes,No,No,No,Yes,Yes,Yes,No,Yes
CUST-01586,Michael Taylor,Female,0,33,No,No,8,Month-to-month,97.53,820.23,Credit card,Fiber optic,Yes,Yes,No,No,No,Yes,No,No,Yes
CUST-01587,Paul Nguyen,Female,0,59,No,No,5,Month-to-month,33.01,160.09,Mailed check,No,Yes,No internet service,No internet service,No internet service,No internet service,No internet service,No internet service,Yes,No
CUST-01588,Daniel Rodriguez,Female,0,42,Yes,No,2,Month-to-month,29.56,71.99,Mailed check,No,Yes,No internet service,No internet service,No internet service,No internet service,No internet service,No internet service,No,No
CUST-01589,Mark Taylor,Female,0,19,No,No,27,One year,90.46,2443.59,Electronic check,Fiber optic,Yes,No,No,No,Yes,No,No,No,Yes
CUST-01590,Sarah Moore,Male,0,59,No,No,15,Two year,93.55,1413.69,Electronic check,Fiber optic,Yes,No,Yes,No,Yes,Yes,No,No,No
CUST-01591,Robert Rodriguez,Male,1,73,Yes,No,4,Month-to-month,76.13,354.04,Electronic check,Fiber optic,Yes,No,No,No,No,No,No,Yes,Yes
CUST-01592,Ashley Lee,Male,0,22,Yes,No,3,Month-to-month,79.37,287.85,Bank transfer,DSL,Yes,No,No,Yes,Yes,Yes,No,No,Yes
CUST-01593,Sandra King,Male,0,44,No,No,32,Two year,83.06,2616.25,Credit card,DSL,Yes,Yes,No,No,Yes,Yes,Yes,Yes,No
CUST-01594,Kimberly Scott,Male,0,36,Yes,No,2,Month-to-month,92.29,180.7,Credit card,DSL,Yes,Yes,Yes,Yes,No,Yes,No,No,No
CUST-01595,Kimberly Lopez,Female,0,64,Yes,No,65,Two year,103.48,6754.59,Credit card,Fiber optic,No,Yes,Yes,No,Yes,Yes,No,Yes,No
CUST-01596,Jennifer White,Male,0,54,Yes,Yes,38,Two year,29.31,1154.25,Electronic check,No,Yes,No internet service,No internet service,No internet service,No internet service,No internet service,No internet service,No,No
CUST-01597,Joseph Johnson,Male,0,19,Yes,Yes,20,Two year,86.18,1695.02,Electronic check,DSL,Yes,No,Yes,Yes,No,Yes,No,Yes,No
CUST-01598,Michelle Allen,Female,0,29,Yes,No,9,Month-to-month,30.5,283.69,Credit card,No,Yes,No internet service,No internet service,No internet service,No internet service,No internet service,No internet service,Yes,No
CUST-01599,Linda Robinson,Female,0,43,No,No,2,Month-to-month,78.9,144.06,Mailed check,Fiber optic,Yes,No,No,No,Yes,No,No,Yes,Yes
CUST-01600,Barbara Torres,Female,0,64,Yes,Yes,56,Two year,60.59,3395.25,Bank transfer,DSL,Yes,No,No,No,Yes,No,No,Yes,Yes
CUST-01601,Donna Sanchez,Male,0,39,No,Yes,8,Month-to-month,63.18,499.21,Mailed check,DSL,Yes,No,No,No,No,No,No,Yes,Yes
CUST-01602,Thomas Ramirez,Female,0,19,No,No,71,Two year,38.1,2745.08,Bank transfer,No,Yes,No internet service,No internet service,No internet service,No internet service,No internet service,No internet service,No,No
CUST-01603,Jennifer Miller,Male,0,20,No,No,68,Two year,25.34,1752.55,Bank transfer,No,Yes,No internet service,No internet service,No internet service,No internet service,No internet service,No internet service,Yes,No
CUST-01604,Betty Williams,Male,0,27,No,No,25,Two year,32.39,840.24,Mailed check,No,Yes,No internet service,No internet service,No internet service,No internet service,No internet service,No internet service,Yes,No
CUST-01605,Charles Smith,Female,0,52,No,Yes,11,Month-to-month,63.14,660.81,Mailed check,DSL,No,Yes,Yes,No,No,No,No,No,Yes
CUST-01606,Joseph Torres,Male,0,31,No,No,23,Two year,81.77,1908.72,Electronic check,DSL,Yes,No,Yes,No,Yes,No,No,Yes,Yes
CUST-01607,Christopher Thompson,Male,0,37,Yes,No,8,Month-to-month,31.95,254.62,Credit card,No,Yes,No internet service,No internet service,No internet service,No internet service,No internet service,No internet service,Yes,Yes
CUST-01608,Kimberly Thomas,Male,0,57,No,Yes,49,Two year,31.99,1609.21,Credit card,No,Yes,No internet service,No internet service,No internet service,No internet service,No internet service,No internet service,No,No
CUST-01609,Matthew Brown,Male,1,76,Yes,No,33,One year,97.19,3223.2,Electronic check,Fiber optic,Yes,Yes,Yes,Yes,No,No,No,No,No
CUST-01610,Sarah Hernandez,Male,0,44,Yes,No,10,Month-to-month,58.2,597.03,Electronic check,DSL,Yes,No,No,No,No,No,No,Yes,No
CUST-01611,Kimberly Taylor,Female,0,62,No,Yes,10,Month-to-month,111.49,1125.05,Credit card,Fiber optic,No,No,Yes,No,Yes,Yes,Yes,No,Yes
CUST-01612,David Jackson,Female,0,62,Yes,Yes,16,One year,77.23,1281.48,Mailed check,Fiber optic,Yes,No,Yes,No,No,No,No,No,No
CUST-01613,Susan Hill,Female,0,58,Yes,No,6,Month-to-month,74.77,485.28,Mailed check,DSL,Yes,No,No,No,No,Yes,No,Yes,Yes
CUST-01614,Matthew Thompson,Female,0,61,No,No,36,Two year,67.41,2435.3,Mailed check,DSL,Yes,Yes,No,No,No,No,Yes,No,No
CUST-01615,Nancy Clark,Male,1,70,Yes,Yes,9,Month-to-month,102.05,903.21,Mailed check,Fiber optic,Yes,No,Yes,No,No,Yes,Yes,No,Yes
CUST-01616,Elizabeth Scott,Female,1,73,Yes,No,7,Month-to-month,82.01,587.18,Mailed check,DSL,Yes,Yes,Yes,No,No,No,Yes,Yes,No
CUST-01617,Karen Harris,Male,1,79,No,No,57,Two year,36.09,2054.37,Electronic check,No,Yes,No internet service,No internet service,No internet service,No internet service,No internet service,No internet service,No,No
CUST-01618,Anthony Thompson,Female,1,84,No,Yes,11,Month-to-month,71.89,794.47,Bank transfer,DSL,Yes,No,Yes,No,No,No,No,No,No
CUST-01619,Paul Sanchez,Male,0,50,Yes,Yes,3,Month-to-month,79.63,241.04,Mailed check,Fiber optic,Yes,No,Yes,Yes,No,No,No,Yes,Yes
CUST-01620,Barbara Taylor,Female,0,40,Yes,No,40,One year,80.0,3213.47,Bank transfer,DSL,Yes,Yes,No,No,Yes,No,No,No,No
CUST-01621,Robert Garcia,Male,0,37,No,No,52,Two year,95.17,4926.12,Credit card,Fiber optic,Yes,Yes,Yes,No,Yes,No,No,Yes,No
CUST-01622,Anthony Jackson,Male,0,26,Yes,No,39,One year,39.46,1501.76,Bank transfer,No,Yes,No internet service,No internet service,No internet service,No internet service,No internet service,No internet service,Yes,No
CUST-01623,Daniel Nguyen,Female,1,84,Yes,No,7,Month-to-month,88.7,582.26,Electronic check,DSL,Yes,No,Yes,No,No,Yes,Yes,Yes,Yes
CUST-01624,Patricia Davis,Female,1,69,Yes,No,1,Month-to-month,25.27,46.11,Mailed check,No,Yes,No internet service,No internet service,No internet service,No internet service,No internet service,No internet service,Yes,Yes
CUST-01625,Joseph Wright,Female,0,22,Yes,No,40,One year,100.49,3991.79,Mailed check,Fiber optic,Yes,Yes,Yes,Yes,No,No,No,No,No
CUST-01626,Mark Gonzalez,Female,0,45,Yes,Yes,9,Month-to-month,77.3,658.15,Mailed check,DSL,Yes,Yes,No,No,No,Yes,No,No,Yes
CUST-01627,Paul Allen,Male,0,55,Yes,No,12,Two year,77.49,943.12,Bank transfer,DSL,Yes,No,Yes,No,Yes,Yes,No,Yes,No
CUST-01628,Betty Wilson,Female,0,34,No,No,5,Month-to-month,94.81,495.02,Mailed check,Fiber optic,Yes,Yes,No,Yes,No,Yes,No,No,No
CUST-01629,Thomas Jackson,Male,0,60,No,Yes,37,Two year,28.55,1097.56,Credit card,No,Yes,No internet service,No internet service,No internet service,No internet service,No internet service,No internet service,No,No
CUST-01630,Christopher Taylor,Female,0,20,No,Yes,9,One year,111.95,999.76,Mailed check,Fiber optic,Yes,Yes,No,No,Yes,Yes,No,No,Yes
CUST-01631,Patricia Jackson,Male,0,54,No,No,38,One year,106.81,4066.22,Electronic check,Fiber optic,Yes,Yes,No,Yes,No,Yes,Yes,No,Yes
CUST-01632,Linda Lewis,Female,0,30,Yes,No,15,One year,36.28,549.1,Credit card,No,Yes,No internet service,No internet service,No internet service,No internet service,No internet service,No internet service,Yes,No
CUST-01633,Daniel White,Male,0,18,Yes,Yes,39,One year,96.19,3754.15,Mailed check,DSL,Yes,Yes,No,Yes,Yes,Yes,No,Yes,Yes
CUST-01634,Anthony Ramirez,Male,0,31,No,No,3,Month-to-month,109.24,334.98,Mailed check,Fiber optic,Yes,No,Yes,Yes,Yes,Yes,No,No,Yes
CUST-01635,Sarah Allen,Male,1,66,Yes,No,3,Month-to-month,117.25,339.78,Electronic check,Fiber optic,Yes,Yes,Yes,Yes,No,No,Yes,Yes,No
CUST-01636,Joseph Johnson,Female,0,60,No,No,1,Month-to-month,100.89,109.0,Electronic check,Fiber optic,No,Yes,Yes,Yes,No,Yes,No,Yes,Yes
CUST-01637,James Martinez,Male,0,20,No,No,6,Month-to-month,88.64,581.74,Electronic check,Fiber optic,No,Yes,Yes,No,No,No,Yes,No,Yes
CUST-01638,Andrew Scott,Male,0,62,No,No,19,One year,113.66,2203.04,Credit card,Fiber optic,Yes,Yes,Yes,Yes,No,Yes,No,Yes,No
CUST-01639,Richard Rodriguez,Male,0,32,Yes,No,10,Month-to-month,102.14,988.29,Credit card,DSL,Yes,Yes,Yes,No,Yes,Yes,Yes,Yes,Yes
CUST-01640,Jennifer Smith,Male,0,41,No,No,7,Month-to-month,75.23,488.96,Bank transfer,DSL,Yes,Yes,No,No,No,Yes,No,Yes,No
CUST-01641,Ashley Harris,Male,0,51,No,No,10,Month-to-month,72.67,682.78,Bank transfer,Fiber optic,No,Yes,No,No,No,No,Yes,Yes,No
CUST-01642,Karen Rodriguez,Female,0,47,No,No,13,Two year,100.86,1308.69,Mailed check,Fiber optic,Yes,Yes,No,No,No,Yes,Yes,No,No
CUST-01643,Michael Jackson,Male,0,62,No,No,69,Two year,92.34,6357.06,Bank transfer,DSL,Yes,Yes,No,No,Yes,Yes,Yes,No,No
CUST-01644,Robert Anderson,Male,0,49,Yes,No,6,Month-to-month,71.3,397.97,Electronic check,DSL,Yes,Yes,No,No,No,Yes,No,Yes,Yes
CUST-01645,Richard Taylor,Male,0,45,No,No,3,Month-to-month,96.37,259.18,Credit card,Fiber optic,Yes,Yes,No,No,Yes,No,No,Yes,No
CUST-01646,Donna Lee,Male,0,55,Yes,No,47,One year,87.33,4071.2,Bank transfer,Fiber optic,Yes,No,Yes,No,Yes,No,No,No,No
CUST-01647,Charles Harris,Male,0,55,No,No,31,One year,106.82,3294.66,Bank transfer,Fiber optic,Yes,Yes,Yes,No,No,No,Yes,Yes,Yes
CUST-01648,Joshua Clark,Male,0,35,No,No,8,Month-to-month,74.54,601.41,Bank transfer,DSL,Yes,Yes,No,No,No,Yes,No,Yes,No
CUST-01649,Donna Jackson,Female,0,40,No,No,3,Month-to-month,101.55,295.26,Electronic check,Fiber optic,Yes,Yes,No,No,Yes,No,Yes,Yes,No
CUST-01650,Elizabeth Lee,Female,0,20,Yes,Yes,8,Month-to-month,83.87,639.74,Electronic check,DSL,Yes,Yes,Yes,Yes,No,No,No,No,No
CUST-01651,Ashley Lewis,Female,0,44,No,Yes,33,Two year,36.45,1203.17,Mailed check,No,Yes,No internet service,No internet service,No internet service,No internet service,No internet service,No internet service,Yes,No
CUST-01652,Richard Smith,Male,0,20,Yes,No,30,Two year,76.96,2298.48,Electronic check,DSL,Yes,No,No,Yes,Yes,Yes,No,Yes,No
CUST-01653,Michael Jackson,Male,0,63,No,No,39,One year,37.2,1437.91,Credit card,No,Yes,No internet service,No internet service,No internet service,No internet service,No internet service,No internet service,Yes,No
CUST-01654,Linda Clark,Female,0,50,Yes,Yes,9,Month-to-month,108.32,982.07,Bank transfer,Fiber optic,Yes,No,Yes,Yes,Yes,Yes,No,Yes,No
CUST-01655,Kimberly Scott,Female,0,48,No,No,17,Two year,116.5,1981.81,Credit card,Fiber optic,Yes,Yes,No,No,Yes,No,Yes,No,No
CUST-01656,Emily Hill,Male,0,19,No,Yes,53,Two year,112.93,6005.38,Electronic check,Fiber optic,Yes,Yes,Yes,Yes,No,Yes,No,Yes,Yes
CUST-01657,William Ramirez,Female,1,71,No,No,3,Month-to-month,75.28,256.53,Bank transfer,DSL,Yes,No,Yes,Yes,No,No,No,Yes,Yes
CUST-01658,John Thompson,Female,0,18,No,No,8,Month-to-month,39.17,319.99,Mailed check,No,Yes,No internet service,No internet service,No internet service,No internet service,No internet service,No internet service,No,No
CUST-01659,Matthew Jones,Male,0,53,No,Yes,70,Two year,101.17,7114.56,Electronic check,Fiber optic,Yes,Yes,Yes,Yes,No,No,No,Yes,Yes
CUST-01660,Emily Taylor,Male,0,41,No,No,56,Two year,98.56,5495.92,Credit card,Fiber optic,Yes,Yes,Yes,No,Yes,No,No,Yes,No
CUST-01661,Betty Clark,Female,0,31,No,No,5,Month-to-month,84.04,422.05,Mailed check,Fiber optic,Yes,Yes,No,No,No,No,No,Yes,Yes
CUST-01662,Ashley Lee,Female,0,60,Yes,Yes,4,Month-to-month,71.42,258.17,Bank transfer,DSL,Yes,Yes,No,No,No,No,No,No,Yes
CUST-01663,Robert Miller,Female,0,56,No,Yes,47,One year,63.7,2994.46,Bank transfer,DSL,Yes,Yes,No,Yes,No,No,No,No,No
CUST-01664,Kimberly Walker,Female,0,61,No,No,11,Month-to-month,62.72,701.64,Credit card,DSL,Yes,No,No,No,No,No,No,Yes,Yes
CUST-01665,John Martin,Female,1,69,No,No,15,One year,81.5,1224.89,Mailed check,DSL,Yes,Yes,Yes,No,No,No,Yes,No,No
CUST-01666,Steven Walker,Male,0,35,No,No,9,Month-to-month,30.63,247.51,Bank transfer,No,Yes,No internet service,No internet service,No internet service,No internet service,No internet service,No internet service,Yes,No
CUST-01667,Richard Hill,Male,0,34,No,No,2,Month-to-month,78.16,135.13,Mailed check,DSL,Yes,Yes,No,No,Yes,No,No,Yes,Yes
CUST-01668,Andrew Ramirez,Male,0,54,No,No,7,Month-to-month,27.76,146.13,Electronic check,No,Yes,No internet service,No internet service,No internet service,No internet service,No internet service,No internet service,No,Yes
CUST-01669,Mark Martin,Female,0,34,No,Yes,28,One year,77.92,2230.54,Credit card,Fiber optic,Yes,No,No,No,No,Yes,No,Yes,No
CUST-01670,Charles King,Male,0,39,No,Yes,46,Two year,73.41,3340.08,Mailed check,DSL,Yes,No,No,No,No,No,Yes,No,No
CUST-01671,Donna Johnson,Female,0,47,Yes,No,11,Month-to-month,91.98,1025.04,Mailed check,DSL,Yes,No,Yes,Yes,No,No,Yes,No,No
CUST-01672,Mary Clark,Male,0,44,No,No,8,Month-to-month,106.21,834.52,Mailed check,Fiber optic,Yes,Yes,Yes,No,No,No,Yes,Yes,No
CUST-01673,Michael Perez,Male,1,77,No,Yes,32,Two year,112.23,3575.92,Bank transfer,Fiber optic,Yes,Yes,No,Yes,Yes,Yes,No,Yes,Yes
CUST-01674,John Moore,Male,0,31,No,No,7,Month-to-month,107.33,778.65,Mailed check,Fiber optic,Yes,Yes,Yes,No,Yes,Yes,Yes,No,Yes
CUST-01675,Mark Miller,Female,0,35,No,No,11,Month-to-month,104.18,1160.97,Credit card,Fiber optic,Yes,No,Yes,No,Yes,Yes,Yes,Yes,Yes
CUST-01676,Lisa Moore,Female,0,43,Yes,Yes,4,Month-to-month,82.66,333.76,Mailed check,Fiber optic,Yes,No,No,No,Yes,No,No,Yes,No
CUST-01677,John Thomas,Female,0,61,Yes,No,42,One year,29.12,1229.68,Bank transfer,No,Yes,No internet service,No internet service,No internet service,No internet service,No internet service,No internet service,No,No
CUST-01678,James Brown,Female,0,62,No,No,64,Two year,75.44,4874.12,Credit card,DSL,Yes,Yes,Yes,No,No,No,No,No,No
CUST-01679,Richard Walker,Male,0,33,No,No,63,Two year,86.64,5478.5,Credit card,DSL,Yes,No,Yes,No,Yes,No,Yes,No,No
CUST-01680,Karen Harris,Male,0,18,No,No,7,Month-to-month,87.77,641.14,Electronic check,Fiber optic,No,No,Yes,Yes,Yes,No,No,No,Yes
CUST-01681,Michael White,Female,0,36,Yes,No,1,Month-to-month,86.29,111.97,Bank transfer,DSL,Yes,No,Yes,Yes,No,Yes,No,Yes,No
CUST-01682,Thomas Garcia,Male,0,43,Yes,No,9,Month-to-month,74.06,632.7,Credit card,DSL,Yes,Yes,No,Yes,No,No,No,Yes,Yes
CUST-01683,Robert Lopez,Female,0,58,No,No,37,Two year,28.8,1056.98,Electronic check,No,Yes,No internet service,No internet service,No internet service,No internet service,No internet service,No internet service,Yes,No
CUST-01684,Michael Nguyen,Female,0,35,No,Yes,27,Two year,98.05,2653.1,Credit card,Fiber optic,Yes,No,No,No,Yes,Yes,No,No,No
CUST-01685,Steven Robinson,Male,0,35,No,No,51,Two year,77.26,3980.77,Bank transfer,DSL,Yes,Yes,Yes,No,Yes,No,No,Yes,No
CUST-01686,Linda Clark,Female,0,48,No,No,6,Month-to-month,78.08,457.58,Bank transfer,DSL,Yes,Yes,No,No,Yes,Yes,No,No,Yes
CUST-01687,Sarah Walker,Female,0,49,Yes,Yes,27,One year,100.04,2725.82,Bank transfer,Fiber optic,Yes,Yes,Yes,No,Yes,No,No,Yes,No
CUST-01688,Mark Hill,Male,0,32,Yes,Yes,1,Month-to-month,82.44,122.68,Credit card,DSL,Yes,Yes,Yes,No,No,No,No,No,Yes
CUST-01689,John Hill,Female,1,73,No,No,3,Month-to-month,97.8,246.32,Credit card,Fiber optic,Yes,Yes,No,Yes,No,No,No,No,Yes
CUST-01690,David Thomas,Female,0,47,No,No,37,One year,98.88,3695.41,Electronic check,Fiber optic,Yes,Yes,No,Yes,No,No,Yes,No,No
CUST-01691,Paul Johnson,Male,0,49,Yes,No,3,Month-to-month,90.95,249.95,Credit card,Fiber optic,No,No,Yes,No,No,Yes,No,Yes,Yes
CUST-01692,Elizabeth Jackson,Female,0,64,Yes,No,3,Month-to-month,70.87,232.41,Bank transfer,DSL,Yes,Yes,Yes,No,No,No,No,Yes,No
CUST-01693,Sandra Thomas,Female,0,43,No,No,52,Two year,81.64,4200.2,Electronic check,DSL,Yes,No,No,Yes,No,No,Yes,Yes,No
CUST-01694,Linda Martin,Male,0,25,Yes,No,38,One year,85.11,3233.94,Electronic check,Fiber optic,Yes,No,No,No,No,Yes,No,Yes,Yes
CUST-01695,Linda Flores,Male,0,26,Yes,Yes,2,Month-to-month,39.11,49.41,Bank transfer,No,Yes,No internet service,No internet service,No internet service,No internet service,No internet service,No internet service,Yes,No
CUST-01696,James Flores,Male,1,83,Yes,Yes,10,One year,31.42,287.28,Mailed check,No,Yes,No internet service,No internet service,No internet service,No internet service,No internet service,No internet service,Yes,Yes
CUST-01697,Kimberly Smith,Female,0,18,No,No,1,Month-to-month,85.57,85.57,Mailed check,DSL,Yes,Yes,Yes,No,No,Yes,Yes,No,Yes
CUST-01698,David Torres,Female,0,44,No,No,39,Two year,77.82,3025.93,Credit card,DSL,Yes,Yes,No,No,No,No,Yes,Yes,No
CUST-01699,Emily Hill,Female,0,33,No,No,7,Month-to-month,83.04,613.34,Bank transfer,DSL,Yes,No,Yes,No,No,Yes,Yes,Yes,No
CUST-01700,Jennifer Thomas,Female,0,59,Yes,No,56,Two year,97.28,5491.2,Bank transfer,DSL,Yes,No,Yes,Yes,Yes,No,Yes,Yes,No
CUST-01701,Ashley Jackson,Female,0,40,No,No,48,Two year,87.52,4214.72,Electronic check,Fiber optic,Yes,No,Yes,Yes,No,No,No,No,No
CUST-01702,Charles Smith,Male,0,34,No,No,6,Month-to-month,109.37,638.65,Mailed check,Fiber optic,Yes,Yes,Yes,No,No,Yes,No,Yes,Yes
CUST-01703,Joshua White,Female,0,46,Yes,Yes,59,Two year,83.19,4926.8,Electronic check,DSL,Yes,No,Yes,No,No,Yes,Yes,No,Yes
CUST-01704,Andrew Johnson,Male,0,27,Yes,Yes,3,Month-to-month,113.18,310.08,Credit card,Fiber optic,Yes,Yes,Yes,No,No,Yes,Yes,No,No
CUST-01705,Mark Wilson,Male,1,74,Yes,No,8,Month-to-month,38.91,335.34,Mailed check,No,Yes,No internet service,No internet service,No internet service,No internet service,No internet service,No internet service,No,No
CUST-01706,Mark Robinson,Male,0,24,No,No,24,One year,101.42,2474.84,Bank transfer,Fiber optic,Yes,Yes,Yes,No,No,No,Yes,Yes,Yes
CUST-01707,Christopher Allen,Male,0,46,No,No,8,Month-to-month,84.71,665.03,Credit card,DSL,Yes,No,Yes,Yes,Yes,No,Yes,No,No
CUST-01708,Paul Perez,Female,0,64,Yes,No,22,Two year,87.57,1936.34,Electronic check,DSL,Yes,No,Yes,No,Yes,No,Yes,No,No
CUST-01709,Matthew Martin,Male,0,41,No,No,2,Month-to-month,82.21,131.43,Mailed check,DSL,Yes,Yes,No,Yes,No,Yes,No,Yes,Yes
CUST-01710,Karen Flores,Male,0,63,Yes,No,11,Month-to-month,99.31,1071.0,Credit card,Fiber optic,Yes,No,Yes,No,No,No,Yes,No,No
CUST-01711,Jessica Hill,Male,0,19,No,No,7,Month-to-month,73.93,530.44,Mailed check,DSL,No,No,No,No,Yes,Yes,Yes,Yes,No
CUST-01712,Betty Thomas,Female,0,33,No,No,52,Two year,84.08,4333.39,Electronic check,DSL,Yes,Yes,No,No,Yes,No,No,Yes,No
CUST-01713,Donald Johnson,Female,1,81,Yes,No,12,One year,39.63,466.33,Credit card,No,Yes,No internet service,No internet service,No internet service,No internet service,No internet service,No internet service,No,No
CUST-01714,Barbara Clark,Female,0,33,Yes,No,53,Two year,23.08,1234.15,Bank transfer,No,No,No internet service,No internet service,No internet service,No internet service,No internet service,No internet service,Yes,No
CUST-01715,Emily Young,Male,0,30,Yes,No,28,One year,63.33,1757.09,Mailed check,DSL,Yes,Yes,No,No,No,No,No,Yes,No
CUST-01716,David Ramirez,Male,0,23,No,No,7,One year,33.36,220.58,Mailed check,No,Yes,No internet service,No internet service,No internet service,No internet service,No internet service,No internet service,No,No
CUST-01717,Emily Davis,Female,0,63,No,No,10,One year,96.02,952.91,Electronic check,Fiber optic,Yes,Yes,No,No,Yes,Yes,No,Yes,Yes
CUST-01718,Betty Nguyen,Male,0,41,Yes,No,52,Two year,33.43,1700.02,Bank transfer,No,Yes,No internet service,No internet service,No internet service,No internet service,No internet service,No internet service,Yes,No
CUST-01719,Donna King,Male,0,45,No,No,8,Month-to-month,79.04,678.29,Mailed check,Fiber optic,Yes,No,No,No,Yes,No,No,Yes,Yes
CUST-01720,Paul King,Male,0,50,Yes,No,8,Month-to-month,29.41,268.98,Electronic check,No,Yes,No internet service,No internet service,No internet service,No internet service,No internet service,No internet service,Yes,Yes
CUST-01721,Betty Garcia,Female,0,59,Yes,No,63,Two year,101.62,6387.36,Mailed check,Fiber optic,No,Yes,Yes,Yes,No,Yes,No,Yes,No
CUST-01722,John Robinson,Male,0,28,Yes,No,4,Month-to-month,87.33,372.38,Mailed check,Fiber optic,Yes,No,Yes,No,No,No,No,Yes,Yes
CUST-01723,Anthony Brown,Male,0,40,No,Yes,47,Two year,81.86,3818.59,Bank transfer,DSL,Yes,No,Yes,No,No,Yes,No,Yes,No
CUST-01724,Karen Lewis,Female,1,73,No,Yes,8,Month-to-month,110.91,909.28,Electronic check,Fiber optic,Yes,No,No,No,Yes,Yes,Yes,Yes,Yes
CUST-01725,Matthew Davis,Male,0,42,No,Yes,33,One year,121.04,3998.28,Electronic check,Fiber optic,Yes,Yes,No,Yes,Yes,Yes,No,Yes,Yes
CUST-01726,Michelle Ramirez,Female,0,43,Yes,No,1,Month-to-month,110.66,110.66,Mailed check,Fiber optic,Yes,Yes,Yes,Yes,Yes,Yes,No,Yes,Yes
CUST-01727,Thomas Harris,Female,0,33,No,Yes,8,Month-to-month,28.91,259.21,Electronic check,No,Yes,No internet service,No internet service,No internet service,No internet service,No internet service,No internet service,Yes,Yes
CUST-01728,Nancy Torres,Male,0,33,No,Yes,20,One year,82.31,1636.09,Mailed check,DSL,Yes,Yes,No,No,No,Yes,No,Yes,No
CUST-01729,Nancy Sanchez,Male,0,38,Yes,Yes,16,One year,100.11,1611.38,Mailed check,Fiber optic,Yes,Yes,Yes,No,No,No,No,Yes,No
CUST-01730,Susan Hernandez,Male,0,32,Yes,Yes,25,One year,86.56,2199.77,Electronic check,Fiber optic,Yes,No,Yes,No,No,No,No,No,No
CUST-01731,William Clark,Female,0,25,No,No,2,Month-to-month,103.72,159.52,Mailed check,Fiber optic,Yes,Yes,No,No,Yes,Yes,No,Yes,No
CUST-01732,Richard Jones,Female,0,53,No,Yes,30,One year,26.37,759.14,Credit card,No,Yes,No internet service,No internet service,No internet service,No internet service,No internet service,No internet service,Yes,No
CUST-01733,Sandra Taylor,Male,1,75,Yes,No,26,One year,88.57,2341.25,Credit card,Fiber optic,Yes,Yes,Yes,No,No,No,No,Yes,No
CUST-01734,Matthew Martin,Male,0,53,Yes,No,37,One year,100.8,3747.68,Credit card,Fiber optic,Yes,Yes,Yes,No,No,Yes,Yes,No,No
CUST-01735,Karen Brown,Male,0,41,Yes,Yes,5,Month-to-month,101.92,536.37,Electronic check,Fiber optic,Yes,No,No,No,No,Yes,Yes,Yes,No
CUST-01736,Jennifer Walker,Female,0,45,No,Yes,67,Two year,95.78,6445.25,Credit card,Fiber optic,Yes,No,Yes,No,Yes,No,Yes,Yes,No
CUST-01737,Patricia Wilson,Female,0,39,No,No,6,Month-to-month,105.68,645.23,Mailed check,Fiber optic,No,Yes,Yes,Yes,Yes,No,No,No,Yes
CUST-01738,Paul Miller,Female,0,28,No,Yes,17,One year,80.35,1412.53,Electronic check,Fiber optic,No,No,No,No,Yes,No,No,Yes,No
CUST-01739,Karen Gonzalez,Female,1,79,No,No,2,Month-to-month,84.99,219.02,Mailed check,DSL,Yes,Yes,No,No,Yes,Yes,Yes,Yes,No
CUST-01740,Michelle Thompson,Male,0,58,No,Yes,36,One year,78.24,2789.57,Bank transfer,DSL,Yes,No,No,No,No,Yes,Yes,No,No
CUST-01741,Nancy Robinson,Female,0,42,No,Yes,4,Month-to-month,107.38,394.61,Credit card,Fiber optic,Yes,Yes,Yes,No,Yes,No,No,Yes,Yes
CUST-01742,Daniel Perez,Male,0,39,No,Yes,30,Two year,110.89,3355.83,Bank transfer,Fiber optic,Yes,No,No,No,Yes,Yes,Yes,No,No
CUST-01743,Michael Nguyen,Female,0,55,Yes,Yes,1,Month-to-month,114.34,149.51,Credit card,Fiber optic,Yes,Yes,Yes,No,Yes,Yes,No,Yes,No
CUST-01744,Karen Miller,Female,0,30,Yes,Yes,11,Month-to-month,39.97,391.05,Mailed check,No,Yes,No internet service,No internet service,No internet service,No internet service,No internet service,No internet service,Yes,Yes
CUST-01745,Richard Hernandez,Male,0,28,No,No,5,Month-to-month,90.84,479.17,Mailed check,DSL,Yes,Yes,Yes,Yes,No,No,Yes,No,Yes
CUST-01746,Sarah Miller,Female,0,40,Yes,No,5,Month-to-month,32.81,181.09,Credit card,No,Yes,No internet service,No internet service,No internet service,No internet service,No internet service,No internet service,Yes,Yes
CUST-01747,Susan Nguyen,Female,0,53,No,No,4,Month-to-month,106.74,391.41,Electronic check,Fiber optic,Yes,Yes,Yes,No,Yes,Yes,No,No,No
CUST-01748,Ashley Moore,Male,0,45,Yes,No,41,One year,30.17,1269.0,Credit card,No,Yes,No internet service,No internet service,No internet service,No internet service,No internet service,No internet service,Yes,No
CUST-01749,Michael Scott,Female,0,62,Yes,No,6,Month-to-month,107.87,672.24,Electronic check,Fiber optic,Yes,Yes,Yes,Yes,Yes,No,No,Yes,Yes
CUST-01750,Sandra White,Female,0,61,No,No,44,One year,84.31,3722.23,Bank transfer,DSL,Yes,No,Yes,No,Yes,Yes,No,Yes,No
CUST-01751,Kimberly Wilson,Female,0,41,Yes,No,5,Month-to-month,101.22,546.17,Mailed check,Fiber optic,Yes,No,Yes,No,No,Yes,Yes,No,No
CUST-01752,Susan Thomas,Female,0,56,Yes,No,54,Two year,83.1,4451.25,Electronic check,Fiber optic,Yes,No,Yes,No,No,No,No,No,No
CUST-01753,Karen Martinez,Male,0,27,Yes,No,23,Two year,31.77,758.55,Bank transfer,No,Yes,No internet service,No internet service,No internet service,No internet service,No internet service,No internet service,Yes,No
CUST-01754,Anthony Nguyen,Female,0,19,No,No,2,Month-to-month,111.37,267.34,Credit card,Fiber optic,Yes,No,Yes,No,Yes,Yes,Yes,Yes,Yes
CUST-01755,Robert Johnson,Male,0,24,Yes,Yes,28,One year,36.55,977.75,Mailed check,No,Yes,No internet service,No internet service,No internet service,No internet service,No internet service,No internet service,Yes,No
CUST-01756,Donald Miller,Male,0,57,No,Yes,10,Month-to-month,59.96,554.1,Bank transfer,DSL,Yes,No,No,No,No,No,Yes,Yes,Yes
CUST-01757,Matthew Torres,Female,0,50,No,No,46,One year,50.82,2307.84,Mailed check,DSL,Yes,No,No,No,No,No,No,Yes,No
CUST-01758,Barbara Scott,Male,0,46,Yes,Yes,6,Month-to-month,117.18,740.21,Bank transfer,Fiber optic,Yes,Yes,Yes,Yes,No,Yes,Yes,Yes,No
CUST-01759,James Robinson,Male,1,82,No,No,28,One year,102.25,2834.69,Bank transfer,Fiber optic,Yes,Yes,No,No,Yes,Yes,No,Yes,Yes
CUST-01760,Linda Lee,Female,0,41,Yes,No,15,Two year,71.79,1111.28,Electronic check,DSL,Yes,No,No,No,Yes,Yes,No,Yes,No
CUST-01761,Steven King,Male,0,38,No,Yes,62,Two year,87.65,5385.52,Credit card,Fiber optic,Yes,No,Yes,No,No,No,No,No,No
CUST-01762,Joseph Walker,Male,0,28,Yes,No,2,Month-to-month,112.17,205.36,Mailed check,Fiber optic,Yes,Yes,No,Yes,Yes,Yes,No,Yes,Yes
CUST-01763,Richard Thomas,Male,0,43,Yes,No,21,One year,88.17,1843.62,Credit card,DSL,Yes,Yes,No,Yes,Yes,No,No,Yes,No
CUST-01764,William Clark,Male,0,41,No,No,45,One year,79.48,3594.25,Credit card,DSL,No,Yes,Yes,Yes,Yes,No,No,Yes,Yes
CUST-01765,Karen Harris,Female,0,38,Yes,Yes,65,Two year,107.47,6937.06,Credit card,Fiber optic,Yes,Yes,No,No,Yes,Yes,Yes,Yes,No
CUST-01766,John Williams,Female,0,33,Yes,No,38,One year,31.23,1216.82,Bank transfer,No,Yes,No internet service,No internet service,No internet service,No internet service,No internet service,No internet service,Yes,No
CUST-01767,Anthony Ramirez,Female,1,66,No,No,6,Month-to-month,28.82,155.95,Bank transfer,No,Yes,No internet service,No internet service,No internet service,No internet service,No internet service,No internet service,No,Yes
CUST-01768,Kimberly Wright,Male,1,65,No,No,10,Month-to-month,85.42,886.61,Credit card,DSL,Yes,Yes,No,Yes,Yes,No,Yes,No,No
CUST-01769,Jessica Young,Female,0,62,No,No,58,Two year,36.94,2191.46,Bank transfer,No,Yes,No internet service,No internet service,No internet service,No internet service,No internet service,No internet service,Yes,No
CUST-01770,Elizabeth Gonzalez,Female,0,63,Yes,No,14,Two year,38.02,520.9,Bank transfer,No,Yes,No internet service,No internet service,No internet service,No internet service,No internet service,No internet service,No,No
CUST-01771,Robert Miller,Female,0,21,Yes,Yes,8,One year,87.72,715.51,Bank transfer,Fiber optic,Yes,No,Yes,Yes,No,No,No,No,No
CUST-01772,Michelle Jackson,Female,1,72,No,No,18,Two year,103.17,1830.98,Electronic check,Fiber optic,Yes,No,No,Yes,No,Yes,Yes,Yes,No
CUST-01773,Richard Johnson,Female,0,48,No,No,2,Month-to-month,110.76,187.68,Electronic check,Fiber optic,Yes,No,No,Yes,No,Yes,Yes,Yes,Yes
CUST-01774,Betty Perez,Female,0,27,Yes,Yes,4,Month-to-month,76.36,304.23,Credit card,DSL,Yes,No,No,No,Yes,No,Yes,No,No
CUST-01775,Donna Williams,Female,0,33,Yes,No,25,One year,109.37,2745.81,Mailed check,DSL,Yes,Yes,Yes,Yes,Yes,Yes,Yes,No,No
CUST-01776,Lisa Taylor,Female,0,45,No,Yes,37,One year,112.2,4143.46,Bank transfer,Fiber optic,Yes,Yes,Yes,Yes,No,Yes,No,No,No
CUST-01777,William Clark,Female,0,41,No,No,8,Month-to-month,34.21,245.57,Mailed check,No,Yes,No internet service,No internet service,No internet service,No internet service,No internet service,No internet service,No,No
CUST-01778,Lisa Robinson,Male,0,58,No,No,8,Month-to-month,111.33,912.62,Mailed check,Fiber optic,Yes,Yes,Yes,Yes,No,Yes,Yes,Yes,Yes
CUST-01779,Andrew Sanchez,Male,0,24,Yes,No,9,Month-to-month,34.48,342.22,Credit card,No,Yes,No internet service,No internet service,No internet service,No internet service,No internet service,No internet service,Yes,No
CUST-01780,Ashley Brown,Female,0,44,Yes,No,14,One year,81.82,1185.63,Electronic check,DSL,Yes,No,Yes,No,No,Yes,Yes,No,No
CUST-01781,Christopher Lee,Male,0,63,No,No,15,One year,107.61,1656.09,Electronic check,Fiber optic,Yes,Yes,Yes,Yes,Yes,No,No,Yes,No
CUST-01782,Karen Garcia,Male,0,29,Yes,No,21,One year,95.8,2004.91,Credit card,Fiber optic,Yes,Yes,Yes,No,No,No,No,Yes,No
CUST-01783,Donald Wright,Male,0,27,No,Yes,5,Month-to-month,87.74,476.93,Bank transfer,DSL,Yes,Yes,No,No,Yes,No,Yes,No,No
CUST-01784,Karen Smith,Female,1,66,No,No,13,One year,95.93,1250.72,Credit card,Fiber optic,Yes,No,No,No,Yes,Yes,No,Yes,No
CUST-01785,Margaret Lee,Male,0,55,Yes,No,4,Month-to-month,80.21,278.34,Bank transfer,Fiber optic,No,No,No,Yes,No,Yes,No,Yes,Yes
CUST-01786,Robert Nguyen,Male,0,30,Yes,No,10,Month-to-month,81.74,793.87,Bank transfer,DSL,Yes,Yes,No,No,Yes,No,No,Yes,Yes
CUST-01787,Kimberly Martin,Female,0,52,Yes,No,9,Month-to-month,104.6,978.45,Credit card,Fiber optic,Yes,No,Yes,Yes,Yes,No,No,No,Yes
CUST-01788,Matthew Robinson,Female,0,46,Yes,No,10,Month-to-month,31.25,335.0,Bank transfer,No,Yes,No internet service,No internet service,No internet service,No internet service,No internet service,No internet service,Yes,No
CUST-01789,Donald Martin,Male,1,84,No,Yes,21,Two year,64.86,1320.8,Electronic check,DSL,Yes,No,No,No,Yes,No,No,Yes,No
CUST-01790,Jennifer Wright,Male,0,51,Yes,No,19,One year,99.12,1860.73,Credit card,Fiber optic,Yes,Yes,No,Yes,Yes,No,No,Yes,No
CUST-01791,Mark White,Male,0,44,Yes,No,47,One year,33.45,1608.83,Electronic check,No,Yes,No internet service,No internet service,No internet service,No internet service,No internet service,No internet service,No,No
CUST-01792,Margaret Smith,Female,0,32,No,Yes,10,Month-to-month,86.84,894.69,Credit card,Fiber optic,Yes,No,No,Yes,No,No,No,Yes,No
CUST-01793,Mary Scott,Male,0,29,Yes,Yes,55,Two year,72.68,4046.82,Credit card,DSL,Yes,Yes,No,Yes,No,No,No,No,No
CUST-01794,Robert Wright,Male,0,49,No,Yes,8,Month-to-month,73.82,553.9,Credit card,DSL,Yes,Yes,Yes,No,No,Yes,No,Yes,Yes
CUST-01795,William Hernandez,Female,0,37,Yes,No,13,Two year,81.52,1044.66,Bank transfer,DSL,Yes,Yes,Yes,Yes,Yes,No,No,Yes,No
CUST-01796,Karen Brown,Male,0,31,Yes,No,9,Month-to-month,85.42,723.94,Mailed check,DSL,Yes,Yes,No,Yes,No,Yes,No,No,Yes
CUST-01797,Sandra Clark,Female,0,57,Yes,No,61,Two year,37.35,2236.64,Electronic check,No,Yes,No internet service,No internet service,No internet service,No internet service,No internet service,No internet service,Yes,No
CUST-01798,Donald Wright,Female,0,27,Yes,No,7,Month-to-month,83.31,563.08,Electronic check,Fiber optic,Yes,No,No,No,Yes,No,No,No,Yes
CUST-01799,Anthony Robinson,Male,0,24,No,Yes,44,Two year,82.61,3647.41,Credit card,Fiber optic,Yes,No,Yes,No,No,Yes,No,Yes,No
CUST-01800,Mark Jones,Female,0,26,No,No,24,One year,92.72,2263.74,Credit card,DSL,Yes,Yes,Yes,No,Yes,No,Yes,No,Yes
CUST-01801,Jennifer Lopez,Male,0,34,Yes,Yes,8,Month-to-month,36.31,243.19,Bank transfer,No,Yes,No internet service,No internet service,No internet service,No internet service,No internet service,No internet service,Yes,Yes
CUST-01802,Michael Flores,Female,1,68,No,No,21,One year,113.28,2362.42,Electronic check,Fiber optic,Yes,Yes,Yes,No,Yes,No,Yes,Yes,Yes
CUST-01803,Michelle Lee,Female,0,33,No,No,14,One year,100.13,1364.96,Electronic check,Fiber optic,Yes,Yes,Yes,No,Yes,No,No,Yes,Yes
CUST-01804,Matthew Smith,Male,0,54,Yes,No,2,Month-to-month,86.95,178.13,Electronic check,Fiber optic,Yes,Yes,No,Yes,No,No,No,Yes,Yes
CUST-01805,Steven Torres,Male,1,81,No,No,3,Month-to-month,90.43,278.72,Credit card,DSL,Yes,Yes,No,Yes,Yes,Yes,Yes,Yes,Yes
CUST-01806,Matthew Perez,Male,1,81,No,No,27,One year,82.45,2181.16,Mailed check,DSL,Yes,No,Yes,No,Yes,No,Yes,Yes,No
CUST-01807,Sandra Young,Male,0,37,No,Yes,35,One year,72.3,2498.2,Mailed check,DSL,Yes,Yes,No,No,Yes,No,No,Yes,No
CUST-01808,Andrew Martinez,Female,0,39,Yes,No,3,Month-to-month,32.87,77.34,Bank transfer,No,Yes,No internet service,No internet service,No internet service,No internet service,No internet service,No internet service,No,No
CUST-01809,William Thompson,Female,0,53,No,Yes,67,Two year,81.04,5401.29,Mailed check,DSL,Yes,No,Yes,Yes,No,No,No,Yes,Yes
CUST-01810,Susan Allen,Male,0,44,Yes,Yes,39,Two year,25.11,982.01,Mailed check,No,Yes,No internet service,No internet service,No internet service,No internet service,No internet service,No internet service,Yes,No
CUST-01811,Jennifer Jackson,Male,0,60,Yes,Yes,6,Month-to-month,66.59,379.78,Bank transfer,DSL,Yes,No,No,No,Yes,No,No,Yes,No
CUST-01812,Nancy Rodriguez,Female,1,72,Yes,No,6,Month-to-month,111.84,653.77,Credit card,Fiber optic,Yes,No,Yes,Yes,No,Yes,No,No,No
CUST-01813,Jennifer Miller,Female,0,64,Yes,No,42,Two year,118.43,4948.32,Mailed check,Fiber optic,Yes,Yes,Yes,No,Yes,Yes,No,No,No
CUST-01814,Kimberly Jones,Female,0,24,No,No,6,Month-to-month,85.08,556.13,Electronic check,DSL,Yes,Yes,Yes,No,No,No,Yes,Yes,No
CUST-01815,Elizabeth Nguyen,Male,1,75,Yes,No,4,Month-to-month,113.05,457.71,Mailed check,Fiber optic,Yes,Yes,Yes,No,No,Yes,Yes,Yes,Yes
CUST-01816,Joseph Martin,Male,1,77,No,Yes,10,Month-to-month,58.61,558.06,Credit card,DSL,Yes,No,No,No,No,Yes,No,Yes,No
CUST-01817,Matthew King,Male,1,67,Yes,No,2,Month-to-month,80.11,164.58,Bank transfer,DSL,Yes,Yes,No,No,Yes,No,No,Yes,No
CUST-01818,Barbara Walker,Female,0,55,No,No,5,Month-to-month,27.67,167.52,Mailed check,No,Yes,No internet service,No internet service,No internet service,No internet service,No internet service,No internet service,No,No
CUST-01819,Donald Jones,Female,0,21,Yes,No,8,Month-to-month,65.34,534.15,Electronic check,DSL,No,Yes,Yes,No,No,No,No,Yes,Yes
CUST-01820,Anthony Martinez,Male,0,20,Yes,No,9,Month-to-month,80.71,730.77,Mailed check,DSL,Yes,Yes,No,Yes,No,No,Yes,Yes,No
CUST-01821,Margaret Allen,Male,0,37,Yes,No,5,Month-to-month,85.06,399.09,Electronic check,Fiber optic,Yes,No,Yes,No,No,Yes,No,Yes,Yes
CUST-01822,Donna Davis,Female,0,21,Yes,Yes,12,One year,107.07,1283.49,Bank transfer,Fiber optic,Yes,Yes,Yes,No,No,No,Yes,Yes,No
CUST-01823,Joseph Ramirez,Male,0,53,Yes,Yes,4,Month-to-month,78.73,357.34,Bank transfer,DSL,Yes,Yes,No,No,No,Yes,Yes,Yes,No
CUST-01824,Ashley Williams,Male,0,48,Yes,No,3,Month-to-month,107.95,340.3,Credit card,DSL,Yes,Yes,Yes,Yes,No,Yes,Yes,No,No
CUST-01825,Jennifer Young,Female,0,22,Yes,No,27,One year,58.1,1592.81,Credit card,DSL,Yes,No,No,Yes,No,No,No,No,No
CUST-01826,Michael Lopez,Female,0,58,No,No,22,Two year,113.22,2445.08,Electronic check,Fiber optic,Yes,Yes,Yes,No,Yes,No,Yes,Yes,No
CUST-01827,Anthony Johnson,Male,0,36,No,No,9,Month-to-month,73.02,608.93,Bank transfer,DSL,Yes,No,No,No,No,Yes,No,Yes,No
CUST-01828,Emily Torres,Male,0,62,No,No,31,One year,106.64,3339.89,Mailed check,Fiber optic,Yes,Yes,Yes,Yes,No,No,Yes,Yes,Yes
CUST-01829,Thomas Sanchez,Female,0,37,Yes,Yes,8,Month-to-month,105.73,892.55,Credit card,Fiber optic,Yes,Yes,Yes,No,No,Yes,No,No,Yes
CUST-01830,Sarah White,Male,0,55,Yes,Yes,9,Month-to-month,98.71,897.59,Mailed check,Fiber optic,Yes,No,No,No,Yes,Yes,No,Yes,No
CUST-01831,Kimberly Brown,Male,1,83,Yes,No,6,Month-to-month,33.34,168.91,Bank transfer,No,Yes,No internet service,No internet service,No internet service,No internet service,No internet service,No internet service,No,Yes
CUST-01832,Mary Miller,Female,0,30,No,No,34,Two year,106.94,3673.21,Bank transfer,Fiber optic,Yes,Yes,No,Yes,No,Yes,No,Yes,No
CUST-01833,Richard Smith,Female,0,36,Yes,No,2,Month-to-month,37.86,119.21,Mailed check,No,Yes,No internet service,No internet service,No internet service,No internet service,No internet service,No internet service,Yes,No
CUST-01834,Matthew Jones,Female,0,62,No,No,36,Two year,81.44,2916.16,Credit card,DSL,Yes,Yes,No,Yes,No,No,Yes,No,No
CUST-01835,Susan Young,Male,1,72,Yes,Yes,15,Two year,102.0,1555.57,Mailed check,Fiber optic,Yes,Yes,No,Yes,No,No,No,Yes,No
CUST-01836,Donald Martin,Male,0,22,Yes,No,2,Month-to-month,34.16,39.78,Bank transfer,No,Yes,No internet service,No internet service,No internet service,No internet service,No internet service,No internet service,Yes,Yes
CUST-01837,David Lee,Female,0,64,No,No,7,Month-to-month,96.38,697.39,Mailed check,Fiber optic,Yes,No,No,No,Yes,Yes,Yes,No,Yes
CUST-01838,Richard Williams,Female,0,20,Yes,Yes,18,One year,32.33,554.63,Bank transfer,No,Yes,No internet service,No internet service,No internet service,No internet service,No internet service,No internet service,No,No
CUST-01839,Matthew Taylor,Male,0,26,Yes,No,4,Month-to-month,96.0,423.74,Credit card,Fiber optic,Yes,Yes,No,No,Yes,No,No,No,No
CUST-01840,Nancy Taylor,Female,0,26,Yes,No,42,One year,91.31,3839.17,Mailed check,Fiber optic,No,No,No,Yes,Yes,Yes,No,Yes,Yes
CUST-01841,Daniel Thompson,Female,0,46,Yes,No,4,Month-to-month,107.68,441.21,Bank transfer,Fiber optic,No,Yes,Yes,Yes,Yes,No,Yes,Yes,Yes
CUST-01842,Susan Brown,Male,0,54,No,No,6,Month-to-month,103.84,620.55,Mailed check,Fiber optic,Yes,No,No,No,Yes,Yes,Yes,Yes,No
CUST-01843,Andrew Wright,Female,0,35,No,Yes,1,Month-to-month,55.88,55.88,Mailed check,DSL,No,No,No,No,Yes,No,Yes,No,No
CUST-01844,Jennifer Johnson,Female,0,53,No,No,3,Month-to-month,68.56,215.78,Mailed check,DSL,Yes,Yes,No,No,No,No,No,Yes,No
CUST-01845,Barbara Lee,Female,0,26,No,No,6,Month-to-month,75.44,476.39,Credit card,DSL,Yes,No,No,Yes,No,Yes,No,Yes,No
CUST-01846,Charles Wright,Female,0,34,No,Yes,9,Month-to-month,86.98,757.79,Credit card,Fiber optic,Yes,No,Yes,No,Yes,No,No,No,Yes
CUST-01847,Barbara Lewis,Male,0,42,Yes,No,7,One year,81.26,605.63,Electronic check,DSL,Yes,Yes,Yes,Yes,No,No,No,No,No
CUST-01848,Betty Robinson,Female,0,49,No,Yes,11,Month-to-month,75.64,862.06,Bank transfer,DSL,Yes,No,No,No,Yes,Yes,No,No,Yes
CUST-01849,James Sanchez,Male,0,38,No,No,1,Month-to-month,114.16,126.19,Electronic check,Fiber optic,Yes,No,Yes,No,Yes,Yes,Yes,No,Yes
CUST-01850,Jennifer Gonzalez,Male,0,50,Yes,No,6,Month-to-month,96.63,587.59,Electronic check,Fiber optic,Yes,Yes,No,No,No,No,Yes,Yes,Yes
CUST-01851,Paul Lewis,Female,1,69,No,Yes,7,Month-to-month,26.01,212.37,Mailed check,No,Yes,No internet service,No internet service,No internet service,No internet service,No internet service,No internet service,Yes,No
CUST-01852,Emily Gonzalez,Female,0,63,Yes,No,3,Month-to-month,76.65,212.56,Electronic check,Fiber optic,Yes,No,No,No,No,No,No,Yes,No
CUST-01853,Steven Torres,Female,0,34,Yes,Yes,20,One year,121.9,2394.2,Credit card,Fiber optic,Yes,Yes,Yes,Yes,Yes,Yes,No,No,No
CUST-01854,Sarah Davis,Female,1,83,Yes,Yes,5,Month-to-month,108.65,514.48,Credit card,Fiber optic,Yes,No,No,Yes,Yes,Yes,Yes,Yes,Yes
CUST-01855,Lisa Smith,Male,0,36,Yes,No,3,Month-to-month,75.64,247.16,Credit card,DSL,Yes,No,No,No,Yes,No,Yes,No,Yes
CUST-01856,Joseph Williams,Male,1,79,Yes,Yes,25,One year,38.34,921.85,Bank transfer,No,Yes,No internet service,No internet service,No internet service,No internet service,No internet service,No internet service,No,No
CUST-01857,Michelle Wilson,Female,0,31,Yes,No,24,Two year,31.01,779.31,Mailed check,No,Yes,No internet service,No internet service,No internet service,No internet service,No internet service,No internet service,Yes,No
CUST-01858,Thomas Flores,Male,0,58,Yes,No,6,Month-to-month,91.34,596.32,Credit card,DSL,Yes,Yes,Yes,Yes,Yes,No,No,Yes,No
CUST-01859,Patricia Lee,Male,0,47,No,No,14,One year,91.09,1240.82,Electronic check,DSL,Yes,Yes,Yes,No,Yes,No,Yes,Yes,No
CUST-01860,Matthew Miller,Male,0,51,Yes,No,1,Month-to-month,99.65,99.65,Mailed check,DSL,Yes,Yes,Yes,Yes,No,Yes,No,Yes,No
CUST-01861,David Smith,Female,0,44,No,No,40,Two year,81.0,3220.71,Bank transfer,DSL,Yes,No,Yes,No,Yes,No,Yes,No,No
CUST-01862,Matthew Lopez,Male,0,46,Yes,Yes,7,Month-to-month,91.12,657.68,Electronic check,Fiber optic,Yes,Yes,No,Yes,No,No,No,No,No
CUST-01863,Joseph Ramirez,Female,0,22,Yes,No,37,Two year,33.07,1214.62,Bank transfer,No,Yes,No internet service,No internet service,No internet service,No internet service,No internet service,No internet service,Yes,No
CUST-01864,Betty Jones,Female,0,39,Yes,No,17,One year,89.55,1480.34,Bank transfer,DSL,Yes,No,Yes,No,Yes,Yes,No,Yes,Yes
CUST-01865,Margaret Jones,Male,0,64,Yes,No,22,One year,98.28,2153.92,Electronic check,Fiber optic,Yes,Yes,No,Yes,No,Yes,No,Yes,No
CUST-01866,William Nguyen,Female,0,45,No,No,32,Two year,93.79,2961.04,Credit card,Fiber optic,Yes,No,Yes,No,No,No,No,Yes,No
CUST-01867,Patricia Garcia,Male,0,29,No,No,4,Month-to-month,71.29,330.44,Mailed check,DSL,Yes,No,No,Yes,Yes,No,No,Yes,No
CUST-01868,Charles Scott,Male,0,41,Yes,No,27,One year,35.58,989.61,Mailed check,No,Yes,No internet service,No internet service,No internet service,No internet service,No internet service,No internet service,Yes,No
CUST-01869,John Lopez,Male,0,29,No,No,24,One year,108.43,2554.02,Credit card,Fiber optic,Yes,No,Yes,Yes,No,Yes,Yes,Yes,No
CUST-01870,Emily Miller,Female,0,48,No,No,9,Month-to-month,73.62,637.63,Mailed check,DSL,Yes,No,Yes,Yes,No,No,No,No,No
CUST-01871,Karen Allen,Male,0,57,No,Yes,9,Month-to-month,71.9,671.05,Electronic check,DSL,Yes,No,No,Yes,No,No,Yes,No,No
CUST-01872,David Taylor,Male,0,60,No,No,4,Month-to-month,100.75,381.42,Bank transfer,Fiber optic,Yes,Yes,Yes,No,Yes,No,No,No,Yes
CUST-01873,Paul Smith,Female,1,69,Yes,No,2,Month-to-month,95.04,190.52,Bank transfer,Fiber optic,Yes,Yes,No,No,No,No,No,Yes,Yes
CUST-01874,Linda Flores,Male,1,82,No,Yes,9,Month-to-month,31.48,296.0,Credit card,No,Yes,No internet service,No internet service,No internet service,No internet service,No internet service,No internet service,Yes,No
CUST-01875,Anthony Flores,Male,1,70,No,No,5,Month-to-month,103.61,481.38,Bank transfer,Fiber optic,Yes,Yes,Yes,No,Yes,No,No,Yes,Yes
CUST-01876,James Scott,Female,0,53,Yes,No,2,Month-to-month,39.2,68.15,Electronic check,No,Yes,No internet service,No internet service,No internet service,No internet service,No internet service,No internet service,Yes,Yes
CUST-01877,Michael Hill,Male,0,49,Yes,Yes,13,Two year,73.59,919.67,Electronic check,Fiber optic,Yes,No,No,No,No,No,No,Yes,No
CUST-01878,Lisa Hernandez,Female,1,67,No,No,24,One year,118.92,2805.63,Credit card,Fiber optic,Yes,Yes,Yes,Yes,Yes,No,No,No,No
CUST-01879,Donald Johnson,Male,1,82,No,No,30,Two year,66.2,1975.07,Bank transfer,DSL,Yes,No,Yes,Yes,No,No,No,Yes,No
CUST-01880,Elizabeth Martinez,Female,0,29,Yes,Yes,25,One year,29.8,758.47,Mailed check,No,Yes,No internet service,No internet service,No internet service,No internet service,No internet service,No internet service,No,No
CUST-01881,Donna Miller,Male,1,72,No,No,27,One year,79.76,2123.24,Credit card,DSL,Yes,No,Yes,No,Yes,Yes,Yes,Yes,Yes
CUST-01882,Joshua Johnson,Male,0,33,No,No,8,Month-to-month,29.44,186.25,Mailed check,No,Yes,No internet service,No internet service,No internet service,No internet service,No internet service,No internet service,Yes,No
CUST-01883,Donald Thompson,Male,0,33,No,No,35,Two year,84.66,2962.0,Electronic check,DSL,Yes,Yes,Yes,No,Yes,No,No,Yes,No
CUST-01884,Steven Moore,Male,0,39,No,No,2,Month-to-month,29.8,29.8,Mailed check,No,Yes,No internet service,No internet service,No internet service,No internet service,No internet service,No internet service,No,Yes
CUST-01885,Karen Lee,Male,0,24,Yes,Yes,44,One year,97.82,4295.93,Credit card,Fiber optic,Yes,No,Yes,No,No,No,Yes,Yes,No
CUST-01886,Robert Johnson,Male,0,40,No,No,1,Month-to-month,85.48,110.31,Electronic check,Fiber optic,Yes,No,No,No,No,Yes,No,Yes,No
CUST-01887,Kimberly Lopez,Female,0,21,No,No,47,Two year,25.53,1181.24,Electronic check,No,Yes,No internet service,No internet service,No internet service,No internet service,No internet service,No internet service,No,No
CUST-01888,Joshua Anderson,Male,1,80,Yes,No,15,Two year,26.51,399.5,Credit card,No,Yes,No internet service,No internet service,No internet service,No internet service,No internet service,No internet service,No,No
CUST-01889,Mary King,Male,1,78,Yes,No,3,Month-to-month,114.54,358.37,Bank transfer,Fiber optic,Yes,No,Yes,No,Yes,Yes,Yes,Yes,Yes
CUST-01890,Christopher King,Male,0,27,Yes,No,15,One year,72.74,1072.87,Mailed check,DSL,Yes,No,Yes,No,Yes,No,No,Yes,No
CUST-01891,Barbara Williams,Female,0,40,Yes,Yes,33,One year,93.19,3125.18,Bank transfer,Fiber optic,Yes,No,Yes,No,No,No,No,Yes,No
CUST-01892,Sarah Wilson,Female,0,21,Yes,No,43,Two year,34.58,1491.03,Credit card,No,Yes,No internet service,No internet service,No internet service,No internet service,No internet service,No internet service,No,No
CUST-01893,Mary White,Female,0,32,No,No,11,Month-to-month,83.83,923.93,Electronic check,DSL,Yes,No,No,Yes,No,No,Yes,No,Yes
CUST-01894,Emily Johnson,Male,1,77,No,Yes,6,Month-to-month,99.41,603.54,Bank transfer,Fiber optic,Yes,No,Yes,Yes,No,Yes,No,No,Yes
CUST-01895,Andrew Brown,Male,0,27,No,Yes,19,Two year,89.9,1679.47,Bank transfer,DSL,Yes,No,Yes,Yes,No,Yes,No,No,No
CUST-01896,Thomas Jones,Male,0,40,No,Yes,66,Two year,109.51,7197.84,Mailed check,Fiber optic,Yes,No,Yes,Yes,Yes,No,Yes,Yes,No
CUST-01897,Margaret Ramirez,Male,0,42,No,Yes,6,Month-to-month,69.1,458.73,Electronic check,DSL,Yes,No,No,No,No,No,Yes,No,No
CUST-01898,Steven Hernandez,Male,0,29,Yes,No,11,Month-to-month,73.71,840.76,Mailed check,DSL,Yes,No,Yes,No,No,No,Yes,Yes,No
CUST-01899,Matthew Miller,Female,0,32,Yes,No,5,Month-to-month,111.69,555.32,Bank transfer,Fiber optic,Yes,Yes,Yes,No,Yes,Yes,No,Yes,Yes
CUST-01900,Joseph Jones,Female,1,73,No,No,64,Two year,88.13,5613.65,Bank transfer,Fiber optic,Yes,No,No,No,Yes,No,No,No,Yes
CUST-01901,Susan Sanchez,Male,0,47,No,Yes,5,Month-to-month,89.24,416.6,Bank transfer,DSL,Yes,No,Yes,Yes,No,Yes,No,No,Yes
CUST-01902,Linda Clark,Female,0,19,Yes,No,11,One year,71.96,800.26,Mailed check,DSL,Yes,No,No,No,Yes,No,No,Yes,Yes
CUST-01903,Sarah Taylor,Male,0,64,Yes,Yes,7,Month-to-month,92.05,665.43,Mailed check,DSL,Yes,Yes,No,No,Yes,Yes,Yes,Yes,Yes
CUST-01904,Richard Garcia,Male,0,62,Yes,No,41,One year,80.13,3333.77,Credit card,DSL,Yes,No,Yes,No,No,Yes,No,Yes,No
CUST-01905,Sarah Brown,Female,0,23,Yes,No,49,Two year,91.78,4482.01,Credit card,Fiber optic,Yes,No,No,Yes,No,No,No,No,No
CUST-01906,Robert Jackson,Female,0,19,Yes,Yes,3,Month-to-month,117.43,344.84,Credit card,Fiber optic,Yes,Yes,Yes,Yes,No,Yes,No,Yes,Yes
CUST-01907,Joshua Martin,Female,0,56,No,No,31,One year,87.73,2737.53,Mailed check,DSL,Yes,No,Yes,Yes,No,No,Yes,No,No
CUST-01908,Susan Harris,Male,0,31,Yes,No,26,One year,80.93,2133.52,Mailed check,DSL,Yes,Yes,Yes,No,No,Yes,No,No,No
CUST-01909,Barbara White,Male,1,74,Yes,Yes,47,Two year,85.44,3977.35,Credit card,Fiber optic,Yes,No,No,Yes,No,No,No,Yes,No
CUST-01910,David Lopez,Female,0,61,No,Yes,41,One year,82.41,3408.7,Electronic check,Fiber optic,Yes,No,No,No,No,Yes,No,No,Yes
CUST-01911,Paul Ramirez,Male,0,28,Yes,Yes,38,Two year,60.52,2322.76,Credit card,DSL,Yes,No,No,No,Yes,No,No,Yes,No
CUST-01912,Paul Martin,Female,0,41,Yes,Yes,3,Month-to-month,33.09,58.56,Mailed check,No,Yes,No internet service,No internet service,No internet service,No internet service,No internet service,No internet service,No,No
CUST-01913,Linda Brown,Female,0,22,No,No,11,Month-to-month,29.8,307.87,Electronic check,No,Yes,No internet service,No internet service,No internet service,No internet service,No internet service,No internet service,No,No
CUST-01914,Jennifer Jackson,Female,0,24,Yes,No,29,Two year,47.53,1331.55,Bank transfer,DSL,No,Yes,No,No,No,No,No,Yes,No
CUST-01915,Nancy Hernandez,Male,0,51,No,Yes,6,Month-to-month,86.87,561.99,Credit card,Fiber optic,No,No,Yes,Yes,Yes,No,No,No,No
CUST-01916,Barbara Robinson,Male,0,36,Yes,Yes,9,Month-to-month,86.41,820.88,Credit card,Fiber optic,Yes,Yes,No,No,No,No,Yes,Yes,Yes
CUST-01917,Patricia Robinson,Male,0,21,No,Yes,8,Month-to-month,84.8,691.13,Mailed check,DSL,Yes,No,Yes,No,Yes,Yes,No,Yes,Yes
CUST-01918,Charles Scott,Male,0,51,Yes,Yes,28,One year,84.54,2411.58,Mailed check,Fiber optic,Yes,Yes,No,No,No,Yes,No,No,Yes
CUST-01919,Michelle Gonzalez,Female,0,50,No,No,66,Two year,84.88,5563.67,Bank transfer,Fiber optic,Yes,No,Yes,No,No,No,No,Yes,No
CUST-01920,Charles Johnson,Male,0,47,Yes,No,6,Month-to-month,81.59,498.27,Bank transfer,DSL,Yes,Yes,Yes,No,No,Yes,No,No,Yes
CUST-01921,Mark Davis,Male,0,42,Yes,Yes,64,Two year,81.95,5270.11,Credit card,DSL,No,No,No,Yes,Yes,Yes,No,Yes,No
CUST-01922,Mark Moore,Male,0,35,Yes,No,50,Two year,111.23,5549.67,Credit card,Fiber optic,Yes,Yes,Yes,Yes,Yes,No,No,Yes,No
CUST-01923,Kimberly Martinez,Male,0,41,No,Yes,29,One year,31.18,872.75,Mailed check,No,Yes,No internet service,No internet service,No internet service,No internet service,No internet service,No internet service,Yes,No
CUST-01924,James Thompson,Female,0,41,Yes,No,6,Month-to-month,70.17,426.4,Electronic check,DSL,Yes,Yes,No,No,No,No,Yes,No,Yes
CUST-01925,Ashley Young,Male,0,34,No,No,16,Two year,90.81,1439.65,Mailed check,DSL,Yes,Yes,No,Yes,No,No,Yes,Yes,No
CUST-01926,Mary Hernandez,Male,0,56,No,No,11,Month-to-month,29.96,312.43,Electronic check,No,Yes,No internet service,No internet service,No internet service,No internet service,No internet service,No internet service,Yes,No
CUST-01927,Steven Sanchez,Male,1,76,Yes,No,70,Two year,85.28,6010.58,Bank transfer,Fiber optic,No,No,No,No,Yes,Yes,No,Yes,No
CUST-01928,Margaret Garcia,Female,0,22,Yes,No,38,Two year,107.38,4066.4,Bank transfer,Fiber optic,Yes,No,Yes,Yes,Yes,No,Yes,Yes,No
CUST-01929,Jessica Johnson,Male,0,31,Yes,No,19,Two year,104.0,1951.56,Mailed check,Fiber optic,Yes,Yes,No,Yes,Yes,No,Yes,Yes,No
CUST-01930,Lisa Anderson,Female,0,31,No,No,7,Month-to-month,88.52,653.47,Mailed check,Fiber optic,Yes,No,Yes,No,No,No,No,Yes,Yes
CUST-01931,Nancy Rodriguez,Female,0,19,No,Yes,6,One year,35.2,170.86,Bank transfer,No,Yes,No internet service,No internet service,No internet service,No internet service,No internet service,No internet service,No,No
CUST-01932,Susan Gonzalez,Female,0,46,No,No,17,One year,76.81,1317.17,Mailed check,Fiber optic,Yes,No,No,No,No,No,No,No,No
CUST-01933,Jennifer Young,Male,0,56,No,No,20,Two year,38.78,819.14,Credit card,No,Yes,No internet service,No internet service,No internet service,No internet service,No internet service,No internet service,No,No
CUST-01934,Barbara White,Female,0,58,Yes,No,1,Month-to-month,87.16,87.16,Bank transfer,Fiber optic,Yes,Yes,Yes,No,No,No,No,No,Yes
CUST-01935,Daniel Jones,Male,0,63,Yes,No,44,One year,72.71,3227.12,Mailed check,Fiber optic,No,Yes,Yes,No,No,No,No,Yes,No
CUST-01936,Charles Lewis,Female,0,36,No,Yes,16,One year,88.8,1384.89,Mailed check,DSL,No,Yes,Yes,Yes,Yes,No,Yes,No,No
CUST-01937,Matthew Gonzalez,Female,0,64,Yes,Yes,43,One year,72.14,3061.03,Mailed check,DSL,Yes,Yes,No,No,No,No,Yes,No,Yes
CUST-01938,Donna Garcia,Female,0,60,No,Yes,24,One year,73.38,1720.12,Credit card,DSL,Yes,Yes,No,No,No,Yes,No,Yes,No
CUST-01939,Robert Lee,Male,0,43,Yes,No,9,Month-to-month,75.97,700.1,Electronic check,DSL,Yes,No,No,No,Yes,Yes,No,Yes,No
CUST-01940,Patricia Anderson,Male,1,69,Yes,Yes,5,Month-to-month,80.83,361.77,Bank transfer,DSL,Yes,No,Yes,Yes,No,No,No,Yes,Yes
CUST-01941,Christopher Young,Male,0,43,No,No,11,Month-to-month,25.31,263.88,Credit card,No,Yes,No internet service,No internet service,No internet service,No internet service,No internet service,No internet service,No,No
CUST-01942,Jennifer Sanchez,Male,0,53,Yes,Yes,11,Month-to-month,96.22,1011.97,Electronic check,DSL,Yes,No,Yes,Yes,Yes,Yes,No,Yes,No
CUST-01943,Donna Anderson,Female,0,22,Yes,Yes,9,Month-to-month,34.13,322.47,Mailed check,No,Yes,No internet service,No internet service,No internet service,No internet service,No internet service,No internet service,Yes,Yes
CUST-01944,Christopher Harris,Male,0,42,No,No,46,One year,85.02,3945.77,Credit card,Fiber optic,Yes,No,No,No,No,No,Yes,Yes,No
CUST-01945,Emily Miller,Male,1,70,Yes,Yes,5,Month-to-month,77.95,401.01,Mailed check,DSL,Yes,No,No,Yes,No,Yes,No,No,No
CUST-01946,Emily Hill,Male,0,40,No,No,28,Two year,100.23,2806.48,Bank transfer,Fiber optic,Yes,Yes,No,No,Yes,No,Yes,No,No
CUST-01947,Joshua Brown,Female,0,22,Yes,No,2,Month-to-month,96.2,226.83,Electronic check,Fiber optic,Yes,No,No,No,Yes,No,Yes,Yes,Yes
CUST-01948,Michelle Wilson,Male,0,29,Yes,No,18,One year,78.06,1412.1,Mailed check,Fiber optic,No,Yes,Yes,No,No,No,No,No,No
CUST-01949,John Scott,Female,1,69,Yes,No,10,Month-to-month,68.76,642.31,Bank transfer,Fiber optic,No,No,No,No,No,No,No,Yes,No
CUST-01950,Anthony Lee,Male,0,24,No,No,10,Month-to-month,57.92,574.06,Mailed check,DSL,No,Yes,No,No,No,No,Yes,Yes,No
CUST-01951,Sarah Robinson,Male,0,44,No,No,20,One year,104.68,2129.25,Mailed check,Fiber optic,Yes,Yes,Yes,No,Yes,No,No,Yes,Yes
CUST-01952,Thomas King,Male,0,34,Yes,No,37,One year,80.5,2945.61,Credit card,Fiber optic,Yes,No,Yes,No,No,No,No,Yes,No
CUST-01953,Jennifer Smith,Female,0,37,Yes,No,19,Two year,96.34,1847.79,Mailed check,Fiber optic,Yes,Yes,Yes,No,No,No,No,No,No
CUST-01954,Andrew Wilson,Male,0,54,No,No,57,Two year,29.95,1678.81,Bank transfer,No,Yes,No internet service,No internet service,No internet service,No internet service,No internet service,No internet service,Yes,No
CUST-01955,Emily Lopez,Male,0,50,No,No,58,Two year,95.41,5573.92,Credit card,DSL,Yes,No,Yes,No,Yes,Yes,Yes,No,No
CUST-01956,James Smith,Female,0,50,Yes,No,67,Two year,78.22,5227.51,Bank transfer,Fiber optic,Yes,Yes,No,No,No,No,No,Yes,Yes
CUST-01957,Linda Johnson,Female,0,30,Yes,Yes,3,Month-to-month,93.18,281.44,Mailed check,Fiber optic,Yes,No,No,No,No,Yes,No,Yes,Yes
CUST-01958,Thomas Clark,Female,0,48,Yes,No,4,Month-to-month,74.55,301.48,Bank transfer,DSL,Yes,Yes,Yes,No,No,Yes,No,Yes,Yes
CUST-01959,Betty Wilson,Female,0,31,No,No,8,One year,79.97,677.43,Electronic check,DSL,Yes,Yes,No,No,No,No,Yes,No,Yes
CUST-01960,Michael Hill,Female,0,33,Yes,No,14,One year,93.11,1302.39,Electronic check,Fiber optic,Yes,No,Yes,No,Yes,No,No,No,Yes
CUST-01961,Donna Flores,Male,0,33,No,No,42,Two year,88.22,3665.9,Electronic check,Fiber optic,Yes,No,No,No,Yes,No,No,Yes,Yes
CUST-01962,Nancy Young,Female,0,31,Yes,No,4,Month-to-month,28.79,116.68,Bank transfer,No,Yes,No internet service,No internet service,No internet service,No internet service,No internet service,No internet service,Yes,No
CUST-01963,Thomas Wright,Male,0,48,No,No,5,Month-to-month,90.72,469.91,Mailed check,Fiber optic,Yes,No,No,No,No,Yes,No,Yes,Yes
CUST-01964,Sandra Lewis,Male,0,24,Yes,No,71,Two year,35.42,2546.85,Mailed check,No,Yes,No internet service,No internet service,No internet service,No internet service,No internet service,No internet service,Yes,No
CUST-01965,Barbara Miller,Male,0,46,No,No,8,Month-to-month,81.43,665.74,Mailed check,DSL,Yes,Yes,No,Yes,No,No,No,No,Yes
CUST-01966,Elizabeth Gonzalez,Male,0,39,No,Yes,7,Month-to-month,90.28,617.83,Bank transfer,Fiber optic,No,Yes,No,Yes,No,No,No,No,Yes
CUST-01967,Robert Johnson,Male,0,26,No,Yes,65,Two year,82.95,5388.64,Credit card,DSL,Yes,No,No,Yes,Yes,No,No,Yes,No
CUST-01968,Susan Allen,Female,0,31,No,No,26,One year,93.92,2411.98,Credit card,Fiber optic,No,Yes,Yes,No,No,No,Yes,No,No
CUST-01969,Paul Allen,Male,0,21,No,No,15,One year,81.04,1170.85,Electronic check,Fiber optic,Yes,No,No,No,No,No,Yes,Yes,No
CUST-01970,Donna Flores,Female,0,31,No,No,28,Two year,92.55,2599.59,Mailed check,Fiber optic,Yes,No,Yes,No,Yes,No,No,No,No
CUST-01971,Thomas Miller,Male,0,59,No,No,11,Month-to-month,109.4,1189.91,Electronic check,Fiber optic,Yes,Yes,Yes,Yes,No,No,Yes,No,Yes
CUST-01972,David Lee,Female,0,41,No,No,4,Month-to-month,37.17,112.56,Bank transfer,No,Yes,No internet service,No internet service,No internet service,No internet service,No internet service,No internet service,Yes,Yes
CUST-01973,Betty Robinson,Male,1,66,Yes,No,5,Month-to-month,82.64,383.92,Electronic check,DSL,Yes,Yes,No,Yes,Yes,No,No,Yes,No
CUST-01974,Michelle Wright,Female,0,35,Yes,Yes,35,Two year,85.28,2984.22,Bank transfer,Fiber optic,Yes,No,No,No,No,No,Yes,No,No
CUST-01975,Joshua Gonzalez,Female,1,82,No,Yes,9,Month-to-month,59.15,570.27,Mailed check,DSL,Yes,No,No,Yes,No,No,No,Yes,Yes
CUST-01976,Kimberly Allen,Female,0,28,No,No,43,One year,79.23,3399.26,Credit card,Fiber optic,Yes,No,Yes,No,No,No,No,Yes,Yes
CUST-01977,Kimberly Anderson,Male,0,53,Yes,No,56,Two year,35.01,2008.85,Credit card,No,Yes,No internet service,No internet service,No internet service,No internet service,No internet service,No internet service,Yes,No
CUST-01978,Sandra Johnson,Male,0,62,No,Yes,9,One year,75.28,727.19,Bank transfer,DSL,No,No,Yes,No,Yes,Yes,No,Yes,Yes
CUST-01979,Jennifer Rodriguez,Male,0,47,Yes,Yes,22,One year,103.79,2297.32,Electronic check,Fiber optic,Yes,No,Yes,Yes,No,No,Yes,Yes,No
CUST-01980,Karen Young,Female,0,56,Yes,No,34,One year,73.5,2461.47,Credit card,DSL,No,No,Yes,Yes,No,Yes,No,Yes,No
CUST-01981,Lisa Torres,Female,0,47,No,Yes,11,Month-to-month,91.48,1039.74,Mailed check,Fiber optic,Yes,No,Yes,No,Yes,No,No,Yes,Yes
CUST-01982,Nancy Thomas,Female,0,54,Yes,No,35,One year,38.89,1335.56,Bank transfer,No,Yes,No internet service,No internet service,No internet service,No internet service,No internet service,No internet service,No,No
CUST-01983,John Thompson,Male,0,21,Yes,No,6,Month-to-month,38.94,271.52,Electronic check,No,Yes,No internet service,No internet service,No internet service,No internet service,No internet service,No internet service,Yes,Yes
CUST-01984,Michael Torres,Female,1,84,Yes,Yes,18,Two year,82.17,1476.31,Credit card,DSL,Yes,Yes,Yes,No,Yes,No,No,No,Yes
CUST-01985,Margaret Allen,Male,0,58,Yes,No,27,One year,111.05,3001.43,Bank transfer,Fiber optic,Yes,Yes,Yes,No,Yes,Yes,No,No,No
CUST-01986,Charles Wright,Male,0,60,No,No,18,Two year,92.79,1647.74,Credit card,DSL,Yes,No,Yes,Yes,Yes,Yes,No,No,No
CUST-01987,Steven Anderson,Female,0,35,No,No,11,Month-to-month,78.7,824.97,Bank transfer,Fiber optic,Yes,No,Yes,No,No,No,No,Yes,No
CUST-01988,Margaret Thomas,Male,0,45,Yes,No,36,One year,92.17,3305.74,Bank transfer,Fiber optic,Yes,Yes,Yes,No,No,No,No,Yes,No
CUST-01989,Nancy Brown,Female,0,24,Yes,No,4,Month-to-month,108.16,395.84,Bank transfer,Fiber optic,Yes,No,Yes,Yes,Yes,No,No,No,No
CUST-01990,Elizabeth Garcia,Male,0,38,Yes,No,9,One year,79.18,741.7,Electronic check,DSL,Yes,Yes,No,Yes,No,No,No,Yes,No
CUST-01991,Elizabeth Lopez,Female,0,53,No,No,11,Month-to-month,33.66,403.79,Bank transfer,No,Yes,No internet service,No internet service,No internet service,No internet service,No internet service,No internet service,Yes,No
CUST-01992,Patricia Harris,Female,0,61,No,Yes,5,Month-to-month,58.98,271.53,Credit card,DSL,No,Yes,No,No,No,No,Yes,No,No
CUST-01993,Daniel White,Female,0,37,Yes,No,33,Two year,98.53,3275.46,Credit card,Fiber optic,Yes,Yes,No,No,Yes,Yes,No,Yes,No
CUST-01994,Paul Clark,Female,0,39,Yes,No,9,Month-to-month,94.49,826.2,Bank transfer,Fiber optic,Yes,No,Yes,No,No,No,No,Yes,Yes
CUST-01995,Daniel Torres,Female,0,22,No,No,69,Two year,80.92,5574.77,Credit card,Fiber optic,Yes,No,Yes,No,No,No,No,Yes,No
CUST-01996,Michelle Martin,Male,0,20,No,Yes,9,Month-to-month,33.97,350.79,Mailed check,No,Yes,No internet service,No internet service,No internet service,No internet service,No internet service,No internet service,Yes,Yes
CUST-01997,Anthony Jones,Male,0,46,Yes,No,54,Two year,89.43,4801.75,Mailed check,Fiber optic,Yes,No,No,Yes,No,Yes,No,Yes,No
CUST-01998,Joseph Scott,Female,0,40,Yes,No,25,One year,93.29,2339.87,Electronic check,Fiber optic,Yes,Yes,Yes,No,Yes,No,No,No,No
CUST-01999,Patricia Taylor,Male,1,73,No,No,13,One year,51.12,624.67,Credit card,DSL,Yes,No,No,No,No,No,No,No,No
CUST-02000,Robert Lewis,Female,0,52,Yes,Yes,35,Two year,91.01,3210.29,Mailed check,Fiber optic,Yes,Yes,No,No,No,No,No,Yes,No
CUST-03001,Daniel Sanchez,Female,0,53,Yes,No,2,Month-to-month,84.24,188.81,Electronic check,Fiber optic,Yes,No,Yes,No,Yes,No,No,No,Yes
CUST-03002,Anthony Jackson,Male,0,28,Yes,No,3,Month-to-month,56.24,197.75,Bank transfer,DSL,No,Yes,No,No,No,No,Yes,No,Yes
CUST-03003,Patricia Gonzalez,Male,0,36,Yes,Yes,11,Month-to-month,102.05,1122.11,Electronic check,DSL,Yes,Yes,Yes,Yes,Yes,No,No,Yes,No
CUST-03004,Barbara Nguyen,Male,0,31,No,Yes,39,One year,34.05,1319.94,Credit card,No,Yes,No internet service,No internet service,No internet service,No internet service,No internet service,No internet service,No,No
CUST-03005,Susan Harris,Female,0,34,Yes,No,11,One year,99.84,1067.94,Bank transfer,Fiber optic,Yes,No,No,No,Yes,Yes,No,Yes,No
CUST-03006,Barbara Walker,Male,0,63,No,Yes,2,Month-to-month,105.12,217.96,Bank transfer,Fiber optic,No,Yes,No,Yes,Yes,No,Yes,Yes,Yes
CUST-03007,Joshua Perez,Male,1,82,Yes,No,36,One year,30.69,1118.47,Mailed check,No,Yes,No internet service,No internet service,No internet service,No internet service,No internet service,No internet service,No,No
CUST-03008,Thomas Hill,Male,0,34,Yes,No,29,Two year,111.03,3196.96,Credit card,Fiber optic,Yes,Yes,No,No,No,Yes,Yes,Yes,No
CUST-03009,Matthew Flores,Male,1,69,Yes,Yes,43,One year,87.37,3786.01,Bank transfer,Fiber optic,Yes,No,No,No,No,Yes,Yes,Yes,No
CUST-03010,Anthony Clark,Female,0,36,Yes,No,15,One year,17.42,211.49,Mailed check,No,No,No internet service,No internet service,No internet service,No internet service,No internet service,No internet service,No,No
CUST-03011,Margaret Martinez,Male,0,54,No,No,7,Month-to-month,83.39,593.78,Mailed check,DSL,Yes,Yes,Yes,No,Yes,No,No,No,Yes
CUST-03012,James Hernandez,Female,0,37,Yes,Yes,5,Month-to-month,62.28,341.63,Mailed check,DSL,Yes,No,Yes,No,No,No,No,Yes,Yes
CUST-03013,Betty Brown,Male,0,20,Yes,No,46,Two year,58.19,2694.5,Bank transfer,DSL,Yes,No,No,No,Yes,No,No,Yes,No
CUST-03014,Donald Williams,Female,0,54,No,Yes,11,Month-to-month,38.59,441.49,Mailed check,No,Yes,No internet service,No internet service,No internet service,No internet service,No internet service,No internet service,Yes,Yes
CUST-03015,Joshua Hill,Male,0,20,Yes,No,3,Month-to-month,36.66,109.29,Bank transfer,No,Yes,No internet service,No internet service,No internet service,No internet service,No internet service,No internet service,Yes,No
CUST-03016,Paul Young,Male,0,18,No,Yes,9,Month-to-month,37.08,380.76,Credit card,No,Yes,No internet service,No internet service,No internet service,No internet service,No internet service,No internet service,Yes,No
CUST-03017,Patricia Thompson,Male,0,28,Yes,No,55,Two year,38.65,2129.11,Electronic check,No,Yes,No internet service,No internet service,No internet service,No internet service,No internet service,No internet service,Yes,No
CUST-03018,William Wright,Male,0,41,Yes,No,1,Month-to-month,97.45,134.38,Electronic check,Fiber optic,Yes,No,No,Yes,No,Yes,No,Yes,No
CUST-03019,James Clark,Male,0,46,No,No,38,One year,65.05,2436.88,Bank transfer,DSL,No,No,Yes,No,Yes,No,No,Yes,No
CUST-03020,Robert Torres,Male,0,30,Yes,No,8,Month-to-month,33.12,264.74,Mailed check,No,Yes,No internet service,No internet service,No internet service,No internet service,No internet service,No internet service,Yes,No
CUST-03021,Donald Walker,Male,0,44,Yes,No,8,Month-to-month,31.41,223.95,Bank transfer,No,Yes,No internet service,No internet service,No internet service,No internet service,No internet service,No internet service,Yes,No
CUST-03022,Donald Anderson,Male,0,31,Yes,No,60,Two year,25.47,1553.88,Electronic check,No,Yes,No internet service,No internet service,No internet service,No internet service,No internet service,No internet service,No,No
CUST-03023,James Lewis,Male,0,61,Yes,No,8,Month-to-month,55.01,449.53,Bank transfer,DSL,Yes,No,No,No,No,No,No,Yes,Yes
CUST-03024,Anthony Martinez,Female,0,34,No,No,46,One year,77.3,3545.94,Mailed check,DSL,Yes,Yes,No,No,No,Yes,No,No,No
CUST-03025,Daniel Miller,Female,0,34,No,Yes,11,Month-to-month,105.86,1208.93,Credit card,Fiber optic,Yes,Yes,Yes,Yes,No,No,No,No,No
CUST-03026,Anthony Perez,Female,0,24,Yes,No,1,Month-to-month,103.72,103.72,Mailed check,Fiber optic,Yes,No,Yes,No,Yes,Yes,No,No,Yes
CUST-03027,Robert Scott,Female,0,24,Yes,No,23,Two year,82.69,1938.55,Credit card,DSL,Yes,No,Yes,Yes,No,Yes,No,No,No
CUST-03028,Thomas Flores,Female,0,23,No,No,5,Month-to-month,91.88,417.91,Mailed check,Fiber optic,Yes,Yes,Yes,No,No,No,Yes,Yes,Yes
CUST-03029,Ashley Martin,Female,0,64,Yes,No,22,One year,97.85,2156.41,Electronic check,Fiber optic,Yes,Yes,Yes,No,No,Yes,No,No,Yes
CUST-03030,Susan Clark,Female,0,42,Yes,No,13,Two year,99.5,1281.35,Mailed check,DSL,Yes,No,Yes,Yes,Yes,Yes,Yes,Yes,Yes
CUST-03031,Mark Young,Female,0,52,No,No,6,Month-to-month,87.62,557.69,Credit card,Fiber optic,Yes,No,Yes,No,No,No,Yes,No,Yes
CUST-03032,Paul White,Female,0,35,Yes,No,30,Two year,107.45,3256.57,Mailed check,Fiber optic,Yes,Yes,No,Yes,Yes,Yes,No,Yes,No
CUST-03033,Christopher Gonzalez,Female,0,52,No,No,7,Month-to-month,31.38,254.57,Mailed check,No,Yes,No internet service,No internet service,No internet service,No internet service,No internet service,No internet service,Yes,Yes
CUST-03034,Margaret Thomas,Male,0,33,Yes,Yes,9,Month-to-month,37.58,368.76,Credit card,No,Yes,No internet service,No internet service,No internet service,No internet service,No internet service,No internet service,No,Yes
CUST-03035,Ashley Smith,Female,0,47,No,Yes,65,Two year,83.59,5384.87,Mailed check,Fiber optic,Yes,Yes,No,No,No,Yes,No,Yes,Yes
CUST-03036,Betty Martinez,Male,0,62,Yes,No,44,One year,82.29,3645.29,Electronic check,Fiber optic,Yes,No,No,Yes,No,No,No,No,Yes
CUST-03037,Andrew Scott,Female,0,42,No,No,32,One year,25.69,809.88,Electronic check,No,Yes,No internet service,No internet service,No internet service,No internet service,No internet service,No internet service,No,No
CUST-03038,Joseph Johnson,Male,1,67,No,No,5,Month-to-month,38.42,145.44,Bank transfer,No,Yes,No internet service,No internet service,No internet service,No internet service,No internet service,No internet service,Yes,No
CUST-03039,Michael Flores,Male,0,36,No,Yes,11,Month-to-month,77.16,826.86,Electronic check,Fiber optic,Yes,No,No,No,Yes,No,No,Yes,No
CUST-03040,Emily Hill,Female,0,31,No,No,40,One year,39.79,1591.31,Credit card,No,Yes,No internet service,No internet service,No internet service,No internet service,No internet service,No internet service,Yes,No
CUST-03041,Anthony Jackson,Male,0,35,Yes,No,33,Two year,73.32,2455.96,Credit card,DSL,Yes,No,Yes,No,Yes,No,No,Yes,No
CUST-03042,Daniel Williams,Female,0,26,No,No,10,Month-to-month,27.71,270.3,Electronic check,No,Yes,No internet service,No internet service,No internet service,No internet service,No internet service,No internet service,Yes,Yes
CUST-03043,Linda Rodriguez,Female,0,43,Yes,No,8,Month-to-month,80.92,619.43,Mailed check,DSL,Yes,Yes,Yes,No,Yes,No,No,Yes,Yes
CUST-03044,Charles Martinez,Male,0,19,Yes,No,9,Month-to-month,38.93,387.39,Electronic check,No,Yes,No internet service,No internet service,No internet service,No internet service,No internet service,No internet service,No,No
CUST-03045,William Garcia,Female,0,25,No,No,30,One year,88.6,2678.97,Mailed check,DSL,Yes,No,Yes,Yes,Yes,No,No,No,Yes
CUST-03046,Daniel Taylor,Male,0,64,No,No,5,Month-to-month,103.03,478.79,Electronic check,Fiber optic,No,No,No,Yes,Yes,Yes,Yes,No,No
CUST-03047,Christopher Jones,Male,0,56,No,No,1,Month-to-month,31.75,59.87,Bank transfer,No,Yes,No internet service,No internet service,No internet service,No internet service,No internet service,No internet service,Yes,No
CUST-03048,Richard Taylor,Female,1,65,No,No,9,One year,94.12,870.45,Credit card,Fiber optic,Yes,Yes,No,No,Yes,No,No,Yes,Yes
CUST-03049,Andrew Ramirez,Female,0,18,No,Yes,4,Month-to-month,118.35,424.13,Mailed check,Fiber optic,Yes,No,Yes,No,Yes,Yes,Yes,No,No
CUST-03050,Matthew Wright,Female,0,51,Yes,Yes,47,Two year,94.22,4473.94,Bank transfer,Fiber optic,Yes,Yes,No,No,No,No,Yes,Yes,No
CUST-03051,Anthony Rodriguez,Female,0,64,No,No,2,Month-to-month,84.88,120.76,Credit card,Fiber optic,Yes,No,Yes,No,No,No,No,No,Yes
CUST-03052,Michael Johnson,Male,0,53,Yes,No,6,One year,74.15,489.47,Electronic check,DSL,Yes,Yes,No,No,No,No,Yes,Yes,No
CUST-03053,Anthony Lee,Female,0,48,Yes,Yes,30,Two year,88.32,2635.94,Credit card,DSL,Yes,No,Yes,Yes,Yes,Yes,No,Yes,No
CUST-03054,Steven Lee,Female,0,30,No,No,18,Two year,58.32,1014.58,Electronic check,DSL,No,Yes,No,No,Yes,No,No,Yes,No
CUST-03055,Jennifer Wright,Female,0,44,Yes,Yes,5,Month-to-month,38.89,180.77,Credit card,No,Yes,No internet service,No internet service,No internet service,No internet service,No internet service,No internet service,Yes,No
CUST-03056,Jennifer Thompson,Male,0,58,No,Yes,11,Month-to-month,30.63,346.04,Mailed check,No,Yes,No internet service,No internet service,No internet service,No internet service,No internet service,No internet service,No,No
CUST-03057,Anthony Lopez,Female,0,37,No,No,12,Two year,38.07,422.16,Bank transfer,No,Yes,No internet service,No internet service,No internet service,No internet service,No internet service,No internet service,Yes,No
CUST-03058,Linda Williams,Female,0,29,No,No,44,One year,82.98,3606.11,Mailed check,Fiber optic,Yes,No,No,No,No,No,No,Yes,No
CUST-03059,Ashley White,Female,1,65,No,No,30,One year,78.15,2308.34,Electronic check,DSL,Yes,Yes,No,No,No,No,Yes,Yes,No
CUST-03060,Donald Allen,Female,0,47,Yes,No,16,Two year,109.2,1755.19,Credit card,Fiber optic,Yes,Yes,No,No,Yes,No,Yes,No,No
CUST-03061,Mark Lee,Female,0,57,No,No,66,Two year,97.09,6383.3,Electronic check,Fiber optic,Yes,No,Yes,Yes,No,Yes,No,Yes,No
CUST-03062,Paul Scott,Male,1,81,Yes,No,2,Month-to-month,82.75,163.95,Mailed check,Fiber optic,Yes,Yes,No,No,No,No,No,Yes,Yes
CUST-03063,Mark Lee,Female,0,42,Yes,Yes,3,Month-to-month,78.98,259.03,Bank transfer,DSL,Yes,Yes,No,No,Yes,Yes,No,Yes,Yes
CUST-03064,Susan Young,Male,0,63,No,No,18,One year,92.29,1661.62,Bank transfer,DSL,Yes,Yes,Yes,Yes,Yes,No,No,No,No
CUST-03065,Mark Thompson,Male,0,35,Yes,No,9,Month-to-month,84.6,756.05,Credit card,Fiber optic,Yes,No,Yes,Yes,No,No,No,Yes,No
CUST-03066,Joshua Thompson,Male,0,51,No,No,9,Month-to-month,103.14,916.11,Electronic check,Fiber optic,Yes,Yes,No,Yes,No,No,Yes,Yes,Yes
CUST-03067,Sandra Allen,Male,0,19,Yes,No,7,Month-to-month,32.09,177.72,Bank transfer,No,Yes,No internet service,No internet service,No internet service,No internet service,No internet service,No internet service,No,No
CUST-03068,Elizabeth Jones,Male,0,22,No,No,47,One year,38.87,1805.29,Bank transfer,No,Yes,No internet service,No internet service,No internet service,No internet service,No internet service,No internet service,Yes,No
CUST-03069,Jessica Lopez,Male,0,55,Yes,No,11,Month-to-month,95.93,1013.04,Bank transfer,DSL,Yes,Yes,No,Yes,Yes,No,Yes,No,Yes
CUST-03070,Paul Williams,Male,0,58,No,No,10,Month-to-month,67.36,719.07,Electronic check,DSL,Yes,Yes,No,No,Yes,No,No,Yes,Yes
CUST-03071,Jennifer Robinson,Male,0,31,No,No,6,Month-to-month,96.64,565.34,Credit card,Fiber optic,Yes,Yes,Yes,No,Yes,No,No,Yes,Yes
CUST-03072,James Martin,Male,0,38,Yes,No,67,Two year,115.85,7791.4,Mailed check,DSL,Yes,Yes,No,Yes,Yes,Yes,Yes,Yes,No
CUST-03073,Daniel Wilson,Male,0,59,No,Yes,7,Month-to-month,31.32,197.67,Electronic check,No,Yes,No internet service,No internet service,No internet service,No internet service,No internet service,No internet service,No,No
CUST-03074,John Harris,Male,0,35,Yes,No,8,Month-to-month,39.63,304.86,Credit card,No,Yes,No internet service,No internet service,No internet service,No internet service,No internet service,No internet service,Yes,No
CUST-03075,Michelle Garcia,Male,0,38,Yes,Yes,3,Month-to-month,107.76,367.44,Electronic check,Fiber optic,Yes,No,Yes,Yes,No,Yes,Yes,Yes,Yes
CUST-03076,Ashley Scott,Male,0,23,No,No,25,One year,39.09,985.63,Electronic check,No,Yes,No internet service,No internet service,No internet service,No internet service,No internet service,No internet service,Yes,No
CUST-03077,Donald Hernandez,Female,0,21,Yes,No,64,Two year,102.1,6506.14,Electronic check,DSL,Yes,Yes,Yes,Yes,Yes,Yes,No,Yes,No
CUST-03078,Charles Williams,Male,0,38,Yes,No,68,Two year,107.67,7309.96,Bank transfer,Fiber optic,Yes,Yes,Yes,Yes,No,No,Yes,Yes,No
CUST-03079,Michael Miller,Male,0,57,No,No,1,Month-to-month,83.3,83.3,Bank transfer,Fiber optic,Yes,No,Yes,No,No,No,No,Yes,Yes
CUST-03080,Daniel Brown,Male,0,24,Yes,No,6,Month-to-month,27.32,201.52,Mailed check,No,Yes,No internet service,No internet service,No internet service,No internet service,No internet service,No internet service,No,No
CUST-03081,Donald Hill,Male,0,64,No,Yes,8,Month-to-month,33.71,256.72,Credit card,No,Yes,No internet service,No internet service,No internet service,No internet service,No internet service,No internet service,No,No
CUST-03082,Lisa Anderson,Male,0,35,Yes,No,43,Two year,91.39,3956.5,Mailed check,Fiber optic,Yes,No,Yes,Yes,Yes,No,No,No,Yes
CUST-03083,Anthony Sanchez,Male,1,73,No,Yes,18,One year,79.5,1419.2,Mailed check,DSL,Yes,Yes,Yes,Yes,No,No,No,No,No
CUST-03084,Patricia Davis,Male,0,19,Yes,No,11,Month-to-month,100.0,1060.13,Electronic check,DSL,Yes,Yes,Yes,No,Yes,Yes,No,Yes,No
CUST-03085,Sandra Johnson,Male,0,30,Yes,Yes,21,One year,82.57,1762.26,Mailed check,Fiber optic,No,No,No,Yes,No,No,No,Yes,No
CUST-03086,Kimberly Taylor,Female,0,36,No,Yes,10,Month-to-month,101.92,1062.23,Electronic check,Fiber optic,Yes,No,Yes,No,No,Yes,No,Yes,No
CUST-03087,Donald Flores,Male,0,55,No,No,11,Month-to-month,33.77,323.07,Mailed check,No,Yes,No internet service,No internet service,No internet service,No internet service,No internet service,No internet service,Yes,No
CUST-03088,Richard Jackson,Male,0,64,No,Yes,37,Two year,25.53,983.77,Bank transfer,No,Yes,No internet service,No internet service,No internet service,No internet service,No internet service,No internet service,Yes,No
CUST-03089,Robert Garcia,Female,0,61,No,Yes,13,Two year,104.42,1393.0,Mailed check,Fiber optic,Yes,No,Yes,Yes,Yes,No,Yes,No,No
CUST-03090,Barbara Hill,Female,0,30,No,No,46,Two year,37.61,1747.01,Credit card,No,Yes,No internet service,No internet service,No internet service,No internet service,No internet service,No internet service,Yes,No
CUST-03091,Nancy Jackson,Male,0,38,Yes,No,6,Month-to-month,75.76,502.31,Mailed check,DSL,Yes,No,Yes,No,No,Yes,No,No,Yes
CUST-03092,Joshua Garcia,Male,0,41,Yes,No,3,Month-to-month,93.07,326.42,Bank transfer,Fiber optic,Yes,Yes,No,No,No,No,No,Yes,Yes
CUST-03093,David Jackson,Female,0,45,Yes,No,4,Month-to-month,106.16,470.96,Credit card,Fiber optic,Yes,No,No,No,Yes,Yes,No,Yes,Yes
CUST-03094,William Anderson,Female,1,76,Yes,Yes,10,Month-to-month,16.95,135.94,Electronic check,No,No,No internet service,No internet service,No internet service,No internet service,No internet service,No internet service,Yes,No
CUST-03095,Jennifer Scott,Male,0,53,Yes,No,69,Two year,74.88,5148.46,Electronic check,DSL,Yes,No,Yes,Yes,No,Yes,No,No,Yes
CUST-03096,Charles Brown,Male,0,53,No,No,7,Month-to-month,39.18,317.18,Credit card,No,Yes,No internet service,No internet service,No internet service,No internet service,No internet service,No internet service,No,No
CUST-03097,Joshua Harris,Female,0,46,Yes,No,11,Month-to-month,59.32,691.55,Mailed check,DSL,No,Yes,No,Yes,No,Yes,No,No,Yes
CUST-03098,Jennifer Rodriguez,Female,0,38,No,No,11,Month-to-month,108.64,1184.16,Mailed check,DSL,Yes,Yes,Yes,No,Yes,Yes,Yes,No,Yes
CUST-03099,Barbara Harris,Male,0,47,No,Yes,4,Month-to-month,67.19,270.83,Mailed check,DSL,Yes,No,Yes,No,No,No,No,No,No
CUST-03100,Nancy Garcia,Female,0,57,No,Yes,26,Two year,66.69,1696.2,Mailed check,DSL,Yes,No,No,No,Yes,No,No,No,No
CUST-03101,Mary Thompson,Female,1,77,Yes,No,8,Month-to-month,90.53,765.94,Credit card,DSL,Yes,Yes,No,Yes,No,Yes,No,No,Yes
CUST-03102,Joshua Hill,Female,0,47,Yes,No,2,Month-to-month,125.77,269.95,Bank transfer,Fiber optic,Yes,Yes,Yes,No,Yes,Yes,Yes,No,No
CUST-03103,Steven Garcia,Female,0,43,Yes,No,47,One year,26.75,1263.25,Mailed check,No,Yes,No internet service,No internet service,No internet service,No internet service,No internet service,No internet service,Yes,No
CUST-03104,Richard Martin,Male,1,72,Yes,No,12,One year,29.56,320.5,Electronic check,No,Yes,No internet service,No internet service,No internet service,No internet service,No internet service,No internet service,Yes,No
CUST-03105,Kimberly Lewis,Male,0,32,Yes,No,7,Month-to-month,101.91,708.02,Mailed check,Fiber optic,Yes,No,Yes,No,Yes,Yes,No,Yes,No
CUST-03106,Nancy Allen,Male,0,37,No,No,58,Two year,112.19,6474.05,Electronic check,Fiber optic,Yes,Yes,No,No,Yes,Yes,No,No,No
CUST-03107,Kimberly Thomas,Female,0,44,Yes,No,41,One year,82.99,3444.48,Mailed check,Fiber optic,Yes,No,No,No,No,Yes,No,Yes,No
CUST-03108,Charles Moore,Male,0,64,Yes,No,5,Month-to-month,68.52,385.6,Mailed check,DSL,Yes,No,No,Yes,No,No,No,Yes,No
CUST-03109,Joshua Jackson,Male,0,39,Yes,Yes,52,Two year,83.25,4372.42,Mailed check,DSL,Yes,Yes,Yes,Yes,No,No,No,Yes,No
CUST-03110,Charles Hill,Male,0,18,No,No,4,Month-to-month,30.22,141.12,Credit card,No,Yes,No internet service,No internet service,No internet service,No internet service,No internet service,No internet service,Yes,Yes
CUST-03111,Joseph Thomas,Female,1,78,Yes,Yes,2,Month-to-month,96.88,181.57,Bank transfer,DSL,Yes,Yes,Yes,No,Yes,No,Yes,Yes,No
CUST-03112,Kimberly Anderson,Male,0,22,No,No,3,Month-to-month,113.21,336.67,Mailed check,Fiber optic,Yes,Yes,Yes,Yes,Yes,Yes,No,No,Yes
CUST-03113,Mary Harris,Female,0,61,Yes,No,56,Two year,65.49,3697.96,Mailed check,DSL,Yes,No,Yes,No,No,No,Yes,Yes,No
CUST-03114,Matthew Thomas,Male,0,38,Yes,No,6,Month-to-month,86.02,564.18,Mailed check,Fiber optic,Yes,No,Yes,No,No,No,No,No,No
CUST-03115,Andrew Young,Male,0,39,Yes,No,6,Month-to-month,68.33,377.43,Electronic check,DSL,Yes,No,No,Yes,No,Yes,No,No,No
CUST-03116,Michael Wright,Male,0,27,Yes,Yes,4,Month-to-month,97.34,402.36,Credit card,Fiber optic,Yes,Yes,No,No,No,Yes,No,Yes,Yes
CUST-03117,Nancy Miller,Male,0,53,No,Yes,1,Month-to-month,89.13,89.13,Mailed check,Fiber optic,Yes,No,Yes,Yes,No,No,No,No,Yes
CUST-03118,Susan Young,Male,0,43,No,No,34,One year,73.15,2481.24,Mailed check,Fiber optic,Yes,No,No,No,No,No,No,Yes,No
CUST-03119,Elizabeth Flores,Female,0,21,Yes,No,22,One year,97.25,2143.92,Electronic check,Fiber optic,Yes,Yes,Yes,No,Yes,No,No,Yes,No
CUST-03120,Matthew Flores,Female,0,33,No,No,37,Two year,78.79,2876.02,Credit card,Fiber optic,Yes,No,No,No,No,Yes,No,Yes,No
CUST-03121,Daniel Thompson,Male,0,54,No,No,19,One year,89.76,1706.39,Bank transfer,DSL,Yes,No,No,No,Yes,Yes,Yes,No,No
CUST-03122,Emily Clark,Female,0,25,No,No,57,Two year,25.17,1385.67,Electronic check,No,Yes,No internet service,No internet service,No internet service,No internet service,No internet service,No internet service,Yes,No
CUST-03123,Charles Young,Female,0,34,Yes,No,43,One year,26.56,1096.41,Bank transfer,No,Yes,No internet service,No internet service,No internet service,No internet service,No internet service,No internet service,Yes,No
CUST-03124,Betty Rodriguez,Male,0,28,No,No,25,One year,38.29,989.59,Credit card,No,Yes,No internet service,No internet service,No internet service,No internet service,No internet service,No internet service,No,No
CUST-03125,Joseph Robinson,Male,0,52,No,Yes,8,Month-to-month,106.44,858.09,Bank transfer,Fiber optic,Yes,No,Yes,No,Yes,Yes,No,No,No
CUST-03126,Betty Clark,Male,1,70,Yes,No,2,Month-to-month,29.89,66.58,Bank transfer,No,Yes,No internet service,No internet service,No internet service,No internet service,No internet service,No internet service,Yes,Yes
CUST-03127,Thomas Nguyen,Female,0,20,No,No,3,Month-to-month,21.38,57.01,Credit card,No,No,No internet service,No internet service,No internet service,No internet service,No internet service,No internet service,No,No
CUST-03128,Paul Anderson,Female,0,50,Yes,Yes,2,Month-to-month,25.4,25.4,Mailed check,No,Yes,No internet service,No internet service,No internet service,No internet service,No internet service,No internet service,Yes,No
CUST-03129,Anthony Miller,Male,1,84,Yes,Yes,39,One year,73.77,2897.92,Bank transfer,DSL,Yes,No,No,No,Yes,No,No,No,Yes
CUST-03130,Joseph White,Male,0,29,Yes,No,6,Month-to-month,35.22,177.7,Credit card,No,Yes,No internet service,No internet service,No internet service,No internet service,No internet service,No internet service,Yes,Yes
CUST-03131,Sarah Hill,Female,0,54,Yes,No,58,Two year,78.99,4537.87,Bank transfer,DSL,Yes,Yes,Yes,No,Yes,No,No,No,No
CUST-03132,Jessica Garcia,Male,0,57,Yes,No,22,Two year,89.99,2028.6,Electronic check,Fiber optic,Yes,No,No,No,No,No,Yes,Yes,No
CUST-03133,William Martin,Female,0,57,Yes,No,46,One year,81.35,3709.02,Electronic check,DSL,Yes,Yes,Yes,No,Yes,Yes,No,Yes,No
CUST-03134,Mark Hill,Female,0,37,No,No,7,Month-to-month,72.65,500.5,Mailed check,Fiber optic,No,No,Yes,No,No,No,No,Yes,Yes
CUST-03135,Sandra Harris,Male,1,75,Yes,Yes,36,One year,34.33,1284.18,Bank transfer,No,Yes,No internet service,No internet service,No internet service,No internet service,No internet service,No internet service,No,No
CUST-03136,Paul Scott,Male,0,24,Yes,Yes,6,Month-to-month,32.82,229.29,Bank transfer,No,Yes,No internet service,No internet service,No internet service,No internet service,No internet service,No internet service,No,Yes
CUST-03137,Nancy Flores,Female,0,59,Yes,No,10,Month-to-month,29.24,273.88,Credit card,No,Yes,No internet service,No internet service,No internet service,No internet service,No internet service,No internet service,No,Yes
CUST-03138,Daniel Clark,Female,0,24,Yes,No,6,Month-to-month,64.79,387.95,Electronic check,DSL,Yes,Yes,No,No,No,No,Yes,No,No
CUST-03139,Robert Allen,Female,0,35,No,No,2,Month-to-month,98.07,235.19,Mailed check,Fiber optic,No,No,Yes,Yes,No,Yes,Yes,Yes,Yes
CUST-03140,Barbara Taylor,Male,0,19,No,No,5,Month-to-month,30.71,143.15,Electronic check,No,Yes,No internet service,No internet service,No internet service,No internet service,No internet service,No internet service,Yes,Yes
CUST-03141,Michelle King,Male,0,28,No,No,32,One year,105.83,3412.35,Credit card,Fiber optic,Yes,Yes,Yes,No,Yes,No,No,Yes,No
CUST-03142,Steven Perez,Female,0,64,Yes,Yes,68,Two year,89.69,6071.4,Credit card,DSL,Yes,Yes,No,No,Yes,Yes,No,Yes,No
CUST-03143,Daniel Brown,Female,0,55,Yes,No,33,One year,26.45,856.39,Bank transfer,No,Yes,No internet service,No internet service,No internet service,No internet service,No internet service,No internet service,Yes,No
CUST-03144,Thomas Flores,Female,0,64,Yes,No,44,Two year,72.22,3141.32,Mailed check,DSL,Yes,No,Yes,No,Yes,Yes,No,Yes,No
CUST-03145,John Sanchez,Female,0,24,Yes,No,10,Month-to-month,88.85,934.45,Bank transfer,DSL,Yes,No,No,Yes,Yes,Yes,No,Yes,No
CUST-03146,James Nguyen,Male,0,42,Yes,No,13,One year,17.13,264.25,Bank transfer,No,No,No internet service,No internet service,No internet service,No internet service,No internet service,No internet service,Yes,No
CUST-03147,Anthony Thompson,Female,0,25,No,No,43,Two year,30.5,1307.45,Bank transfer,No,Yes,No internet service,No internet service,No internet service,No internet service,No internet service,No internet service,Yes,No
CUST-03148,Nancy Lopez,Female,1,82,No,Yes,4,Month-to-month,94.87,345.26,Credit card,Fiber optic,Yes,No,Yes,Yes,No,No,No,No,Yes
CUST-03149,Christopher Anderson,Female,0,33,Yes,No,50,Two year,26.74,1312.05,Credit card,No,Yes,No internet service,No internet service,No internet service,No internet service,No internet service,No internet service,Yes,No
CUST-03150,Elizabeth Torres,Male,0,46,Yes,No,28,Two year,33.16,932.52,Electronic check,No,Yes,No internet service,No internet service,No internet service,No internet service,No internet service,No internet service,Yes,No
CUST-03151,William Brown,Female,0,47,No,No,31,One year,24.8,736.24,Credit card,No,No,No internet service,No internet service,No internet service,No internet service,No internet service,No internet service,Yes,No
CUST-03152,Patricia Walker,Male,1,73,No,Yes,10,Month-to-month,117.09,1219.46,Mailed check,Fiber optic,Yes,No,Yes,Yes,Yes,Yes,No,No,No
CUST-03153,Elizabeth Sanchez,Male,0,18,Yes,No,33,Two year,93.66,3102.64,Credit card,Fiber optic,Yes,Yes,No,Yes,No,Yes,No,No,No
CUST-03154,Betty Johnson,Female,0,38,Yes,Yes,2,Month-to-month,83.72,210.49,Electronic check,DSL,Yes,No,Yes,No,Yes,No,Yes,Yes,No
CUST-03155,Lisa King,Male,0,36,Yes,No,3,Month-to-month,32.11,96.74,Bank transfer,No,Yes,No internet service,No internet service,No internet service,No internet service,No internet service,No internet service,Yes,No
CUST-03156,William Scott,Female,0,44,Yes,No,39,Two year,88.25,3414.27,Bank transfer,Fiber optic,Yes,Yes,No,No,Yes,No,No,No,No
CUST-03157,Christopher Davis,Male,0,24,No,No,8,Month-to-month,86.42,687.1,Electronic check,Fiber optic,Yes,No,Yes,No,No,Yes,No,No,No
CUST-03158,Mary Martin,Male,0,56,No,No,42,One year,36.34,1536.22,Electronic check,No,Yes,No internet service,No internet service,No internet service,No internet service,No internet service,No internet service,No,No
CUST-03159,Matthew Wilson,Female,0,38,No,No,27,One year,93.72,2538.1,Bank transfer,Fiber optic,Yes,No,Yes,No,Yes,No,No,No,Yes
CUST-03160,Karen Thomas,Male,0,20,Yes,No,14,One year,67.15,911.77,Mailed check,DSL,Yes,No,Yes,No,No,No,Yes,Yes,Yes
CUST-03161,Christopher Lopez,Female,0,33,No,Yes,9,Month-to-month,27.25,221.69,Mailed check,No,Yes,No internet service,No internet service,No internet service,No internet service,No internet service,No internet service,No,No
CUST-03162,Lisa Gonzalez,Male,0,45,Yes,Yes,55,Two year,101.73,5611.38,Bank transfer,Fiber optic,Yes,No,No,Yes,No,Yes,Yes,Yes,Yes
CUST-03163,Jennifer Davis,Male,1,70,Yes,No,5,Month-to-month,78.73,386.87,Bank transfer,DSL,Yes,Yes,No,No,Yes,No,No,No,No
CUST-03164,Michelle Martin,Male,0,27,Yes,No,71,Two year,80.49,5713.35,Credit card,DSL,Yes,Yes,No,Yes,Yes,No,No,Yes,No
CUST-03165,Sarah Harris,Male,0,41,Yes,No,6,One year,94.16,587.76,Bank transfer,Fiber optic,No,Yes,No,No,Yes,Yes,No,No,No
CUST-03166,Elizabeth Taylor,Male,1,73,No,No,9,Month-to-month,56.29,520.2,Credit card,DSL,Yes,No,No,No,No,No,No,Yes,No
CUST-03167,Steven Torres,Female,0,21,No,No,3,Month-to-month,63.68,155.21,Bank transfer,DSL,Yes,No,No,No,Yes,No,No,Yes,No
CUST-03168,David Jones,Male,0,51,Yes,No,9,Month-to-month,100.92,869.49,Bank transfer,Fiber optic,Yes,No,Yes,No,Yes,No,No,Yes,Yes
CUST-03169,Lisa Nguyen,Male,0,40,No,No,52,Two year,82.93,4350.27,Mailed check,Fiber optic,Yes,No,Yes,No,No,No,Yes,Yes,No
CUST-03170,Robert Moore,Female,0,30,Yes,No,20,One year,88.93,1749.18,Mailed check,DSL,No,Yes,Yes,Yes,No,Yes,No,Yes,Yes
CUST-03171,Susan Wilson,Female,0,27,No,Yes,69,Two year,70.54,4838.44,Credit card,DSL,Yes,Yes,No,No,No,No,No,No,No
CUST-03172,Matthew Smith,Female,1,81,Yes,Yes,4,Month-to-month,32.87,157.56,Bank transfer,No,Yes,No internet service,No internet service,No internet service,No internet service,No internet service,No internet service,No,No
CUST-03173,David Sanchez,Male,0,37,No,No,35,One year,26.16,915.81,Bank transfer,No,Yes,No internet service,No internet service,No internet service,No internet service,No internet service,No internet service,No,No
CUST-03174,Matthew Hernandez,Female,0,18,No,No,1,Month-to-month,32.98,32.98,Mailed check,No,Yes,No internet service,No internet service,No internet service,No internet service,No internet service,No internet service,No,No
CUST-03175,Emily Walker,Male,1,70,Yes,No,9,Month-to-month,83.61,707.15,Credit card,Fiber optic,Yes,No,No,No,No,No,No,Yes,Yes
CUST-03176,Daniel Johnson,Male,0,41,No,Yes,35,Two year,27.11,997.52,Bank transfer,No,Yes,No internet service,No internet service,No internet service,No internet service,No internet service,No internet service,No,No
CUST-03177,Joseph King,Male,0,53,Yes,Yes,7,Month-to-month,92.67,694.43,Electronic check,Fiber optic,Yes,Yes,Yes,No,No,No,No,Yes,Yes
CUST-03178,Donald Thompson,Female,0,18,No,No,56,Two year,91.52,5159.22,Credit card,Fiber optic,No,Yes,Yes,No,No,Yes,No,Yes,Yes
CUST-03179,Joseph Scott,Female,0,26,Yes,Yes,40,Two year,86.13,3458.75,Mailed check,Fiber optic,Yes,Yes,No,No,No,No,Yes,No,No
CUST-03180,Joshua Johnson,Female,0,45,Yes,No,11,Month-to-month,80.25,927.08,Credit card,DSL,Yes,Yes,Yes,No,No,No,No,Yes,No
CUST-03181,Donald Walker,Male,0,30,Yes,No,37,Two year,94.98,3484.53,Mailed check,Fiber optic,Yes,Yes,Yes,No,No,Yes,No,Yes,No
CUST-03182,Robert Jackson,Male,0,53,Yes,No,10,Month-to-month,98.05,964.23,Mailed check,Fiber optic,Yes,Yes,No,Yes,No,No,No,No,Yes
CUST-03183,John Miller,Female,0,63,No,No,18,One year,77.85,1353.34,Bank transfer,DSL,Yes,No,No,Yes,Yes,No,Yes,No,No
CUST-03184,Barbara Wright,Male,0,54,No,No,16,Two year,89.11,1397.7,Mailed check,Fiber optic,No,No,No,Yes,Yes,Yes,No,Yes,Yes
CUST-03185,Robert King,Male,0,51,No,No,2,Month-to-month,74.07,136.35,Bank transfer,DSL,Yes,No,Yes,No,Yes,Yes,No,Yes,No
CUST-03186,Nancy Sanchez,Female,0,30,Yes,No,27,Two year,76.53,2030.23,Credit card,DSL,Yes,No,No,No,No,Yes,Yes,Yes,No
CUST-03187,Barbara Harris,Male,0,63,Yes,No,15,One year,74.21,1098.76,Credit card,DSL,Yes,Yes,No,No,Yes,Yes,No,No,No
CUST-03188,Nancy Moore,Female,0,30,Yes,No,45,One year,74.26,3309.68,Bank transfer,DSL,Yes,Yes,Yes,No,No,No,No,No,No
CUST-03189,Donna Smith,Male,1,76,Yes,No,9,Month-to-month,113.47,1056.23,Bank transfer,Fiber optic,Yes,Yes,Yes,Yes,Yes,No,Yes,Yes,No
CUST-03190,Michael Thomas,Female,0,60,Yes,No,28,Two year,39.43,1066.31,Credit card,No,Yes,No internet service,No internet service,No internet service,No internet service,No internet service,No internet service,Yes,No
CUST-03191,Susan King,Female,0,42,No,No,6,Month-to-month,86.1,558.95,Electronic check,DSL,Yes,No,Yes,Yes,No,Yes,No,No,No
CUST-03192,Jennifer Scott,Female,1,76,Yes,No,62,Two year,119.86,7440.95,Bank transfer,Fiber optic,Yes,Yes,Yes,No,Yes,Yes,No,Yes,Yes
CUST-03193,Emily Moore,Female,0,38,Yes,No,34,Two year,33.36,1110.12,Credit card,No,Yes,No internet service,No internet service,No internet service,No internet service,No internet service,No internet service,No,No
CUST-03194,Patricia Lewis,Female,0,47,Yes,No,5,Month-to-month,88.22,422.09,Mailed check,Fiber optic,Yes,No,No,Yes,No,No,No,No,Yes
CUST-03195,Steven King,Female,0,60,Yes,No,9,Month-to-month,78.88,729.53,Credit card,DSL,Yes,Yes,Yes,No,No,No,Yes,Yes,No
CUST-03196,Richard Lewis,Male,0,47,No,Yes,3,Month-to-month,66.97,172.33,Electronic check,DSL,No,No,Yes,No,No,No,Yes,No,Yes
CUST-03197,Barbara Brown,Male,0,49,Yes,No,69,Two year,87.94,6049.56,Credit card,Fiber optic,Yes,Yes,No,No,No,No,Yes,Yes,No
CUST-03198,Charles Anderson,Female,1,68,No,No,2,Month-to-month,109.35,182.0,Electronic check,Fiber optic,Yes,Yes,Yes,No,No,Yes,No,No,Yes
CUST-03199,Emily Lee,Male,0,26,No,No,27,Two year,101.2,2752.37,Credit card,Fiber optic,Yes,No,Yes,No,No,No,Yes,No,No
CUST-03200,Lisa Smith,Male,1,72,Yes,No,5,Month-to-month,114.23,614.0,Mailed check,Fiber optic,Yes,Yes,No,Yes,No,Yes,Yes,Yes,No
CUST-03201,Jessica Wright,Female,0,56,No,No,13,One year,79.03,1024.0,Electronic check,DSL,Yes,No,Yes,No,No,Yes,Yes,No,No
CUST-03202,Kimberly Lee,Male,0,32,No,No,40,One year,31.48,1234.83,Mailed check,No,Yes,No internet service,No internet service,No internet service,No internet service,No internet service,No internet service,No,No
CUST-03203,Sarah Allen,Female,0,50,Yes,Yes,8,Month-to-month,96.69,750.32,Mailed check,Fiber optic,Yes,Yes,No,No,No,Yes,No,Yes,No
CUST-03204,Christopher Martinez,Female,0,52,No,No,55,Two year,94.3,5152.27,Mailed check,Fiber optic,Yes,Yes,No,Yes,Yes,No,No,Yes,No
CUST-03205,Robert Davis,Female,1,78,Yes,Yes,27,One year,96.73,2615.5,Credit card,Fiber optic,Yes,Yes,No,No,Yes,No,No,No,No
CUST-03206,Nancy Wilson,Female,0,32,No,No,15,One year,84.77,1287.27,Credit card,DSL,Yes,Yes,Yes,Yes,No,No,No,Yes,No
CUST-03207,Barbara Flores,Male,1,83,No,Yes,70,Two year,72.72,5132.89,Electronic check,DSL,Yes,No,Yes,No,No,No,Yes,Yes,No
CUST-03208,Mark Hernandez,Female,0,57,No,No,50,Two year,107.42,5351.16,Mailed check,Fiber optic,Yes,Yes,No,No,Yes,No,Yes,Yes,No
CUST-03209,Sandra Thomas,Female,0,48,Yes,No,10,Month-to-month,33.95,365.59,Bank transfer,No,Yes,No internet service,No internet service,No internet service,No internet service,No internet service,No internet service,Yes,No
CUST-03210,Lisa Clark,Female,0,61,No,Yes,4,Month-to-month,100.08,447.85,Bank transfer,Fiber optic,Yes,Yes,Yes,No,Yes,No,No,Yes,Yes
CUST-03211,Thomas Davis,Male,1,75,Yes,Yes,8,Month-to-month,115.03,935.95,Electronic check,DSL,Yes,No,Yes,Yes,Yes,Yes,Yes,Yes,Yes
CUST-03212,Emily Allen,Female,0,46,Yes,No,5,Month-to-month,25.63,161.31,Credit card,No,Yes,No internet service,No internet service,No internet service,No internet service,No internet service,No internet service,Yes,Yes
CUST-03213,David Allen,Female,1,67,Yes,No,30,Two year,90.89,2715.33,Bank transfer,Fiber optic,Yes,No,No,No,No,Yes,No,Yes,No
CUST-03214,Paul Young,Female,0,49,Yes,No,56,Two year,84.57,4785.53,Electronic check,Fiber optic,No,Yes,Yes,No,No,No,Yes,Yes,No
CUST-03215,Betty Jones,Male,0,46,No,Yes,3,Month-to-month,74.74,178.26,Electronic check,DSL,Yes,No,Yes,No,Yes,Yes,No,No,No
CUST-03216,Matthew Gonzalez,Female,0,57,No,Yes,11,Month-to-month,92.07,1034.17,Mailed check,Fiber optic,Yes,No,No,No,No,Yes,No,Yes,No
CUST-03217,Matthew Miller,Female,0,39,Yes,Yes,10,Month-to-month,94.37,988.07,Bank transfer,Fiber optic,Yes,No,No,No,No,Yes,No,Yes,No
CUST-03218,Mary Rodriguez,Male,0,48,Yes,Yes,57,Two year,84.6,4847.0,Bank transfer,Fiber optic,Yes,No,Yes,No,No,No,No,Yes,Yes
CUST-03219,Jennifer Thomas,Female,0,21,Yes,Yes,23,One year,39.84,902.66,Bank transfer,No,Yes,No internet service,No internet service,No internet service,No internet service,No internet service,No internet service,No,No
CUST-03220,Kimberly Martin,Male,0,32,No,Yes,32,One year,33.14,1039.08,Electronic check,No,Yes,No internet service,No internet service,No internet service,No internet service,No internet service,No internet service,No,No
CUST-03221,Joseph Martin,Male,1,75,No,Yes,23,One year,78.85,1820.32,Bank transfer,DSL,Yes,Yes,No,Yes,No,No,No,No,No
CUST-03222,John Harris,Female,0,37,No,No,11,Month-to-month,29.34,337.82,Credit card,No,Yes,No internet service,No internet service,No internet service,No internet service,No internet service,No internet service,Yes,No
CUST-03223,Sarah Torres,Female,0,34,No,No,9,Month-to-month,104.04,930.57,Bank transfer,Fiber optic,Yes,Yes,Yes,No,No,No,Yes,No,No
CUST-03224,Kimberly Harris,Male,0,52,No,Yes,59,Two year,78.69,4652.31,Credit card,DSL,Yes,No,Yes,No,No,Yes,No,Yes,No
CUST-03225,Sandra Hill,Female,0,32,Yes,Yes,10,Month-to-month,91.34,889.36,Electronic check,Fiber optic,Yes,No,No,No,Yes,No,No,No,No
CUST-03226,Daniel Thomas,Male,0,18,Yes,No,11,Month-to-month,38.75,432.46,Credit card,No,Yes,No internet service,No internet service,No internet service,No internet service,No internet service,No internet service,Yes,No
CUST-03227,James Ramirez,Male,0,54,No,No,36,One year,25.91,947.3,Credit card,No,Yes,No internet service,No internet service,No internet service,No internet service,No internet service,No internet service,No,No
CUST-03228,Nancy Nguyen,Female,0,48,Yes,No,10,Month-to-month,52.82,498.76,Mailed check,DSL,Yes,No,No,No,No,No,No,Yes,No
CUST-03229,Barbara Brown,Male,0,50,Yes,Yes,7,Month-to-month,70.48,492.29,Mailed check,DSL,Yes,No,No,Yes,No,No,No,Yes,Yes
CUST-03230,Jessica Young,Female,0,41,Yes,No,66,Two year,27.71,1800.66,Electronic check,No,Yes,No internet service,No internet service,No internet service,No internet service,No internet service,No internet service,No,No
CUST-03231,Christopher Hernandez,Female,1,76,No,Yes,38,One year,118.83,4542.75,Mailed check,Fiber optic,Yes,Yes,Yes,Yes,Yes,No,Yes,No,No
CUST-03232,Elizabeth Hernandez,Male,0,56,Yes,No,47,One year,32.81,1533.33,Bank transfer,No,Yes,No internet service,No internet service,No internet service,No internet service,No internet service,No internet service,No,No
CUST-03233,John Miller,Male,0,30,No,Yes,10,Month-to-month,36.3,341.16,Electronic check,No,Yes,No internet service,No internet service,No internet service,No internet service,No internet service,No internet service,Yes,No
CUST-03234,Steven Walker,Female,0,57,No,Yes,28,One year,58.07,1620.29,Bank transfer,DSL,Yes,No,No,No,No,No,No,No,No
CUST-03235,Richard Jones,Female,0,28,No,No,42,Two year,32.54,1328.43,Electronic check,No,Yes,No internet service,No internet service,No internet service,No internet service,No internet service,No internet service,Yes,No
CUST-03236,James Martin,Male,0,61,No,Yes,8,Month-to-month,92.38,698.68,Mailed check,DSL,Yes,Yes,Yes,Yes,No,Yes,No,No,No
CUST-03237,Jessica Wright,Female,0,62,No,Yes,38,One year,100.07,3773.97,Electronic check,Fiber optic,Yes,No,No,No,Yes,No,Yes,Yes,No
CUST-03238,Thomas Hernandez,Male,1,67,Yes,Yes,43,One year,28.97,1225.03,Credit card,No,Yes,No internet service,No internet service,No internet service,No internet service,No internet service,No internet service,Yes,No
CUST-03239,Paul Sanchez,Female,0,44,Yes,Yes,19,Two year,84.19,1613.58,Electronic check,Fiber optic,No,No,Yes,Yes,No,Yes,No,Yes,No
CUST-03240,Sarah Torres,Female,0,37,No,Yes,7,One year,96.23,709.63,Bank transfer,Fiber optic,Yes,No,No,No,Yes,No,Yes,Yes,No
CUST-03241,Joseph Gonzalez,Male,0,58,No,No,24,Two year,96.72,2359.51,Mailed check,Fiber optic,Yes,Yes,No,No,Yes,Yes,No,Yes,No
CUST-03242,Nancy Wright,Male,0,41,Yes,No,2,Month-to-month,39.11,92.88,Bank transfer,No,Yes,No internet service,No internet service,No internet service,No internet service,No internet service,No internet service,Yes,No
CUST-03243,Sarah Young,Female,0,33,No,Yes,4,Month-to-month,27.32,90.04,Mailed check,No,Yes,No internet service,No internet service,No internet service,No internet service,No internet service,No internet service,Yes,No
CUST-03244,John Davis,Female,1,69,Yes,No,3,Month-to-month,51.36,153.03,Bank transfer,DSL,Yes,No,No,No,No,No,No,Yes,No
CUST-03245,Mark White,Female,0,19,Yes,No,24,One year,109.07,2651.35,Mailed check,Fiber optic,Yes,Yes,No,No,No,Yes,Yes,No,No
CUST-03246,Paul King,Female,0,19,No,No,34,Two year,89.41,3089.13,Electronic check,Fiber optic,Yes,Yes,No,No,No,Yes,No,Yes,Yes
CUST-03247,Daniel Wilson,Male,0,58,No,No,20,One year,100.42,1970.25,Credit card,Fiber optic,Yes,Yes,No,Yes,No,No,Yes,Yes,Yes
CUST-03248,Matthew Nguyen,Female,1,83,No,No,9,Month-to-month,33.7,324.95,Electronic check,No,Yes,No internet service,No internet service,No internet service,No internet service,No internet service,No internet service,Yes,Yes
CUST-03249,Elizabeth Wright,Female,1,80,Yes,No,2,Month-to-month,80.45,152.71,Bank transfer,DSL,Yes,Yes,No,Yes,Yes,No,No,Yes,No
CUST-03250,Betty Miller,Male,0,31,No,No,66,Two year,39.36,2582.39,Credit card,No,Yes,No internet service,No internet service,No internet service,No internet service,No internet service,No internet service,No,No
CUST-03251,Elizabeth Martin,Female,0,50,Yes,Yes,12,One year,87.99,1082.81,Bank transfer,Fiber optic,No,Yes,No,Yes,No,Yes,No,No,No
CUST-03252,Christopher Sanchez,Female,0,43,No,Yes,5,Month-to-month,83.58,401.02,Electronic check,DSL,No,Yes,No,No,Yes,No,Yes,Yes,Yes
CUST-03253,Paul Davis,Female,0,19,Yes,No,2,Month-to-month,30.63,87.25,Electronic check,No,Yes,No internet service,No internet service,No internet service,No internet service,No internet service,No internet service,No,Yes
CUST-03254,Lisa Lewis,Female,0,31,Yes,No,3,Month-to-month,89.27,268.89,Credit card,Fiber optic,Yes,Yes,No,Yes,No,No,No,No,No
CUST-03255,Karen Torres,Male,0,51,Yes,Yes,7,Month-to-month,94.76,643.44,Electronic check,Fiber optic,Yes,No,No,No,No,Yes,Yes,No,Yes
CUST-03256,Linda Moore,Female,0,63,No,Yes,4,Month-to-month,27.89,108.96,Mailed check,No,Yes,No internet service,No internet service,No internet service,No internet service,No internet service,No internet service,Yes,Yes
CUST-03257,Nancy Allen,Male,0,59,No,Yes,10,Month-to-month,96.03,918.2,Bank transfer,Fiber optic,Yes,No,Yes,No,No,No,Yes,No,No
CUST-03258,Kimberly Robinson,Female,0,42,No,Yes,46,Two year,96.49,4415.56,Credit card,Fiber optic,Yes,No,No,Yes,Yes,No,No,Yes,No
CUST-03259,Daniel Jackson,Female,1,65,No,Yes,48,Two year,70.93,3395.55,Electronic check,DSL,Yes,Yes,No,No,No,No,No,Yes,No
CUST-03260,Matthew Lewis,Male,0,60,Yes,No,14,One year,94.51,1331.72,Bank transfer,Fiber optic,Yes,No,Yes,Yes,No,No,No,No,No
CUST-03261,Jennifer Nguyen,Male,0,40,Yes,No,7,Month-to-month,84.22,604.09,Credit card,Fiber optic,No,No,No,No,No,Yes,Yes,Yes,No
CUST-03262,Donna Martinez,Male,0,23,No,No,56,Two year,66.42,3705.41,Electronic check,DSL,No,No,Yes,Yes,Yes,No,No,Yes,No
CUST-03263,Jessica Taylor,Female,1,70,Yes,No,1,Month-to-month,98.75,102.15,Credit card,Fiber optic,Yes,Yes,Yes,No,No,Yes,No,No,Yes
CUST-03264,Betty Lee,Female,1,70,No,No,61,Two year,77.46,4747.29,Mailed check,DSL,Yes,Yes,No,No,No,Yes,No,Yes,No
CUST-03265,Lisa Anderson,Male,0,28,Yes,No,53,Two year,19.42,1072.13,Electronic check,No,No,No internet service,No internet service,No internet service,No internet service,No internet service,No internet service,Yes,No
CUST-03266,Elizabeth Thompson,Male,0,49,No,Yes,47,One year,91.67,4284.54,Credit card,Fiber optic,Yes,No,Yes,Yes,No,No,No,Yes,No
CUST-03267,Robert Robinson,Female,0,24,No,No,10,Month-to-month,87.2,899.76,Electronic check,DSL,Yes,Yes,Yes,No,No,Yes,No,Yes,No
CUST-03268,Michelle Smith,Male,1,83,No,Yes,8,Month-to-month,82.47,669.49,Mailed check,Fiber optic,Yes,Yes,Yes,No,No,No,No,No,No
CUST-03269,Kimberly Rodriguez,Male,0,51,No,No,2,Month-to-month,99.74,158.27,Mailed check,Fiber optic,Yes,No,Yes,No,No,Yes,No,No,No
CUST-03270,Matthew White,Male,0,53,Yes,Yes,7,Month-to-month,87.72,645.02,Mailed check,Fiber optic,Yes,No,No,Yes,No,Yes,No,Yes,Yes
CUST-03271,David Jackson,Male,0,26,Yes,Yes,9,Month-to-month,112.39,980.86,Credit card,Fiber optic,Yes,Yes,Yes,Yes,Yes,No,No,No,No
CUST-03272,Nancy Johnson,Female,0,39,Yes,Yes,10,Month-to-month,95.98,983.43,Credit card,Fiber optic,Yes,Yes,Yes,No,No,No,No,No,Yes
CUST-03273,Donna Ramirez,Male,0,45,No,No,34,One year,76.14,2542.48,Mailed check,DSL,Yes,Yes,No,No,No,No,Yes,No,No
CUST-03274,Jennifer Thomas,Male,0,63,No,Yes,10,Month-to-month,106.11,1103.6,Electronic check,Fiber optic,Yes,Yes,Yes,No,No,No,Yes,Yes,Yes
CUST-03275,Elizabeth King,Female,0,54,Yes,Yes,60,Two year,118.67,7124.6,Credit card,Fiber optic,Yes,Yes,Yes,No,Yes,Yes,No,No,No
CUST-03276,Charles White,Male,0,49,No,No,33,One year,31.8,1089.14,Mailed check,No,Yes,No internet service,No internet service,No internet service,No internet service,No internet service,No internet service,No,No
CUST-03277,Karen Wilson,Female,0,52,Yes,No,10,Month-to-month,85.95,847.21,Mailed check,Fiber optic,Yes,No,No,No,No,No,Yes,Yes,Yes
CUST-03278,Andrew Smith,Male,1,75,No,No,6,Month-to-month,102.66,596.63,Bank transfer,Fiber optic,Yes,No,No,Yes,Yes,Yes,Yes,No,No
CUST-03279,Donald Nguyen,Male,0,61,No,No,24,Two year,89.48,2187.04,Bank transfer,Fiber optic,Yes,Yes,Yes,Yes,No,No,No,Yes,No
CUST-03280,Richard Jackson,Female,0,64,No,No,33,One year,117.94,3865.09,Bank transfer,Fiber optic,Yes,Yes,Yes,Yes,No,No,Yes,Yes,No
CUST-03281,Joseph Moore,Male,0,43,Yes,No,11,Month-to-month,31.6,360.82,Bank transfer,No,Yes,No internet service,No internet service,No internet service,No internet service,No internet service,No internet service,Yes,No
CUST-03282,Betty Jones,Male,0,53,Yes,No,8,Month-to-month,95.53,759.31,Mailed check,Fiber optic,Yes,No,No,Yes,No,Yes,No,Yes,Yes
CUST-03283,Joshua Lewis,Male,0,57,No,No,7,One year,81.62,599.5,Electronic check,Fiber optic,Yes,No,Yes,No,No,No,No,No,Yes
CUST-03284,John King,Female,1,79,No,No,7,Month-to-month,37.9,311.86,Credit card,No,Yes,No internet service,No internet service,No internet service,No internet service,No internet service,No internet service,Yes,No
CUST-03285,Matthew Garcia,Male,0,31,Yes,No,32,One year,36.28,1179.05,Credit card,No,Yes,No internet service,No internet service,No internet service,No internet service,No internet service,No internet service,Yes,No
CUST-03286,Barbara Ramirez,Male,0,35,No,Yes,44,Two year,77.29,3374.02,Bank transfer,DSL,Yes,Yes,Yes,No,No,No,Yes,No,No
CUST-03287,Paul Jones,Female,0,42,Yes,No,33,Two year,77.89,2591.04,Bank transfer,DSL,Yes,Yes,Yes,No,No,No,No,Yes,Yes
CUST-03288,Nancy Moore,Female,1,75,Yes,Yes,32,One year,87.82,2771.67,Credit card,Fiber optic,Yes,No,No,No,No,No,Yes,No,No
CUST-03289,Barbara Miller,Male,0,20,Yes,Yes,13,One year,103.9,1340.66,Mailed check,Fiber optic,Yes,Yes,Yes,No,No,Yes,Yes,No,No
CUST-03290,Donald Flores,Male,1,77,Yes,Yes,14,One year,76.8,1078.15,Credit card,DSL,Yes,Yes,No,No,Yes,No,No,Yes,No
CUST-03291,Donna Allen,Male,0,57,Yes,Yes,35,Two year,83.33,2946.52,Bank transfer,DSL,Yes,No,No,Yes,No,Yes,No,Yes,No
CUST-03292,William Sanchez,Female,0,42,Yes,Yes,5,Month-to-month,77.05,382.95,Bank transfer,DSL,Yes,Yes,No,No,No,No,Yes,Yes,No
CUST-03293,Mark Taylor,Female,0,18,Yes,No,40,Two year,96.23,3826.05,Bank transfer,Fiber optic,Yes,Yes,No,No,No,Yes,No,No,Yes
CUST-03294,Robert Taylor,Male,0,19,No,No,5,Month-to-month,33.05,145.64,Mailed check,No,Yes,No internet service,No internet service,No internet service,No internet service,No internet service,No internet service,Yes,Yes
CUST-03295,Karen Davis,Female,0,51,Yes,No,5,Month-to-month,100.89,527.28,Electronic check,Fiber optic,Yes,Yes,Yes,No,No,Yes,No,Yes,Yes
CUST-03296,Paul Lee,Male,0,33,No,No,32,One year,94.19,3017.84,Bank transfer,Fiber optic,Yes,Yes,No,No,No,No,Yes,Yes,No
CUST-03297,Daniel Moore,Female,0,61,No,No,2,Month-to-month,25.52,25.52,Bank transfer,No,Yes,No internet service,No internet service,No internet service,No internet service,No internet service,No internet service,No,No
CUST-03298,Jennifer Nguyen,Female,0,37,Yes,Yes,5,Month-to-month,68.12,356.18,Mailed check,DSL,Yes,Yes,No,No,No,No,No,Yes,No
CUST-03299,Steven Brown,Male,0,64,No,Yes,3,Month-to-month,105.69,327.65,Electronic check,Fiber optic,Yes,Yes,Yes,No,Yes,No,Yes,No,No
CUST-03300,Barbara Smith,Male,0,51,Yes,No,19,One year,82.41,1515.92,Bank transfer,DSL,Yes,Yes,No,No,No,No,Yes,No,No
CUST-03301,Barbara Harris,Male,0,51,No,Yes,59,Two year,95.17,5622.47,Credit card,Fiber optic,Yes,Yes,No,No,Yes,No,Yes,Yes,No
CUST-03302,Matthew Clark,Female,0,47,No,No,38,One year,97.68,3731.39,Bank transfer,Fiber optic,Yes,No,No,Yes,Yes,No,No,Yes,Yes
CUST-03303,Daniel Johnson,Male,0,46,Yes,No,4,Month-to-month,73.22,342.3,Credit card,DSL,Yes,No,No,No,No,No,Yes,Yes,Yes
CUST-03304,Andrew Scott,Female,1,71,No,No,10,One year,31.67,301.0,Mailed check,No,Yes,No internet service,No internet service,No internet service,No internet service,No internet service,No internet service,No,No
CUST-03305,Patricia Allen,Male,0,22,No,No,1,Month-to-month,83.42,107.67,Credit card,Fiber optic,Yes,No,Yes,No,No,No,No,No,No
CUST-03306,Ashley Ramirez,Female,0,33,Yes,No,23,One year,105.15,2452.57,Credit card,Fiber optic,Yes,Yes,Yes,No,No,Yes,No,No,No
CUST-03307,Lisa Jackson,Male,0,39,Yes,Yes,6,Month-to-month,82.23,521.29,Electronic check,DSL,Yes,Yes,Yes,No,No,No,Yes,No,Yes
CUST-03308,Ashley Martinez,Male,0,25,Yes,No,36,One year,95.97,3503.98,Credit card,Fiber optic,Yes,Yes,Yes,Yes,No,No,No,No,No
CUST-03309,Joseph Gonzalez,Female,0,37,Yes,Yes,36,Two year,95.37,3385.64,Electronic check,DSL,Yes,No,Yes,No,No,Yes,Yes,No,No
CUST-03310,Daniel Scott,Female,0,29,No,No,49,Two year,101.13,4983.74,Mailed check,Fiber optic,Yes,Yes,No,No,Yes,No,No,No,Yes
CUST-03311,Kimberly Robinson,Female,0,60,Yes,No,1,Month-to-month,67.81,67.81,Mailed check,DSL,Yes,No,Yes,No,No,No,Yes,Yes,Yes
CUST-03312,James Torres,Male,0,25,No,No,2,Month-to-month,102.02,232.74,Credit card,Fiber optic,Yes,Yes,No,No,Yes,Yes,No,No,Yes
CUST-03313,Donna Lewis,Male,1,70,No,No,58,Two year,71.21,4101.46,Mailed check,DSL,Yes,Yes,Yes,No,No,No,No,No,No
CUST-03314,Margaret Allen,Male,0,57,Yes,No,2,Month-to-month,101.32,228.36,Electronic check,DSL,Yes,Yes,Yes,Yes,Yes,No,Yes,No,Yes
CUST-03315,Donald King,Male,1,77,Yes,Yes,62,Two year,89.47,5558.08,Bank transfer,DSL,Yes,Yes,No,No,Yes,No,Yes,Yes,No
CUST-03316,Elizabeth Torres,Male,0,41,No,No,9,Month-to-month,99.46,901.27,Mailed check,Fiber optic,Yes,Yes,Yes,No,No,Yes,No,Yes,Yes
CUST-03317,Joseph Harris,Male,0,31,Yes,Yes,10,Month-to-month,75.73,757.58,Mailed check,DSL,Yes,No,Yes,No,No,No,Yes,Yes,No
CUST-03318,Donald Lee,Male,0,23,No,No,1,Month-to-month,15.1,16.22,Bank transfer,No,No,No internet service,No internet service,No internet service,No internet service,No internet service,No internet service,Yes,Yes
CUST-03319,David Rodriguez,Female,1,74,No,No,8,Month-to-month,33.77,267.14,Bank transfer,No,Yes,No internet service,No internet service,No internet service,No internet service,No internet service,No internet service,No,No
CUST-03320,James Hernandez,Male,0,45,Yes,No,5,Month-to-month,96.41,527.59,Electronic check,DSL,Yes,Yes,No,No,Yes,Yes,Yes,No,Yes
CUST-03321,Kimberly Robinson,Female,0,46,No,No,2,Month-to-month,97.66,199.15,Bank transfer,Fiber optic,Yes,Yes,No,No,Yes,Yes,No,No,Yes
CUST-03322,Nancy Johnson,Male,1,84,Yes,No,10,Month-to-month,91.96,935.27,Electronic check,Fiber optic,Yes,No,No,No,Yes,Yes,No,No,Yes
CUST-03323,Anthony Walker,Female,0,58,Yes,Yes,5,Month-to-month,105.22,476.8,Bank transfer,Fiber optic,No,Yes,Yes,No,Yes,Yes,No,Yes,Yes
CUST-03324,Christopher Lewis,Male,0,27,No,No,31,One year,37.09,1193.27,Credit card,No,Yes,No internet service,No internet service,No internet service,No internet service,No internet service,No internet service,Yes,No
CUST-03325,William Smith,Female,0,22,Yes,No,1,Month-to-month,36.51,36.51,Electronic check,No,Yes,No internet service,No internet service,No internet service,No internet service,No internet service,No internet service,No,Yes
CUST-03326,Christopher Perez,Male,0,53,Yes,No,6,Month-to-month,76.44,487.25,Mailed check,Fiber optic,No,No,No,No,No,Yes,No,Yes,Yes
CUST-03327,Charles Garcia,Female,0,60,Yes,No,7,Month-to-month,76.77,528.22,Credit card,Fiber optic,Yes,No,No,No,No,Yes,No,No,No
CUST-03328,Emily Williams,Male,0,33,No,No,10,Month-to-month,38.11,355.57,Bank transfer,No,Yes,No internet service,No internet service,No internet service,No internet service,No internet service,No internet service,No,Yes
CUST-03329,Sandra Davis,Male,0,44,No,No,9,Month-to-month,106.08,962.14,Electronic check,Fiber optic,Yes,Yes,Yes,Yes,No,No,No,Yes,No
CUST-03330,Andrew Lee,Male,0,22,No,No,33,Two year,108.23,3595.85,Mailed check,Fiber optic,Yes,Yes,No,No,Yes,Yes,No,Yes,No
CUST-03331,Sarah Hernandez,Male,0,27,Yes,No,6,Month-to-month,91.96,568.43,Mailed check,Fiber optic,Yes,Yes,Yes,No,No,No,No,No,Yes
CUST-03332,Steven Clark,Male,0,53,Yes,No,10,Month-to-month,29.06,255.81,Electronic check,No,Yes,No internet service,No internet service,No internet service,No internet service,No internet service,No internet service,No,No
CUST-03333,Michelle Martinez,Male,0,30,Yes,No,15,One year,88.12,1301.57,Mailed check,Fiber optic,Yes,Yes,No,No,No,No,Yes,Yes,No
CUST-03334,Mark Gonzalez,Male,1,69,Yes,No,2,Month-to-month,75.22,167.34,Credit card,DSL,Yes,No,No,No,Yes,No,Yes,No,No
CUST-03335,Andrew Taylor,Female,0,52,No,No,7,Month-to-month,35.35,270.89,Bank transfer,No,Yes,No internet service,No internet service,No internet service,No internet service,No internet service,No internet service,No,No
CUST-03336,Donna Jackson,Male,0,51,No,No,9,Month-to-month,96.38,899.09,Credit card,Fiber optic,Yes,Yes,Yes,No,No,No,No,Yes,No
CUST-03337,Kimberly Brown,Male,0,38,No,Yes,5,Month-to-month,82.81,398.29,Credit card,DSL,Yes,Yes,No,No,No,Yes,Yes,Yes,No
CUST-03338,Ashley Lee,Female,1,71,No,Yes,42,One year,90.4,3763.06,Credit card,Fiber optic,Yes,No,No,No,Yes,No,No,No,Yes
CUST-03339,David Lewis,Male,0,58,Yes,Yes,4,Month-to-month,104.34,368.35,Bank transfer,DSL,Yes,Yes,Yes,Yes,No,Yes,Yes,Yes,Yes
CUST-03340,Lisa Hernandez,Female,0,37,No,No,6,Month-to-month,34.84,258.88,Mailed check,No,Yes,No internet service,No internet service,No internet service,No internet service,No internet service,No internet service,Yes,No
CUST-03341,Karen Miller,Male,0,48,No,No,7,Month-to-month,84.45,601.26,Electronic check,Fiber optic,No,Yes,No,Yes,Yes,No,No,No,No
CUST-03342,Linda Anderson,Male,0,44,No,Yes,71,Two year,69.88,4978.03,Bank transfer,Fiber optic,Yes,No,No,No,No,No,No,No,No
CUST-03343,Ashley Nguyen,Male,0,54,Yes,Yes,63,Two year,81.47,5098.62,Bank transfer,DSL,Yes,Yes,No,No,No,Yes,No,No,No
CUST-03344,James Flores,Male,0,63,No,No,27,Two year,71.77,1963.81,Mailed check,DSL,Yes,No,No,Yes,No,No,No,No,No
CUST-03345,Betty Thompson,Male,0,43,Yes,No,7,Month-to-month,31.8,270.33,Mailed check,No,Yes,No internet service,No internet service,No internet service,No internet service,No internet service,No internet service,Yes,Yes
CUST-03346,Betty Wright,Female,1,82,Yes,Yes,6,Month-to-month,83.62,474.19,Mailed check,Fiber optic,Yes,No,No,Yes,No,No,No,Yes,Yes
CUST-03347,Barbara Johnson,Male,0,18,Yes,Yes,21,One year,73.4,1543.97,Credit card,DSL,Yes,No,No,Yes,No,Yes,No,Yes,No
CUST-03348,Karen Brown,Male,0,20,Yes,Yes,1,Month-to-month,81.8,81.8,Electronic check,Fiber optic,Yes,No,No,No,No,No,No,No,Yes
CUST-03349,Linda Clark,Female,0,34,No,Yes,8,Month-to-month,95.34,795.1,Electronic check,DSL,Yes,Yes,No,Yes,No,No,Yes,No,Yes
CUST-03350,Robert Harris,Male,1,74,Yes,No,9,Month-to-month,104.23,893.68,Electronic check,Fiber optic,Yes,Yes,No,No,Yes,No,Yes,Yes,Yes
CUST-03351,Richard Flores,Male,0,40,Yes,No,4,Month-to-month,28.07,84.06,Bank transfer,No,Yes,No internet service,No internet service,No internet service,No internet service,No internet service,No internet service,No,No
CUST-03352,Susan Ramirez,Male,0,49,No,Yes,18,Two year,71.93,1302.1,Credit card,DSL,Yes,No,Yes,No,Yes,No,No,Yes,No
CUST-03353,Emily Allen,Female,0,30,No,No,48,Two year,94.97,4588.91,Credit card,DSL,Yes,Yes,Yes,No,Yes,Yes,Yes,No,No
CUST-03354,Anthony Flores,Female,0,31,Yes,No,3,Month-to-month,81.33,229.06,Bank transfer,Fiber optic,Yes,No,No,No,No,No,No,No,Yes
CUST-03355,Lisa Lopez,Male,0,63,Yes,Yes,14,One year,75.39,1072.25,Electronic check,DSL,Yes,Yes,No,No,No,No,No,Yes,No
CUST-03356,Sandra Anderson,Female,0,28,Yes,No,9,Month-to-month,83.29,755.62,Credit card,Fiber optic,Yes,No,No,Yes,No,No,No,Yes,No
CUST-03357,Elizabeth Gonzalez,Female,0,19,Yes,Yes,7,One year,75.84,539.58,Bank transfer,DSL,Yes,No,No,Yes,Yes,Yes,No,Yes,No
CUST-03358,Joseph Hill,Female,0,41,No,Yes,7,Month-to-month,86.47,560.53,Credit card,DSL,Yes,Yes,No,No,Yes,No,Yes,Yes,No
CUST-03359,James Martinez,Male,0,52,No,No,1,Month-to-month,83.87,116.91,Electronic check,Fiber optic,Yes,No,Yes,No,No,No,No,Yes,Yes
CUST-03360,John Martinez,Female,0,44,Yes,No,67,Two year,55.79,3752.06,Electronic check,DSL,No,No,No,No,No,No,Yes,No,No
CUST-03361,William Wilson,Female,0,29,No,No,10,One year,85.46,868.03,Mailed check,DSL,Yes,No,No,Yes,No,Yes,Yes,Yes,No
CUST-03362,Steven Walker,Male,0,58,Yes,No,11,Month-to-month,108.96,1241.89,Mailed check,Fiber optic,Yes,Yes,Yes,Yes,Yes,No,No,No,No
CUST-03363,Charles Walker,Female,0,40,No,No,35,One year,85.85,3050.38,Electronic check,Fiber optic,Yes,No,Yes,No,No,No,No,Yes,No
CUST-03364,Sarah Ramirez,Female,0,49,Yes,No,1,Month-to-month,98.45,144.48,Bank transfer,Fiber optic,Yes,Yes,No,No,Yes,Yes,No,Yes,No
CUST-03365,William Wilson,Male,1,68,Yes,No,2,Month-to-month,117.68,236.37,Mailed check,Fiber optic,Yes,Yes,No,Yes,Yes,Yes,Yes,Yes,Yes
CUST-03366,Ashley Wilson,Male,0,63,Yes,No,24,One year,108.21,2622.77,Bank transfer,Fiber optic,Yes,Yes,Yes,Yes,No,No,Yes,No,Yes
CUST-03367,Christopher Rodriguez,Female,0,48,Yes,No,1,Month-to-month,91.96,91.96,Bank transfer,Fiber optic,Yes,No,No,No,No,No,Yes,Yes,No
CUST-03368,Betty Miller,Female,0,58,Yes,No,56,Two year,35.5,2006.05,Credit card,No,Yes,No internet service,No internet service,No internet service,No internet service,No internet service,No internet service,No,No
CUST-03369,Joshua Hernandez,Male,0,46,No,No,11,Month-to-month,91.53,1027.14,Mailed check,Fiber optic,Yes,No,Yes,Yes,No,No,No,No,No
CUST-03370,Lisa Johnson,Male,0,34,No,No,4,Month-to-month,105.33,442.88,Credit card,Fiber optic,Yes,Yes,Yes,No,Yes,Yes,No,Yes,Yes
CUST-03371,Paul King,Female,0,43,No,Yes,19,Two year,97.08,1851.29,Bank transfer,Fiber optic,Yes,Yes,No,Yes,No,No,No,Yes,No
CUST-03372,Michael Martin,Male,0,37,Yes,Yes,45,One year,98.01,4429.22,Bank transfer,Fiber optic,Yes,No,Yes,No,Yes,No,No,Yes,No
CUST-03373,Elizabeth Smith,Male,0,35,No,No,7,Month-to-month,16.18,151.1,Credit card,No,No,No internet service,No internet service,No internet service,No internet service,No internet service,No internet service,Yes,Yes
CUST-03374,Charles White,Female,0,43,Yes,Yes,46,One year,101.11,4680.98,Mailed check,Fiber optic,No,Yes,No,No,Yes,Yes,Yes,Yes,No
CUST-03375,Susan Martinez,Male,0,20,Yes,No,60,Two year,86.34,5166.48,Bank transfer,DSL,Yes,No,No,Yes,Yes,Yes,Yes,Yes,No
CUST-03376,Mark Smith,Female,0,52,Yes,No,36,One year,82.3,2982.09,Electronic check,DSL,Yes,No,Yes,Yes,Yes,No,No,No,No
CUST-03377,Paul Miller,Female,0,46,Yes,Yes,9,Month-to-month,29.26,222.76,Electronic check,No,Yes,No internet service,No internet service,No internet service,No internet service,No internet service,No internet service,No,No
CUST-03378,Andrew Allen,Male,0,18,Yes,No,9,Month-to-month,107.47,941.04,Credit card,Fiber optic,Yes,Yes,Yes,Yes,Yes,No,No,No,No
CUST-03379,Mark Young,Female,0,63,No,No,1,Month-to-month,83.86,83.86,Credit card,DSL,Yes,Yes,Yes,No,Yes,No,No,No,Yes
CUST-03380,Susan Johnson,Female,0,36,No,No,4,Month-to-month,100.1,416.71,Mailed check,Fiber optic,Yes,Yes,No,Yes,No,Yes,No,Yes,No
CUST-03381,Emily Robinson,Male,0,38,No,No,49,Two year,74.2,3650.36,Electronic check,DSL,Yes,Yes,No,No,Yes,No,No,Yes,No
CUST-03382,Michelle Garcia,Male,0,64,Yes,No,1,Month-to-month,60.66,60.66,Mailed check,DSL,Yes,No,No,No,No,No,No,No,No
CUST-03383,Anthony Torres,Female,0,54,No,No,55,Two year,101.82,5644.66,Electronic check,Fiber optic,Yes,No,Yes,No,No,Yes,No,No,No
CUST-03384,Donna Davis,Male,1,65,Yes,Yes,14,One year,65.74,921.98,Mailed check,DSL,Yes,Yes,No,No,No,No,No,No,No
CUST-03385,Michelle Nguyen,Female,0,22,Yes,No,10,Month-to-month,68.23,657.95,Bank transfer,DSL,Yes,No,No,No,No,No,Yes,Yes,No
CUST-03386,Margaret Allen,Male,0,45,No,No,21,One year,82.03,1678.44,Mailed check,DSL,Yes,Yes,No,Yes,No,No,No,No,No
CUST-03387,Emily Williams,Male,0,23,No,No,35,Two year,27.85,951.58,Credit card,No,Yes,No internet service,No internet service,No internet service,No internet service,No internet service,No internet service,Yes,No
CUST-03388,James Scott,Male,1,81,Yes,Yes,11,Month-to-month,108.34,1205.05,Bank transfer,Fiber optic,Yes,Yes,Yes,No,Yes,No,No,No,Yes
CUST-03389,Andrew Davis,Female,0,28,Yes,No,69,Two year,103.32,7125.71,Mailed check,Fiber optic,Yes,Yes,No,Yes,Yes,Yes,No,No,No
CUST-03390,James Clark,Female,0,34,No,No,5,Month-to-month,99.81,535.11,Bank transfer,Fiber optic,Yes,No,No,Yes,No,Yes,Yes,Yes,No
CUST-03391,Mark Hill,Female,0,47,Yes,No,4,Month-to-month,81.72,365.26,Credit card,DSL,Yes,No,No,Yes,Yes,No,No,No,No
CUST-03392,Patricia Martin,Female,0,24,No,No,7,One year,85.58,620.04,Electronic check,Fiber optic,Yes,No,Yes,No,No,Yes,No,No,No
CUST-03393,Michelle Martinez,Female,0,62,Yes,Yes,11,Month-to-month,70.0,743.56,Bank transfer,DSL,Yes,No,No,No,Yes,No,No,Yes,Yes
CUST-03394,Christopher Clark,Female,0,61,No,Yes,40,Two year,83.61,3380.52,Bank transfer,DSL,Yes,Yes,No,No,No,Yes,No,Yes,Yes
CUST-03395,Anthony Nguyen,Male,0,25,No,No,21,Two year,33.94,752.49,Mailed check,No,Yes,No internet service,No internet service,No internet service,No internet service,No internet service,No internet service,Yes,No
CUST-03396,Steven Davis,Male,0,41,Yes,No,8,Month-to-month,86.77,743.31,Mailed check,Fiber optic,Yes,Yes,No,Yes,No,No,No,Yes,No
CUST-03397,Robert Lee,Male,0,64,Yes,Yes,7,Month-to-month,92.27,665.51,Electronic check,Fiber optic,Yes,Yes,No,No,No,No,Yes,No,Yes
CUST-03398,Patricia Lopez,Female,0,58,Yes,No,8,Month-to-month,86.15,702.5,Credit card,Fiber optic,No,No,Yes,No,No,Yes,No,No,No
CUST-03399,Mark Brown,Male,0,45,No,Yes,42,Two year,36.65,1582.33,Electronic check,No,Yes,No internet service,No internet service,No internet service,No internet service,No internet service,No internet service,No,No
CUST-03400,Kimberly Jones,Male,1,66,Yes,No,10,Month-to-month,69.98,729.44,Electronic check,DSL,Yes,Yes,Yes,No,No,No,No,No,Yes
CUST-03401,Nancy Flores,Male,0,25,Yes,No,48,Two year,67.24,3255.84,Mailed check,DSL,Yes,No,No,Yes,No,No,No,No,No
CUST-03402,Sarah Taylor,Male,1,80,Yes,Yes,22,One year,28.17,581.17,Mailed check,No,Yes,No internet service,No internet service,No internet service,No internet service,No internet service,No internet service,No,No
CUST-03403,Susan Sanchez,Female,0,49,Yes,No,37,Two year,102.66,3763.11,Mailed check,Fiber optic,Yes,Yes,Yes,No,No,No,Yes,No,No
CUST-03404,William Ramirez,Female,0,47,Yes,No,32,One year,68.2,2196.01,Mailed check,DSL,Yes,No,No,Yes,No,No,No,No,Yes
CUST-03405,Sandra Anderson,Female,0,48,No,Yes,38,One year,37.76,1399.73,Electronic check,No,Yes,No internet service,No internet service,No internet service,No internet service,No internet service,No internet service,Yes,No
CUST-03406,Anthony Harris,Male,0,57,Yes,No,28,One year,91.73,2611.98,Bank transfer,Fiber optic,Yes,No,No,Yes,No,No,Yes,No,No
CUST-03407,Barbara Flores,Male,0,46,No,No,4,Month-to-month,63.2,245.58,Mailed check,DSL,Yes,No,No,No,No,No,No,No,No
CUST-03408,Michael Davis,Female,0,41,Yes,Yes,45,One year,92.48,4184.59,Electronic check,DSL,Yes,Yes,No,Yes,Yes,Yes,No,Yes,Yes
CUST-03409,Lisa Torres,Male,0,44,Yes,No,19,One year,91.59,1722.02,Bank transfer,Fiber optic,Yes,Yes,No,No,No,Yes,No,Yes,No
CUST-03410,Donna Thomas,Male,1,76,No,Yes,9,One year,98.9,881.88,Electronic check,DSL,Yes,No,Yes,Yes,Yes,No,Yes,No,No
CUST-03411,Sandra Rodriguez,Male,0,23,Yes,Yes,3,Month-to-month,33.05,128.79,Credit card,No,Yes,No internet service,No internet service,No internet service,No internet service,No internet service,No internet service,Yes,Yes
CUST-03412,Joseph Walker,Male,0,26,Yes,No,40,One year,63.54,2586.41,Bank transfer,DSL,Yes,No,Yes,No,No,No,No,Yes,No
CUST-03413,Thomas Robinson,Male,0,48,No,Yes,5,Month-to-month,26.64,86.75,Mailed check,No,Yes,No internet service,No internet service,No internet service,No internet service,No internet service,No internet service,Yes,No
CUST-03414,Charles Wilson,Male,0,54,Yes,Yes,25,One year,94.08,2313.48,Bank transfer,Fiber optic,Yes,No,No,Yes,Yes,No,No,No,Yes
CUST-03415,Richard Thomas,Male,0,21,Yes,No,4,Month-to-month,76.42,289.18,Bank transfer,DSL,Yes,Yes,No,No,No,Yes,Yes,Yes,No
CUST-03416,Anthony Robinson,Female,0,36,No,Yes,10,Month-to-month,25.8,255.81,Electronic check,No,Yes,No internet service,No internet service,No internet service,No internet service,No internet service,No internet service,Yes,Yes
CUST-03417,Patricia Lewis,Female,0,42,Yes,No,11,Month-to-month,115.6,1276.89,Bank transfer,Fiber optic,Yes,No,No,Yes,Yes,Yes,Yes,Yes,Yes
CUST-03418,Thomas Johnson,Female,0,27,No,Yes,9,Month-to-month,28.91,302.45,Bank transfer,No,Yes,No internet service,No internet service,No internet service,No internet service,No internet service,No internet service,No,Yes
CUST-03419,Michelle Davis,Male,0,39,No,No,1,Month-to-month,19.62,65.14,Credit card,No,No,No internet service,No internet service,No internet service,No internet service,No internet service,No internet service,No,Yes
CUST-03420,Christopher Thompson,Male,0,37,No,Yes,1,Month-to-month,116.54,135.53,Credit card,Fiber optic,Yes,Yes,Yes,No,Yes,Yes,No,No,No
CUST-03421,Betty Martin,Female,0,49,Yes,No,5,Month-to-month,33.43,185.92,Mailed check,No,Yes,No internet service,No internet service,No internet service,No internet service,No internet service,No internet service,No,No
CUST-03422,Ashley Torres,Male,0,60,No,Yes,3,Month-to-month,111.36,369.65,Electronic check,Fiber optic,Yes,Yes,No,Yes,Yes,No,Yes,Yes,Yes
CUST-03423,Joshua Hill,Female,0,64,Yes,No,3,Month-to-month,90.76,244.22,Credit card,Fiber optic,No,No,No,Yes,Yes,No,No,No,Yes
CUST-03424,John Hill,Female,0,41,No,Yes,58,Two year,114.32,6659.35,Electronic check,Fiber optic,Yes,Yes,Yes,No,Yes,Yes,No,Yes,No
CUST-03425,Charles Torres,Male,0,58,No,No,4,Month-to-month,87.49,344.33,Credit card,DSL,Yes,No,Yes,Yes,Yes,Yes,No,No,No
CUST-03426,Matthew Allen,Male,0,25,Yes,No,8,Month-to-month,87.44,735.89,Bank transfer,DSL,Yes,Yes,No,No,No,Yes,Yes,No,Yes
CUST-03427,Donna Gonzalez,Female,1,78,No,Yes,10,Month-to-month,25.46,288.81,Mailed check,No,No,No internet service,No internet service,No internet service,No internet service,No internet service,No internet service,No,Yes
CUST-03428,Nancy Miller,Female,0,18,No,No,60,Two year,72.43,4342.45,Electronic check,Fiber optic,No,No,No,No,No,No,No,No,No
CUST-03429,Charles Walker,Female,0,34,Yes,No,10,Month-to-month,38.36,374.07,Mailed check,No,Yes,No internet service,No internet service,No internet service,No internet service,No internet service,No internet service,No,Yes
CUST-03430,Michael Walker,Male,0,32,Yes,No,6,One year,92.86,515.75,Bank transfer,Fiber optic,Yes,No,No,No,Yes,No,Yes,Yes,No
CUST-03431,Thomas Torres,Female,0,44,Yes,Yes,28,One year,106.41,2961.63,Mailed check,Fiber optic,Yes,Yes,Yes,Yes,Yes,No,No,No,No
CUST-03432,Mary Scott,Female,0,48,No,Yes,8,Month-to-month,29.31,222.34,Mailed check,No,Yes,No internet service,No internet service,No internet service,No internet service,No internet service,No internet service,Yes,No
CUST-03433,Joseph Flores,Male,0,21,Yes,No,4,Month-to-month,77.46,308.23,Mailed check,DSL,Yes,No,Yes,No,No,No,Yes,Yes,No
CUST-03434,Daniel Nguyen,Male,0,59,Yes,No,11,Month-to-month,84.91,902.96,Credit card,Fiber optic,No,No,No,Yes,Yes,Yes,No,Yes,No
CUST-03435,Matthew Hill,Female,1,80,Yes,No,11,Month-to-month,82.06,940.49,Mailed check,DSL,Yes,Yes,Yes,No,Yes,No,No,No,No
CUST-03436,Susan Rodriguez,Female,0,59,No,No,4,Month-to-month,77.76,319.25,Bank transfer,DSL,Yes,Yes,Yes,No,Yes,No,No,Yes,No
CUST-03437,Emily Gonzalez,Male,0,51,Yes,Yes,6,Month-to-month,91.86,556.5,Mailed check,Fiber optic,Yes,No,Yes,No,No,Yes,No,No,No
CUST-03438,Daniel King,Female,0,44,Yes,No,56,Two year,100.6,5625.03,Electronic check,Fiber optic,Yes,No,No,No,Yes,Yes,Yes,No,No
CUST-03439,Christopher Ramirez,Male,0,34,No,No,9,One year,88.49,780.01,Mailed check,Fiber optic,Yes,No,No,Yes,No,No,No,Yes,No
CUST-03440,Joseph Jackson,Female,1,71,No,No,8,Month-to-month,93.64,705.23,Credit card,DSL,Yes,Yes,No,No,Yes,Yes,Yes,Yes,No
CUST-03441,Jessica Young,Female,0,53,No,Yes,8,Month-to-month,36.1,331.81,Bank transfer,No,Yes,No internet service,No internet service,No internet service,No internet service,No internet service,No internet service,Yes,No
CUST-03442,Margaret Johnson,Male,0,59,Yes,No,32,One year,88.3,2780.91,Mailed check,Fiber optic,Yes,No,No,No,Yes,No,No,Yes,Yes
CUST-03443,Joshua King,Female,0,50,No,No,70,Two year,71.78,5071.1,Credit card,Fiber optic,No,No,No,No,No,No,No,Yes,No
CUST-03444,Susan White,Male,1,68,No,No,1,Month-to-month,107.93,107.93,Bank transfer,Fiber optic,Yes,Yes,Yes,Yes,No,Yes,No,No,Yes
CUST-03445,Thomas Torres,Female,0,40,Yes,No,5,Month-to-month,95.79,440.84,Mailed check,Fiber optic,Yes,No,Yes,No,No,Yes,No,No,Yes
CUST-03446,Michelle Garcia,Female,1,76,No,No,8,One year,26.05,198.36,Credit card,No,Yes,No internet service,No internet service,No internet service,No internet service,No internet service,No internet service,No,No
CUST-03447,Richard Rodriguez,Male,0,32,No,No,37,Two year,117.69,4310.38,Electronic check,Fiber optic,Yes,Yes,No,Yes,Yes,Yes,Yes,No,No
CUST-03448,Barbara Rodriguez,Female,0,38,No,No,2,Month-to-month,67.68,173.77,Credit card,DSL,Yes,Yes,No,No,No,No,Yes,Yes,No
CUST-03449,Mary Hernandez,Male,0,48,Yes,No,27,One year,80.14,2211.61,Electronic check,DSL,Yes,No,Yes,No,No,No,Yes,Yes,No
CUST-03450,Charles Wilson,Female,1,70,Yes,No,2,Month-to-month,95.54,191.65,Bank transfer,Fiber optic,Yes,No,Yes,No,Yes,No,No,Yes,Yes
CUST-03451,Paul Anderson,Female,0,22,No,No,35,Two year,90.41,3139.15,Mailed check,Fiber optic,Yes,No,No,No,Yes,No,Yes,Yes,No
CUST-03452,Sarah Wilson,Female,0,38,Yes,No,11,Month-to-month,96.12,1051.35,Electronic check,Fiber optic,Yes,No,Yes,Yes,No,No,No,Yes,Yes
CUST-03453,Karen Jones,Male,0,61,No,Yes,7,Month-to-month,78.85,529.67,Electronic check,DSL,Yes,No,Yes,No,No,Yes,Yes,Yes,Yes
CUST-03454,Sarah Torres,Male,0,52,Yes,Yes,26,Two year,30.24,794.78,Mailed check,No,Yes,No internet service,No internet service,No internet service,No internet service,No internet service,No internet service,No,No
CUST-03455,Jessica Moore,Female,0,24,Yes,Yes,6,Month-to-month,75.19,432.79,Bank transfer,DSL,Yes,Yes,No,No,No,Yes,No,Yes,No
CUST-03456,Betty Torres,Male,0,34,No,No,2,Month-to-month,98.54,201.17,Bank transfer,DSL,Yes,Yes,Yes,No,Yes,Yes,No,Yes,No
CUST-03457,Mark Thompson,Male,0,60,No,No,19,One year,94.75,1816.68,Mailed check,DSL,Yes,Yes,Yes,Yes,No,No,No,Yes,No
CUST-03458,Steven Young,Female,0,28,No,No,33,One year,84.36,2741.59,Electronic check,DSL,Yes,No,Yes,No,No,No,Yes,Yes,No
CUST-03459,Barbara Williams,Female,0,27,Yes,No,7,Month-to-month,110.48,747.35,Bank transfer,Fiber optic,Yes,No,Yes,Yes,Yes,No,Yes,No,No
CUST-03460,Andrew Harris,Male,0,46,No,No,16,Two year,27.84,434.55,Credit card,No,Yes,No internet service,No internet service,No internet service,No internet service,No internet service,No internet service,Yes,No
CUST-03461,Joshua King,Male,0,57,No,No,39,One year,29.81,1152.91,Credit card,No,Yes,No internet service,No internet service,No internet service,No internet service,No internet service,No internet service,No,No
CUST-03462,Nancy Clark,Female,0,28,No,Yes,7,Month-to-month,38.29,227.75,Bank transfer,No,Yes,No internet service,No internet service,No internet service,No internet service,No internet service,No internet service,Yes,No
CUST-03463,Patricia Martin,Female,1,84,No,No,8,Month-to-month,77.95,589.02,Electronic check,Fiber optic,Yes,Yes,No,No,No,No,No,Yes,Yes
CUST-03464,Barbara Nguyen,Male,0,28,Yes,No,1,Month-to-month,86.62,111.68,Mailed check,DSL,Yes,Yes,Yes,No,Yes,No,Yes,Yes,Yes
CUST-03465,Karen Brown,Female,0,35,Yes,No,69,Two year,80.79,5537.44,Mailed check,DSL,Yes,Yes,No,No,Yes,No,Yes,Yes,Yes
CUST-03466,Daniel Thomas,Female,0,38,No,Yes,62,Two year,32.07,1967.17,Credit card,No,Yes,No internet service,No internet service,No internet service,No internet service,No internet service,No internet service,Yes,No
CUST-03467,Ashley Lewis,Male,0,61,No,Yes,1,Month-to-month,100.34,103.44,Mailed check,Fiber optic,Yes,No,Yes,Yes,Yes,No,No,No,Yes
CUST-03468,Margaret Thompson,Female,0,50,Yes,No,8,Month-to-month,87.56,680.6,Electronic check,DSL,Yes,No,Yes,No,Yes,Yes,No,Yes,No
CUST-03469,Daniel Martin,Male,0,31,Yes,Yes,38,Two year,32.64,1216.41,Electronic check,No,Yes,No internet service,No internet service,No internet service,No internet service,No internet service,No internet service,Yes,No
CUST-03470,Robert Lee,Female,0,27,Yes,No,1,Month-to-month,79.79,118.69,Credit card,DSL,Yes,No,Yes,No,No,Yes,No,Yes,Yes
CUST-03471,Charles Miller,Male,0,39,No,Yes,11,Month-to-month,82.29,861.97,Credit card,DSL,Yes,No,Yes,No,Yes,No,No,Yes,No
CUST-03472,Nancy Jackson,Female,0,31,No,No,2,Month-to-month,75.45,128.68,Bank transfer,Fiber optic,Yes,No,No,No,No,No,No,Yes,Yes
CUST-03473,Andrew Scott,Female,0,35,No,Yes,7,Month-to-month,100.72,738.11,Electronic check,Fiber optic,Yes,No,Yes,Yes,No,No,Yes,Yes,No
CUST-03474,Sarah Lewis,Male,0,49,Yes,Yes,7,Month-to-month,85.12,636.59,Bank transfer,DSL,Yes,No,No,Yes,No,Yes,Yes,Yes,Yes
CUST-03475,Karen Thompson,Male,1,72,Yes,No,41,One year,104.38,4325.56,Electronic check,Fiber optic,Yes,Yes,No,Yes,Yes,No,Yes,Yes,Yes
CUST-03476,Richard Moore,Female,0,24,No,Yes,20,One year,110.96,2198.05,Mailed check,Fiber optic,Yes,Yes,Yes,No,Yes,Yes,No,No,No
CUST-03477,William Sanchez,Male,0,42,Yes,No,1,Month-to-month,101.73,101.73,Mailed check,Fiber optic,Yes,Yes,No,No,No,Yes,No,Yes,Yes
CUST-03478,Richard Gonzalez,Male,0,58,Yes,No,36,Two year,89.4,3232.26,Credit card,Fiber optic,Yes,No,No,No,No,Yes,No,Yes,No
CUST-03479,Karen Williams,Male,0,54,No,No,30,Two year,62.84,1910.69,Electronic check,DSL,No,No,No,No,Yes,No,No,Yes,No
CUST-03480,Mary Ramirez,Male,0,27,No,No,43,One year,78.36,3414.98,Electronic check,DSL,Yes,Yes,No,No,No,Yes,No,No,No
CUST-03481,Richard Walker,Male,0,27,Yes,No,11,Month-to-month,88.8,996.85,Mailed check,Fiber optic,Yes,No,Yes,No,No,No,No,Yes,No
CUST-03482,Donald Miller,Male,0,32,Yes,No,53,Two year,26.12,1336.77,Bank transfer,No,Yes,No internet service,No internet service,No internet service,No internet service,No internet service,No internet service,No,No
CUST-03483,Jessica Ramirez,Male,1,75,No,No,2,Month-to-month,94.24,227.93,Electronic check,Fiber optic,Yes,No,Yes,No,Yes,No,No,Yes,Yes
CUST-03484,Lisa Davis,Male,1,68,No,Yes,23,Two year,27.41,617.18,Credit card,No,Yes,No internet service,No internet service,No internet service,No internet service,No internet service,No internet service,Yes,No
CUST-03485,Emily Jackson,Female,0,47,Yes,No,12,One year,39.58,518.53,Electronic check,No,Yes,No internet service,No internet service,No internet service,No internet service,No internet service,No internet service,No,No
CUST-03486,Ashley Thomas,Female,0,43,No,No,64,Two year,97.49,6206.5,Credit card,Fiber optic,Yes,Yes,Yes,No,No,No,Yes,No,No
CUST-03487,Richard Jackson,Female,0,59,No,Yes,3,Month-to-month,97.29,313.55,Electronic check,DSL,Yes,No,Yes,Yes,Yes,Yes,Yes,Yes,No
CUST-03488,Emily Martinez,Male,1,65,Yes,No,6,Month-to-month,102.77,616.35,Credit card,Fiber optic,Yes,Yes,Yes,No,No,No,Yes,No,No
CUST-03489,Ashley Thomas,Male,0,61,No,No,5,Month-to-month,80.95,412.03,Mailed check,DSL,Yes,No,Yes,No,Yes,No,No,Yes,Yes
CUST-03490,Patricia Martinez,Male,0,52,No,No,21,Two year,37.52,824.21,Bank transfer,No,Yes,No internet service,No internet service,No internet service,No internet service,No internet service,No internet service,Yes,No
CUST-03491,Thomas Brown,Male,0,56,No,No,8,Month-to-month,71.42,524.3,Credit card,DSL,Yes,No,No,Yes,Yes,No,No,Yes,Yes
CUST-03492,Mary Johnson,Male,0,46,Yes,Yes,17,One year,83.95,1401.81,Credit card,Fiber optic,Yes,No,No,No,No,Yes,No,Yes,No
CUST-03493,Jessica Perez,Male,0,59,Yes,No,2,Month-to-month,28.95,99.57,Mailed check,No,Yes,No internet service,No internet service,No internet service,No internet service,No internet service,No internet service,Yes,Yes
CUST-03494,Betty Rodriguez,Male,0,56,Yes,Yes,2,Month-to-month,110.06,231.15,Credit card,Fiber optic,Yes,No,Yes,Yes,Yes,Yes,No,No,Yes
CUST-03495,Andrew Allen,Male,1,74,No,No,59,Two year,73.39,4310.24,Electronic check,DSL,Yes,Yes,Yes,No,No,No,No,No,Yes
CUST-03496,Mark Allen,Male,0,59,Yes,No,2,Month-to-month,96.1,238.92,Credit card,Fiber optic,Yes,No,Yes,No,Yes,No,No,Yes,Yes
CUST-03497,Kimberly Flores,Female,0,50,Yes,Yes,9,Month-to-month,70.56,617.27,Bank transfer,Fiber optic,Yes,No,No,No,No,No,No,No,No
CUST-03498,Robert Taylor,Female,0,50,Yes,No,33,Two year,102.67,3415.74,Electronic check,Fiber optic,Yes,No,Yes,No,Yes,No,No,Yes,No
CUST-03499,Jessica Williams,Female,0,34,Yes,No,3,Month-to-month,77.61,202.98,Mailed check,DSL,Yes,No,Yes,Yes,No,No,No,No,Yes
CUST-03500,Michelle Smith,Male,0,56,Yes,Yes,65,Two year,80.19,5199.06,Mailed check,DSL,Yes,Yes,No,No,No,Yes,No,No,No
CUST-03501,Lisa Martinez,Male,0,57,No,Yes,24,Two year,57.91,1342.26,Bank transfer,DSL,Yes,No,No,No,No,Yes,No,Yes,No
CUST-03502,Barbara Hernandez,Male,0,57,No,Yes,10,Month-to-month,82.1,839.43,Bank transfer,DSL,Yes,Yes,No,No,No,Yes,No,Yes,No
CUST-03503,Paul Ramirez,Female,0,49,Yes,No,42,Two year,59.08,2524.59,Mailed check,DSL,Yes,No,Yes,No,No,No,No,Yes,No
CUST-03504,Mark White,Male,1,81,Yes,No,3,Month-to-month,38.97,147.82,Electronic check,No,Yes,No internet service,No internet service,No internet service,No internet service,No internet service,No internet service,Yes,Yes
CUST-03505,Elizabeth Martinez,Female,0,27,Yes,No,31,One year,97.22,3008.84,Credit card,Fiber optic,Yes,Yes,No,No,No,Yes,No,No,No
CUST-03506,William Moore,Female,1,69,No,Yes,23,Two year,114.34,2616.91,Credit card,Fiber optic,Yes,No,No,No,Yes,Yes,Yes,Yes,No
CUST-03507,Mark Scott,Female,0,23,Yes,No,9,Month-to-month,100.39,944.16,Credit card,Fiber optic,Yes,No,Yes,Yes,No,No,Yes,Yes,Yes
CUST-03508,Mark Johnson,Male,0,18,Yes,Yes,39,Two year,96.47,3779.06,Electronic check,DSL,Yes,Yes,Yes,No,No,Yes,Yes,Yes,No
CUST-03509,Robert Harris,Female,0,20,Yes,No,63,Two year,103.5,6547.44,Credit card,DSL,Yes,Yes,Yes,Yes,Yes,No,No,Yes,No
CUST-03510,Elizabeth Thomas,Male,0,45,Yes,Yes,1,Month-to-month,96.22,96.22,Electronic check,Fiber optic,Yes,Yes,Yes,No,No,Yes,No,Yes,Yes
CUST-03511,Anthony Clark,Female,0,39,No,No,32,One year,88.0,2861.61,Credit card,Fiber optic,No,Yes,No,No,Yes,Yes,No,Yes,No
CUST-03512,Joseph Lopez,Female,0,31,Yes,No,28,Two year,85.8,2429.3,Bank transfer,Fiber optic,Yes,No,Yes,No,No,No,No,No,No
CUST-03513,James Clark,Male,0,28,Yes,Yes,2,Month-to-month,77.1,195.26,Mailed check,DSL,Yes,Yes,No,No,No,No,Yes,Yes,No
CUST-03514,Elizabeth Williams,Female,1,75,No,No,1,Month-to-month,95.03,95.03,Electronic check,DSL,Yes,Yes,No,Yes,Yes,Yes,No,No,Yes
CUST-03515,Barbara Walker,Male,0,60,No,No,48,Two year,107.02,5176.82,Bank transfer,Fiber optic,Yes,Yes,Yes,Yes,No,Yes,No,Yes,Yes
CUST-03516,John Rodriguez,Female,0,59,No,No,10,Month-to-month,127.08,1265.86,Credit card,Fiber optic,Yes,Yes,Yes,Yes,Yes,Yes,No,Yes,No
CUST-03517,Betty Thompson,Female,0,46,Yes,Yes,47,One year,81.94,3852.61,Bank transfer,Fiber optic,Yes,No,No,No,No,No,No,No,Yes
CUST-03518,Andrew Anderson,Male,1,66,Yes,Yes,45,One year,39.53,1828.59,Credit card,No,Yes,No internet service,No internet service,No internet service,No internet service,No internet service,No internet service,Yes,No
CUST-03519,James Torres,Male,0,24,No,Yes,3,Month-to-month,29.29,115.17,Mailed check,No,Yes,No internet service,No internet service,No internet service,No internet service,No internet service,No internet service,Yes,No
CUST-03520,Andrew Smith,Male,0,39,Yes,No,31,One year,71.12,2191.92,Bank transfer,DSL,Yes,Yes,Yes,No,No,No,No,Yes,No
CUST-03521,Steven Hernandez,Female,0,64,No,No,47,Two year,72.8,3453.03,Electronic check,DSL,Yes,Yes,Yes,No,No,No,No,No,No
CUST-03522,Christopher Brown,Male,0,22,Yes,No,2,Month-to-month,97.4,222.83,Bank transfer,Fiber optic,Yes,No,Yes,No,No,No,Yes,Yes,Yes
CUST-03523,Mark Smith,Male,0,41,No,No,2,Month-to-month,100.97,203.44,Mailed check,Fiber optic,Yes,Yes,Yes,No,No,Yes,No,No,Yes
CUST-03524,Nancy Walker,Male,0,22,No,No,5,Month-to-month,99.98,517.05,Mailed check,Fiber optic,Yes,Yes,Yes,No,No,Yes,No,Yes,No
CUST-03525,Steven Rodriguez,Female,0,53,Yes,Yes,22,One year,34.72,749.46,Credit card,No,Yes,No internet service,No internet service,No internet service,No internet service,No internet service,No internet service,No,No
CUST-03526,Michael Rodriguez,Male,0,28,No,No,25,One year,74.3,1813.56,Electronic check,DSL,Yes,Yes,No,No,No,No,No,Yes,No
CUST-03527,Mary Anderson,Male,0,57,No,Yes,11,Month-to-month,76.74,797.85,Mailed check,DSL,Yes,Yes,No,No,No,Yes,No,No,No
CUST-03528,Steven Walker,Male,0,37,No,No,26,One year,27.85,718.02,Mailed check,No,Yes,No internet service,No internet service,No internet service,No internet service,No internet service,No internet service,Yes,No
CUST-03529,Karen Lopez,Female,0,40,No,Yes,30,Two year,55.45,1626.17,Mailed check,DSL,Yes,No,No,Yes,No,No,No,No,No
CUST-03530,Daniel Perez,Female,1,72,Yes,No,8,One year,82.06,658.22,Mailed check,Fiber optic,Yes,No,No,No,No,No,No,Yes,No
CUST-03531,Charles Lopez,Female,1,78,Yes,No,22,One year,118.33,2570.71,Bank transfer,Fiber optic,Yes,No,Yes,Yes,Yes,No,Yes,No,No
CUST-03532,Betty Clark,Female,0,24,Yes,Yes,7,Month-to-month,38.93,303.18,Electronic check,No,Yes,No internet service,No internet service,No internet service,No internet service,No internet service,No internet service,Yes,No
CUST-03533,Betty Scott,Male,1,73,Yes,No,10,Month-to-month,92.87,962.36,Mailed check,DSL,Yes,Yes,Yes,No,Yes,Yes,No,Yes,Yes
CUST-03534,Andrew Thompson,Female,1,68,No,No,4,Month-to-month,105.4,458.37,Electronic check,Fiber optic,Yes,No,No,Yes,Yes,No,Yes,Yes,Yes
CUST-03535,Linda Taylor,Female,0,30,Yes,No,41,Two year,80.17,3328.72,Bank transfer,DSL,Yes,Yes,Yes,No,No,No,No,Yes,No
CUST-03536,Christopher Sanchez,Female,0,48,No,No,43,Two year,90.7,3924.99,Bank transfer,DSL,Yes,No,Yes,No,Yes,Yes,No,Yes,No
CUST-03537,Susan Perez,Female,0,52,No,No,41,Two year,36.47,1454.34,Electronic check,No,Yes,No internet service,No internet service,No internet service,No internet service,No internet service,No internet service,No,No
CUST-03538,Donna Smith,Male,0,41,No,No,1,Month-to-month,64.97,74.57,Bank transfer,DSL,Yes,No,No,No,No,Yes,No,No,Yes
CUST-03539,Ashley Rodriguez,Female,0,26,Yes,Yes,43,One year,100.45,4301.51,Mailed check,Fiber optic,Yes,No,Yes,No,No,Yes,Yes,Yes,No
CUST-03540,Patricia Lopez,Female,0,55,Yes,No,1,Month-to-month,35.67,35.67,Mailed check,No,Yes,No internet service,No internet service,No internet service,No internet service,No internet service,No internet service,No,No
CUST-03541,Karen Nguyen,Male,0,57,No,Yes,9,Month-to-month,117.92,1076.4,Credit card,Fiber optic,Yes,Yes,Yes,No,Yes,Yes,No,No,Yes
CUST-03542,Barbara King,Male,0,35,No,Yes,59,Two year,30.69,1812.55,Credit card,No,Yes,No internet service,No internet service,No internet service,No internet service,No internet service,No internet service,Yes,No
CUST-03543,Christopher Torres,Female,0,33,Yes,No,10,Month-to-month,32.3,355.68,Electronic check,No,Yes,No internet service,No internet service,No internet service,No internet service,No internet service,No internet service,No,Yes
CUST-03544,Matthew Hernandez,Female,0,38,Yes,No,10,Month-to-month,103.56,1081.71,Electronic check,Fiber optic,Yes,Yes,No,Yes,No,No,Yes,Yes,Yes
CUST-03545,Thomas Rodriguez,Male,0,28,Yes,No,7,Month-to-month,88.94,631.84,Bank transfer,DSL,No,Yes,Yes,No,No,Yes,Yes,Yes,Yes
CUST-03546,Kimberly Gonzalez,Female,0,42,No,No,8,Month-to-month,33.05,296.64,Electronic check,No,Yes,No internet service,No internet service,No internet service,No internet service,No internet service,No internet service,Yes,Yes
CUST-03547,Michelle Smith,Male,1,75,Yes,Yes,46,One year,91.07,4195.68,Mailed check,DSL,Yes,Yes,Yes,Yes,No,Yes,No,No,No
CUST-03548,William Lopez,Female,0,52,Yes,No,8,Month-to-month,26.53,191.06,Electronic check,No,Yes,No internet service,No internet service,No internet service,No internet service,No internet service,No internet service,Yes,Yes
CUST-03549,Mark Flores,Male,0,51,No,Yes,9,Month-to-month,99.55,892.28,Credit card,Fiber optic,Yes,No,Yes,No,Yes,Yes,No,No,No
CUST-03550,Michelle Thompson,Female,0,41,No,No,11,One year,76.3,844.31,Electronic check,DSL,Yes,No,No,Yes,Yes,No,Yes,No,No
CUST-03551,Charles Hill,Male,1,79,Yes,No,45,Two year,35.65,1637.66,Bank transfer,No,Yes,No internet service,No internet service,No internet service,No internet service,No internet service,No internet service,Yes,No
CUST-03552,Betty Hill,Female,0,53,No,No,12,One year,102.45,1238.73,Credit card,Fiber optic,Yes,Yes,No,No,No,Yes,No,Yes,No
CUST-03553,Anthony Wright,Male,0,62,No,No,8,Month-to-month,85.17,666.35,Credit card,Fiber optic,No,No,No,No,Yes,No,No,Yes,No
CUST-03554,Joshua Miller,Male,0,36,Yes,No,1,Month-to-month,118.01,154.81,Credit card,Fiber optic,Yes,Yes,Yes,Yes,No,Yes,No,Yes,Yes
CUST-03555,Andrew Johnson,Female,0,37,No,Yes,10,One year,92.71,962.36,Credit card,Fiber optic,Yes,No,Yes,No,Yes,No,No,Yes,No
CUST-03556,Mark Johnson,Male,0,24,Yes,No,4,Month-to-month,39.52,164.52,Bank transfer,No,Yes,No internet service,No internet service,No internet service,No internet service,No internet service,No internet service,Yes,Yes
CUST-03557,Steven Martin,Male,0,35,No,No,6,Month-to-month,89.8,536.97,Electronic check,DSL,Yes,Yes,No,Yes,Yes,No,No,No,Yes
CUST-03558,Jessica Garcia,Female,0,20,No,Yes,4,Month-to-month,88.77,309.76,Bank transfer,DSL,Yes,No,Yes,Yes,No,Yes,No,Yes,Yes
CUST-03559,Richard Jones,Male,0,37,Yes,No,10,Month-to-month,96.57,982.11,Mailed check,Fiber optic,Yes,Yes,Yes,Yes,No,No,No,Yes,No
CUST-03560,Karen Young,Female,0,31,No,No,35,One year,111.19,3861.26,Mailed check,DSL,Yes,Yes,Yes,Yes,No,Yes,Yes,Yes,No
CUST-03561,Betty Perez,Male,0,31,No,No,30,One year,93.64,2845.97,Credit card,Fiber optic,Yes,Yes,No,No,Yes,No,No,Yes,No
CUST-03562,Michael Flores,Female,1,79,No,No,3,Month-to-month,66.1,226.07,Bank transfer,DSL,Yes,Yes,No,No,No,No,No,No,Yes
CUST-03563,Sarah Torres,Female,0,39,Yes,No,8,Month-to-month,88.06,661.43,Electronic check,DSL,Yes,Yes,Yes,Yes,No,No,Yes,Yes,No
CUST-03564,Joshua Moore,Female,0,35,No,Yes,5,Month-to-month,35.01,132.39,Credit card,No,Yes,No internet service,No internet service,No internet service,No internet service,No internet service,No internet service,No,No
CUST-03565,Elizabeth Clark,Male,0,53,No,No,31,Two year,70.34,2186.41,Electronic check,DSL,Yes,No,Yes,No,No,Yes,No,No,No
CUST-03566,William Thomas,Female,0,64,Yes,Yes,15,Two year,95.23,1464.78,Credit card,Fiber optic,Yes,No,Yes,Yes,No,Yes,No,Yes,No
CUST-03567,Thomas Allen,Male,0,28,No,No,18,One year,97.58,1802.05,Mailed check,Fiber optic,Yes,No,No,Yes,Yes,Yes,No,No,Yes
CUST-03568,Jennifer Lewis,Male,0,48,Yes,Yes,2,Month-to-month,70.64,96.29,Mailed check,DSL,Yes,No,No,Yes,No,Yes,No,No,Yes
CUST-03569,Donna Clark,Male,0,61,No,Yes,4,Month-to-month,39.98,131.49,Credit card,No,Yes,No internet service,No internet service,No internet service,No internet service,No internet service,No internet service,Yes,No
CUST-03570,Michelle Hernandez,Male,0,56,Yes,Yes,60,Two year,33.49,2038.94,Mailed check,No,Yes,No internet service,No internet service,No internet service,No internet service,No internet service,No internet service,Yes,No
CUST-03571,Sarah Sanchez,Female,0,29,No,Yes,1,Month-to-month,75.31,109.4,Electronic check,DSL,Yes,Yes,Yes,No,No,No,No,Yes,No
CUST-03572,Joseph Garcia,Male,0,36,No,No,38,One year,59.97,2245.9,Electronic check,DSL,No,No,Yes,No,No,Yes,Yes,No,No
CUST-03573,Barbara Perez,Male,0,39,No,No,12,Two year,32.26,436.0,Mailed check,No,Yes,No internet service,No internet service,No internet service,No internet service,No internet service,No internet service,No,No
CUST-03574,Sandra Wright,Female,0,25,Yes,No,18,One year,104.58,1927.25,Mailed check,Fiber optic,No,No,Yes,Yes,Yes,Yes,No,Yes,No
CUST-03575,Steven Harris,Male,0,64,Yes,No,23,Two year,88.66,2020.26,Mailed check,Fiber optic,Yes,No,Yes,No,No,Yes,No,Yes,No
CUST-03576,Sandra Williams,Male,0,34,Yes,No,13,Two year,86.32,1074.99,Electronic check,Fiber optic,Yes,No,No,No,Yes,No,No,Yes,Yes
CUST-03577,Mark Smith,Male,0,45,No,No,6,Month-to-month,88.36,566.63,Credit card,Fiber optic,Yes,No,Yes,No,No,No,No,No,No
CUST-03578,Robert Miller,Female,0,19,Yes,No,18,One year,105.26,1854.57,Mailed check,Fiber optic,Yes,Yes,Yes,No,No,No,Yes,No,Yes
CUST-03579,Susan Gonzalez,Female,0,28,No,No,56,Two year,76.75,4308.49,Mailed check,Fiber optic,No,No,No,Yes,No,No,No,Yes,No
CUST-03580,Lisa White,Female,0,36,Yes,No,30,One year,54.47,1652.65,Mailed check,DSL,No,No,No,No,No,No,No,Yes,No
CUST-03581,Joshua Lee,Male,0,21,No,No,14,Two year,107.27,1524.13,Electronic check,Fiber optic,Yes,Yes,No,Yes,Yes,Yes,No,Yes,No
CUST-03582,Jessica Garcia,Male,1,81,No,Yes,38,Two year,84.87,3231.84,Credit card,DSL,Yes,No,No,Yes,Yes,No,Yes,No,No
CUST-03583,William Gonzalez,Male,0,49,Yes,No,50,Two year,85.85,4314.86,Mailed check,Fiber optic,Yes,No,No,No,No,No,Yes,No,No
CUST-03584,Michelle Torres,Female,0,36,No,No,8,Month-to-month,61.15,535.3,Credit card,DSL,Yes,Yes,No,No,No,No,No,No,No
CUST-03585,David Wilson,Male,0,44,Yes,No,10,Month-to-month,70.94,703.94,Electronic check,DSL,No,No,Yes,No,Yes,Yes,No,No,Yes
CUST-03586,Kimberly Gonzalez,Female,0,27,Yes,No,34,One year,99.16,3322.94,Credit card,Fiber optic,No,Yes,Yes,Yes,No,Yes,No,No,No
CUST-03587,Michael Harris,Female,0,31,Yes,No,28,Two year,77.23,2113.0,Bank transfer,DSL,Yes,Yes,Yes,No,No,Yes,No,Yes,No
CUST-03588,Steven Flores,Female,0,39,No,No,3,Month-to-month,123.56,362.85,Mailed check,Fiber optic,Yes,No,Yes,Yes,Yes,Yes,Yes,No,Yes
CUST-03589,Thomas Sanchez,Male,0,34,No,Yes,14,One year,90.06,1248.52,Mailed check,Fiber optic,Yes,No,No,Yes,No,No,No,No,No
CUST-03590,Daniel Gonzalez,Female,0,59,No,No,47,One year,76.58,3582.65,Bank transfer,DSL,Yes,No,No,No,Yes,Yes,No,Yes,No
CUST-03591,Sandra Lee,Female,0,40,No,No,11,Month-to-month,87.17,921.3,Mailed check,Fiber optic,Yes,Yes,No,Yes,No,No,No,No,No
CUST-03592,Barbara Wright,Male,1,71,Yes,Yes,4,Month-to-month,63.06,241.27,Credit card,DSL,Yes,No,No,Yes,No,No,No,Yes,No
CUST-03593,Elizabeth Hernandez,Male,0,58,Yes,No,5,Month-to-month,111.72,608.51,Mailed check,Fiber optic,No,Yes,Yes,Yes,Yes,No,Yes,No,No
CUST-03594,Kimberly Hill,Female,0,49,Yes,No,7,Month-to-month,102.29,681.1,Bank transfer,Fiber optic,Yes,No,Yes,No,No,No,Yes,Yes,Yes
CUST-03595,Andrew Sanchez,Male,0,40,No,No,3,Month-to-month,73.92,175.89,Mailed check,DSL,Yes,Yes,Yes,No,No,No,Yes,Yes,Yes
CUST-03596,Christopher Brown,Male,0,45,No,Yes,9,Month-to-month,36.81,302.93,Electronic check,No,Yes,No internet service,No internet service,No internet service,No internet service,No internet service,No internet service,Yes,Yes
CUST-03597,Karen Allen,Female,0,43,No,No,2,Month-to-month,81.96,172.53,Mailed check,DSL,Yes,No,Yes,Yes,Yes,No,No,Yes,Yes
CUST-03598,Linda Martinez,Male,0,60,Yes,Yes,11,Month-to-month,26.0,317.66,Mailed check,No,Yes,No internet service,No internet service,No internet service,No internet service,No internet service,No internet service,Yes,No
CUST-03599,Betty Torres,Female,0,59,No,No,46,One year,97.96,4511.31,Electronic check,Fiber optic,Yes,No,Yes,No,Yes,No,No,Yes,No
CUST-03600,Joshua Martinez,Male,0,56,Yes,Yes,2,Month-to-month,85.75,186.55,Bank transfer,Fiber optic,No,Yes,Yes,No,No,No,Yes,No,Yes
CUST-03601,Susan Scott,Female,0,61,Yes,No,7,Month-to-month,80.55,603.26,Electronic check,DSL,Yes,No,No,No,Yes,Yes,No,Yes,Yes
CUST-03602,Ashley Sanchez,Female,0,22,No,No,5,Month-to-month,38.45,235.4,Electronic check,No,Yes,No internet service,No internet service,No internet service,No internet service,No internet service,No internet service,Yes,No
CUST-03603,Michelle Hernandez,Female,1,74,No,No,19,Two year,113.6,2206.69,Bank transfer,Fiber optic,Yes,No,Yes,Yes,Yes,Yes,Yes,Yes,No
CUST-03604,Michael Robinson,Female,0,64,Yes,Yes,1,Month-to-month,84.83,125.05,Mailed check,Fiber optic,No,No,Yes,No,Yes,No,Yes,Yes,No
CUST-03605,Thomas Jones,Female,1,79,Yes,Yes,11,Month-to-month,32.12,315.57,Electronic check,No,Yes,No internet service,No internet service,No internet service,No internet service,No internet service,No internet service,No,No
CUST-03606,Anthony Miller,Female,0,51,Yes,No,4,Month-to-month,66.5,304.78,Bank transfer,Fiber optic,No,No,No,Yes,No,No,No,Yes,No
CUST-03607,Patricia Lopez,Male,0,26,Yes,No,4,Month-to-month,113.09,459.39,Bank transfer,Fiber optic,Yes,Yes,Yes,Yes,No,Yes,No,Yes,Yes
CUST-03608,Mary Johnson,Male,1,70,Yes,No,2,Month-to-month,89.66,188.34,Electronic check,Fiber optic,Yes,Yes,Yes,No,No,No,No,No,Yes
CUST-03609,Andrew Brown,Female,0,20,No,No,10,Month-to-month,34.33,387.26,Credit card,No,Yes,No internet service,No internet service,No internet service,No internet service,No internet service,No internet service,No,No
CUST-03610,Steven Thomas,Female,0,41,No,No,3,Month-to-month,80.31,213.42,Credit card,Fiber optic,Yes,No,Yes,No,No,No,No,No,Yes
CUST-03611,Donna Johnson,Male,0,40,No,No,8,Month-to-month,77.13,590.67,Bank transfer,Fiber optic,Yes,No,Yes,No,No,No,No,Yes,No
CUST-03612,Joseph Gonzalez,Male,0,62,Yes,No,24,One year,72.48,1729.45,Mailed check,DSL,Yes,No,No,Yes,Yes,Yes,No,No,No
CUST-03613,Joseph Lopez,Male,0,30,No,Yes,8,Month-to-month,25.86,202.17,Bank transfer,No,No,No internet service,No internet service,No internet service,No internet service,No internet service,No internet service,No,Yes
CUST-03614,Robert Miller,Male,1,78,Yes,No,24,One year,31.78,717.63,Credit card,No,Yes,No internet service,No internet service,No internet service,No internet service,No internet service,No internet service,Yes,No
CUST-03615,John Miller,Female,0,48,Yes,No,8,Month-to-month,31.17,282.39,Mailed check,No,Yes,No internet service,No internet service,No internet service,No internet service,No internet service,No internet service,Yes,No
CUST-03616,Lisa Ramirez,Male,0,38,No,Yes,1,Month-to-month,36.94,36.94,Credit card,No,Yes,No internet service,No internet service,No internet service,No internet service,No internet service,No internet service,Yes,No
CUST-03617,Karen Jones,Male,0,37,Yes,Yes,6,One year,35.43,206.87,Mailed check,No,Yes,No internet service,No internet service,No internet service,No internet service,No internet service,No internet service,No,No
CUST-03618,Joshua White,Male,1,74,Yes,No,10,Month-to-month,97.0,924.09,Electronic check,Fiber optic,Yes,Yes,No,No,Yes,No,No,Yes,Yes
CUST-03619,Betty Garcia,Male,0,37,Yes,No,9,Month-to-month,87.14,742.82,Electronic check,DSL,Yes,No,Yes,No,Yes,Yes,Yes,No,Yes
CUST-03620,Matthew Young,Female,1,66,No,No,29,One year,87.86,2532.51,Electronic check,Fiber optic,Yes,No,No,No,Yes,No,No,No,No
CUST-03621,Sarah Davis,Male,0,27,Yes,Yes,71,Two year,85.92,6051.38,Bank transfer,Fiber optic,Yes,No,No,No,No,Yes,No,Yes,No
CUST-03622,Donald Nguyen,Male,0,22,No,Yes,21,Two year,99.0,2046.19,Electronic check,Fiber optic,Yes,Yes,Yes,No,Yes,No,No,No,Yes
CUST-03623,Barbara Williams,Female,0,23,No,Yes,9,Month-to-month,115.31,1002.95,Mailed check,Fiber optic,Yes,Yes,Yes,Yes,No,No,Yes,No,No
CUST-03624,Lisa Moore,Female,0,54,No,No,3,Month-to-month,98.93,279.64,Bank transfer,Fiber optic,Yes,No,No,No,No,Yes,Yes,Yes,Yes
CUST-03625,Thomas Perez,Female,0,50,Yes,No,7,Month-to-month,35.42,269.08,Mailed check,No,Yes,No internet service,No internet service,No internet service,No internet service,No internet service,No internet service,No,No
CUST-03626,Richard Martin,Male,0,42,Yes,No,14,One year,105.93,1516.95,Credit card,Fiber optic,Yes,No,Yes,No,Yes,No,Yes,No,No
CUST-03627,Matthew Torres,Male,0,46,No,No,9,One year,36.41,343.53,Credit card,No,Yes,No internet service,No internet service,No internet service,No internet service,No internet service,No internet service,No,No
CUST-03628,Christopher Gonzalez,Male,0,49,No,No,5,Month-to-month,99.16,537.15,Electronic check,DSL,No,Yes,Yes,Yes,Yes,Yes,Yes,No,No
CUST-03629,Lisa Wilson,Male,0,63,No,No,9,Month-to-month,94.89,887.39,Bank transfer,Fiber optic,Yes,Yes,Yes,No,No,No,Yes,No,No
CUST-03630,Sandra Thomas,Female,0,26,No,No,45,Two year,108.07,4840.75,Credit card,Fiber optic,Yes,Yes,No,No,No,Yes,Yes,Yes,Yes
CUST-03631,Anthony Miller,Male,0,22,Yes,No,11,Month-to-month,94.78,1060.13,Electronic check,DSL,Yes,Yes,Yes,No,Yes,Yes,No,No,Yes
CUST-03632,Donald Wilson,Female,0,22,Yes,No,2,Month-to-month,32.18,55.44,Electronic check,No,Yes,No internet service,No internet service,No internet service,No internet service,No internet service,No internet service,No,No
CUST-03633,Anthony Gonzalez,Male,0,22,No,No,11,Month-to-month,72.2,822.23,Electronic check,DSL,Yes,No,No,No,No,Yes,No,No,Yes
CUST-03634,Mary Martinez,Male,0,27,Yes,No,7,Month-to-month,66.37,438.74,Mailed check,DSL,Yes,No,Yes,Yes,No,No,No,No,Yes
CUST-03635,Steven Jones,Male,0,48,No,Yes,1,Month-to-month,86.38,86.38,Credit card,Fiber optic,Yes,No,No,Yes,No,No,No,Yes,Yes
CUST-03636,Richard Perez,Female,0,29,Yes,No,6,One year,72.97,425.35,Electronic check,Fiber optic,Yes,No,No,No,No,No,No,No,Yes
CUST-03637,Andrew Thompson,Male,0,63,Yes,No,5,Month-to-month,82.75,397.43,Bank transfer,Fiber optic,No,No,No,Yes,No,Yes,Yes,Yes,No
CUST-03638,Sarah Taylor,Female,0,59,No,No,10,One year,32.81,364.83,Mailed check,No,Yes,No internet service,No internet service,No internet service,No internet service,No internet service,No internet service,No,No
CUST-03639,Patricia King,Female,0,20,Yes,No,6,Month-to-month,32.65,239.28,Bank transfer,No,Yes,No internet service,No internet service,No internet service,No internet service,No internet service,No internet service,Yes,No
CUST-03640,Karen Martin,Female,0,22,Yes,Yes,1,Month-to-month,72.66,101.13,Electronic check,DSL,Yes,Yes,No,No,No,No,Yes,Yes,No
CUST-03641,Anthony Davis,Male,0,58,Yes,No,58,Two year,79.99,4687.25,Electronic check,DSL,Yes,Yes,No,No,No,No,Yes,No,No
CUST-03642,Thomas Walker,Female,0,63,Yes,No,3,Month-to-month,92.49,326.63,Credit card,DSL,Yes,Yes,Yes,No,Yes,Yes,No,No,No
CUST-03643,Barbara Perez,Male,0,36,Yes,No,2,Month-to-month,121.2,276.14,Bank transfer,DSL,Yes,Yes,Yes,Yes,Yes,Yes,Yes,Yes,No
CUST-03644,Lisa Thompson,Male,1,84,No,No,44,One year,81.62,3607.01,Credit card,DSL,Yes,No,Yes,No,Yes,No,No,No,No
CUST-03645,Robert Young,Female,0,58,Yes,No,8,Month-to-month,28.53,201.36,Mailed check,No,Yes,No internet service,No internet service,No internet service,No internet service,No internet service,No internet service,Yes,Yes
CUST-03646,Sandra Torres,Female,0,26,No,Yes,7,Month-to-month,104.21,761.75,Credit card,Fiber optic,Yes,Yes,No,No,Yes,Yes,No,No,Yes
CUST-03647,Linda Lewis,Female,0,61,No,Yes,7,One year,101.81,695.92,Bank transfer,Fiber optic,Yes,Yes,No,Yes,Yes,No,No,Yes,Yes
CUST-03648,Michelle Robinson,Male,0,22,No,No,11,One year,97.98,1088.82,Bank transfer,DSL,Yes,Yes,Yes,No,Yes,Yes,No,Yes,No
CUST-03649,Sandra Lewis,Female,0,23,No,No,39,One year,81.47,3154.22,Electronic check,Fiber optic,Yes,No,No,No,No,No,No,Yes,No
CUST-03650,Joshua Brown,Female,0,32,Yes,Yes,52,Two year,97.99,5059.72,Bank transfer,Fiber optic,Yes,Yes,No,No,Yes,No,No,Yes,No
CUST-03651,David Torres,Male,0,25,Yes,No,5,Month-to-month,74.99,346.07,Electronic check,DSL,Yes,No,No,Yes,Yes,Yes,No,No,Yes
CUST-03652,Jessica Garcia,Female,0,47,Yes,No,28,Two year,113.23,3146.16,Mailed check,Fiber optic,Yes,Yes,Yes,Yes,No,Yes,No,Yes,Yes
CUST-03653,Sandra Miller,Female,0,28,No,No,59,Two year,91.29,5362.56,Bank transfer,Fiber optic,Yes,No,No,Yes,No,No,Yes,Yes,No
CUST-03654,Susan Anderson,Male,0,25,No,Yes,30,Two year,117.8,3561.8,Credit card,Fiber optic,Yes,Yes,Yes,Yes,Yes,No,Yes,No,No
CUST-03655,Emily Lewis,Male,1,67,Yes,No,3,Month-to-month,27.55,52.62,Electronic check,No,Yes,No internet service,No internet service,No internet service,No internet service,No internet service,No internet service,Yes,Yes
CUST-03656,Mark Thompson,Male,0,52,Yes,Yes,62,Two year,31.39,1904.12,Bank transfer,No,Yes,No internet service,No internet service,No internet service,No internet service,No internet service,No internet service,Yes,No
CUST-03657,Michelle Anderson,Male,1,77,Yes,No,43,One year,108.39,4652.08,Mailed check,Fiber optic,Yes,Yes,Yes,No,Yes,No,No,Yes,Yes
CUST-03658,Donald Torres,Female,0,23,Yes,Yes,9,Month-to-month,25.31,217.44,Credit card,No,Yes,No internet service,No internet service,No internet service,No internet service,No internet service,No internet service,No,Yes
CUST-03659,Emily Flores,Male,0,27,Yes,No,38,One year,78.14,2986.65,Bank transfer,DSL,Yes,Yes,Yes,No,Yes,No,Yes,Yes,No
CUST-03660,Patricia Thomas,Male,0,61,Yes,Yes,13,Two year,27.2,337.81,Bank transfer,No,No,No internet service,No internet service,No internet service,No internet service,No internet service,No internet service,Yes,No
CUST-03661,Barbara White,Female,0,41,No,No,66,Two year,35.38,2299.91,Electronic check,No,Yes,No internet service,No internet service,No internet service,No internet service,No internet service,No internet service,No,No
CUST-03662,Daniel Young,Male,0,56,Yes,Yes,4,Month-to-month,39.48,197.02,Mailed check,No,Yes,No internet service,No internet service,No internet service,No internet service,No internet service,No internet service,Yes,No
CUST-03663,Susan Young,Male,0,35,No,No,31,One year,29.9,917.15,Electronic check,No,Yes,No internet service,No internet service,No internet service,No internet service,No internet service,No internet service,No,No
CUST-03664,Mark Lopez,Male,1,71,Yes,No,8,Month-to-month,34.74,263.52,Electronic check,No,Yes,No internet service,No internet service,No internet service,No internet service,No internet service,No internet service,No,No
CUST-03665,Joshua White,Female,1,75,Yes,Yes,3,Month-to-month,32.35,80.09,Credit card,No,Yes,No internet service,No internet service,No internet service,No internet service,No internet service,No internet service,Yes,No
CUST-03666,Elizabeth King,Male,0,26,No,No,21,Two year,78.8,1632.84,Bank transfer,Fiber optic,Yes,No,No,No,Yes,No,No,Yes,No
CUST-03667,Barbara Taylor,Male,0,50,No,No,1,Month-to-month,34.42,69.86,Mailed check,No,Yes,No internet service,No internet service,No internet service,No internet service,No internet service,No internet service,No,Yes
CUST-03668,Christopher Martinez,Female,0,35,No,Yes,3,Month-to-month,97.17,304.76,Mailed check,Fiber optic,Yes,Yes,No,Yes,Yes,No,No,Yes,No
CUST-03669,Anthony Lopez,Male,1,75,No,No,9,Month-to-month,59.82,503.0,Electronic check,DSL,No,No,No,No,No,Yes,No,Yes,No
CUST-03670,Jessica Wilson,Female,0,30,Yes,No,7,Month-to-month,78.44,574.14,Mailed check,DSL,Yes,Yes,Yes,No,Yes,No,No,No,Yes
CUST-03671,Donald Robinson,Male,0,50,Yes,No,10,Month-to-month,73.01,720.97,Credit card,DSL,Yes,No,No,No,Yes,No,No,No,Yes
CUST-03672,Jennifer Wilson,Female,0,29,No,No,20,Two year,27.54,505.23,Credit card,No,Yes,No internet service,No internet service,No internet service,No internet service,No internet service,No internet service,Yes,No
CUST-03673,Patricia Ramirez,Male,0,27,Yes,Yes,33,Two year,78.43,2600.42,Electronic check,DSL,Yes,No,No,Yes,Yes,No,No,Yes,No
CUST-03674,Michael Nguyen,Female,0,26,Yes,Yes,1,Month-to-month,95.5,121.0,Mailed check,Fiber optic,Yes,No,Yes,No,Yes,No,No,No,Yes
CUST-03675,Charles Jones,Male,0,29,No,No,9,Month-to-month,78.64,719.61,Mailed check,Fiber optic,Yes,No,No,No,Yes,No,No,Yes,Yes
CUST-03676,John Thomas,Male,0,44,No,No,9,One year,101.34,890.04,Electronic check,Fiber optic,Yes,Yes,No,No,No,No,Yes,No,Yes
CUST-03677,Mary Williams,Female,0,28,Yes,Yes,40,One year,97.34,3860.24,Credit card,Fiber optic,Yes,Yes,No,Yes,Yes,No,No,Yes,No
CUST-03678,Richard Martin,Female,0,61,No,No,55,Two year,73.91,4067.13,Credit card,DSL,Yes,No,No,No,Yes,Yes,No,Yes,No
CUST-03679,Sarah Thompson,Male,0,24,No,No,24,Two year,28.56,703.05,Bank transfer,No,Yes,No internet service,No internet service,No internet service,No internet service,No internet service,No internet service,Yes,No
CUST-03680,Jessica Allen,Female,0,46,Yes,No,39,Two year,71.55,2806.93,Bank transfer,DSL,Yes,No,Yes,No,No,Yes,No,Yes,No
CUST-03681,Nancy Lee,Female,0,47,No,Yes,3,Month-to-month,77.66,226.38,Mailed check,DSL,Yes,Yes,No,Yes,No,Yes,No,Yes,No
CUST-03682,Matthew Rodriguez,Male,0,18,No,No,5,Month-to-month,84.06,468.26,Credit card,Fiber optic,No,Yes,Yes,No,Yes,No,No,No,Yes
CUST-03683,Richard White,Male,1,68,No,No,32,One year,96.25,3129.96,Bank transfer,Fiber optic,Yes,Yes,No,No,No,No,Yes,No,No
CUST-03684,Daniel Taylor,Female,0,18,Yes,Yes,11,Month-to-month,98.29,1036.42,Mailed check,Fiber optic,Yes,Yes,Yes,No,Yes,No,No,No,Yes
CUST-03685,Michael Martinez,Female,0,26,No,No,16,One year,88.31,1406.93,Mailed check,DSL,Yes,Yes,No,Yes,Yes,No,No,No,Yes
CUST-03686,Steven Torres,Female,0,55,Yes,Yes,8,Month-to-month,68.88,550.12,Credit card,DSL,Yes,Yes,No,No,No,No,Yes,Yes,Yes
CUST-03687,Robert Scott,Male,1,67,Yes,Yes,45,Two year,102.67,4650.29,Mailed check,Fiber optic,Yes,Yes,No,Yes,No,No,Yes,Yes,No
CUST-03688,Michael Scott,Male,1,79,No,Yes,25,One year,25.37,680.7,Electronic check,No,Yes,No internet service,No internet service,No internet service,No internet service,No internet service,No internet service,Yes,No
CUST-03689,Anthony Garcia,Male,0,23,No,No,3,Month-to-month,91.99,264.74,Electronic check,Fiber optic,Yes,No,Yes,Yes,No,No,No,Yes,No
CUST-03690,Emily Thompson,Female,0,25,No,No,10,Month-to-month,39.76,401.59,Mailed check,No,Yes,No internet service,No internet service,No internet service,No internet service,No internet service,No internet service,Yes,No
CUST-03691,Charles Martin,Female,0,43,Yes,No,5,Month-to-month,73.36,365.64,Bank transfer,Fiber optic,No,Yes,No,No,Yes,No,No,Yes,Yes
CUST-03692,Christopher Martin,Male,0,27,Yes,No,8,Month-to-month,27.86,245.97,Electronic check,No,Yes,No internet service,No internet service,No internet service,No internet service,No internet service,No internet service,Yes,Yes
CUST-03693,Richard Martin,Female,0,30,No,Yes,11,Month-to-month,68.48,759.29,Bank transfer,DSL,Yes,No,No,Yes,Yes,No,No,Yes,No
CUST-03694,Patricia King,Female,1,79,No,Yes,16,One year,95.73,1520.25,Credit card,DSL,Yes,Yes,Yes,Yes,No,Yes,Yes,Yes,No
CUST-03695,Donald Robinson,Female,0,35,Yes,No,6,Month-to-month,35.85,188.7,Credit card,No,Yes,No internet service,No internet service,No internet service,No internet service,No internet service,No internet service,Yes,Yes
CUST-03696,Michelle Jones,Male,1,72,No,Yes,7,Month-to-month,15.23,126.52,Bank transfer,No,No,No internet service,No internet service,No internet service,No internet service,No internet service,No internet service,Yes,Yes
CUST-03697,Patricia Garcia,Male,0,18,Yes,No,36,One year,26.37,954.02,Bank transfer,No,No,No internet service,No internet service,No internet service,No internet service,No internet service,No internet service,Yes,No
CUST-03698,Donna Thomas,Female,0,37,No,Yes,9,Month-to-month,94.28,821.58,Electronic check,Fiber optic,Yes,Yes,Yes,No,No,No,No,No,Yes
CUST-03699,Margaret Miller,Female,0,45,No,No,39,One year,78.85,3119.76,Mailed check,DSL,Yes,Yes,No,No,Yes,No,No,Yes,Yes
CUST-03700,Sandra Clark,Male,0,56,Yes,Yes,9,Month-to-month,108.46,1012.16,Bank transfer,Fiber optic,Yes,Yes,Yes,Yes,No,No,Yes,Yes,No
CUST-03701,Nancy Walker,Female,0,45,Yes,Yes,1,Month-to-month,85.38,85.38,Electronic check,DSL,Yes,Yes,No,Yes,Yes,Yes,No,No,No
CUST-03702,Robert Young,Female,1,80,No,No,2,Month-to-month,100.76,197.27,Credit card,Fiber optic,Yes,Yes,No,Yes,Yes,No,No,Yes,No
CUST-03703,Donna King,Female,0,42,No,No,21,Two year,88.64,1848.49,Credit card,DSL,Yes,No,No,Yes,Yes,Yes,Yes,No,No
CUST-03704,Betty Thompson,Female,0,38,No,Yes,13,Two year,35.87,514.22,Bank transfer,No,Yes,No internet service,No internet service,No internet service,No internet service,No internet service,No internet service,Yes,No
CUST-03705,Emily White,Female,0,29,Yes,Yes,7,Month-to-month,101.55,674.32,Mailed check,Fiber optic,Yes,Yes,Yes,Yes,No,No,Yes,Yes,Yes
CUST-03706,David Young,Female,1,71,Yes,No,2,Month-to-month,66.46,145.23,Credit card,DSL,No,No,Yes,Yes,No,Yes,No,Yes,No
CUST-03707,Thomas Williams,Female,0,18,No,Yes,2,Month-to-month,63.81,117.86,Mailed check,DSL,Yes,Yes,Yes,No,No,No,No,Yes,No
CUST-03708,Ashley Lewis,Female,1,71,No,No,7,Month-to-month,83.06,556.16,Bank transfer,Fiber optic,No,No,No,Yes,Yes,Yes,No,Yes,Yes
CUST-03709,Kimberly Torres,Female,0,39,No,Yes,7,Month-to-month,61.47,381.2,Mailed check,DSL,Yes,No,No,No,Yes,No,No,Yes,Yes
CUST-03710,Charles Sanchez,Female,0,63,Yes,Yes,60,Two year,107.1,6430.76,Credit card,Fiber optic,Yes,No,No,Yes,No,Yes,Yes,Yes,No
CUST-03711,Donna Thompson,Female,1,68,Yes,No,29,Two year,114.67,3373.35,Bank transfer,Fiber optic,Yes,Yes,No,No,Yes,Yes,Yes,Yes,No
CUST-03712,Margaret Moore,Male,0,50,Yes,No,4,Month-to-month,83.58,338.33,Credit card,Fiber optic,Yes,No,Yes,No,No,Yes,No,No,Yes
CUST-03713,Robert Williams,Female,0,57,No,No,37,One year,89.95,3366.96,Electronic check,DSL,Yes,Yes,No,Yes,Yes,No,No,No,No
CUST-03714,Barbara Clark,Female,0,24,Yes,No,3,Month-to-month,63.99,226.24,Bank transfer,DSL,Yes,No,No,No,No,Yes,No,No,Yes
CUST-03715,Elizabeth Williams,Female,1,70,Yes,No,18,One year,67.5,1259.56,Bank transfer,DSL,Yes,Yes,No,No,No,No,Yes,Yes,No
CUST-03716,Jessica White,Female,0,57,Yes,No,1,Month-to-month,93.73,93.73,Mailed check,Fiber optic,Yes,No,No,No,Yes,No,Yes,No,Yes
CUST-03717,Paul Gonzalez,Female,1,69,Yes,No,7,Month-to-month,64.79,411.49,Bank transfer,DSL,Yes,No,Yes,No,No,No,No,Yes,No
CUST-03718,Susan Jackson,Male,0,46,No,No,3,Month-to-month,69.89,208.51,Bank transfer,DSL,Yes,No,No,Yes,Yes,No,No,No,Yes
CUST-03719,Lisa Ramirez,Female,0,40,Yes,No,27,Two year,97.62,2629.38,Credit card,Fiber optic,Yes,Yes,No,No,No,No,Yes,Yes,No
CUST-03720,Ashley Moore,Female,0,50,Yes,No,34,Two year,82.64,2825.29,Bank transfer,Fiber optic,Yes,No,Yes,No,Yes,No,No,No,No
CUST-03721,Margaret Wright,Female,0,30,No,Yes,26,One year,88.74,2303.94,Bank transfer,Fiber optic,Yes,No,No,Yes,No,No,No,Yes,No
CUST-03722,Charles Taylor,Male,0,42,Yes,No,1,Month-to-month,83.01,83.01,Electronic check,Fiber optic,Yes,Yes,No,No,No,No,Yes,Yes,Yes
CUST-03723,Charles Harris,Male,0,22,Yes,Yes,34,Two year,36.84,1244.46,Mailed check,No,Yes,No internet service,No internet service,No internet service,No internet service,No internet service,No internet service,Yes,No
CUST-03724,James Hill,Male,1,79,No,No,11,Month-to-month,17.56,162.94,Electronic check,No,No,No internet service,No internet service,No internet service,No internet service,No internet service,No internet service,No,No
CUST-03725,John Brown,Female,1,68,No,No,44,Two year,80.11,3482.92,Electronic check,Fiber optic,No,No,Yes,No,No,Yes,No,Yes,No
CUST-03726,Anthony Torres,Female,0,50,No,No,7,Month-to-month,88.99,649.85,Credit card,Fiber optic,Yes,No,No,No,No,No,Yes,Yes,No
CUST-03727,Patricia Williams,Male,0,38,No,Yes,40,Two year,87.09,3465.16,Mailed check,Fiber optic,Yes,No,No,Yes,No,Yes,No,No,No
CUST-03728,Jennifer Wilson,Female,0,32,No,No,11,Month-to-month,90.73,959.19,Mailed check,DSL,Yes,Yes,Yes,Yes,No,No,No,No,No
CUST-03729,Thomas Rodriguez,Female,0,55,No,Yes,19,Two year,34.94,700.28,Electronic check,No,Yes,No internet service,No internet service,No internet service,No internet service,No internet service,No internet service,Yes,No
CUST-03730,Paul Lopez,Male,0,24,No,Yes,9,Month-to-month,71.08,665.02,Mailed check,DSL,Yes,No,No,No,Yes,No,No,No,No
CUST-03731,Donald Hernandez,Female,0,19,Yes,No,11,Month-to-month,110.34,1231.38,Credit card,Fiber optic,Yes,No,Yes,No,Yes,No,Yes,Yes,Yes
CUST-03732,James Anderson,Male,0,33,Yes,No,11,Month-to-month,62.33,665.82,Bank transfer,DSL,No,Yes,No,No,No,No,No,Yes,Yes
CUST-03733,William Sanchez,Female,1,74,No,No,7,Month-to-month,94.63,699.23,Mailed check,Fiber optic,Yes,Yes,Yes,No,No,No,No,No,Yes
CUST-03734,Donna Williams,Male,0,30,No,No,10,Month-to-month,62.28,645.65,Mailed check,DSL,Yes,No,Yes,No,No,No,No,No,Yes
CUST-03735,Mark Miller,Male,0,47,No,No,45,One year,82.53,3678.36,Bank transfer,Fiber optic,Yes,No,Yes,No,No,No,Yes,No,Yes
CUST-03736,Mark Rodriguez,Male,0,58,Yes,No,26,One year,89.44,2281.75,Bank transfer,Fiber optic,Yes,Yes,No,No,Yes,No,No,Yes,Yes
CUST-03737,Daniel Garcia,Male,1,67,No,No,5,Month-to-month,88.86,482.88,Electronic check,DSL,Yes,Yes,No,Yes,Yes,No,No,Yes,No
CUST-03738,John Allen,Male,1,79,No,Yes,14,Two year,95.64,1330.24,Credit card,Fiber optic,Yes,Yes,No,Yes,No,No,No,Yes,Yes
CUST-03739,Christopher Thomas,Male,0,46,No,Yes,9,One year,31.56,307.43,Bank transfer,No,Yes,No internet service,No internet service,No internet service,No internet service,No internet service,No internet service,Yes,No
CUST-03740,Paul Brown,Female,0,46,No,No,8,Month-to-month,26.66,177.58,Electronic check,No,Yes,No internet service,No internet service,No internet service,No internet service,No internet service,No internet service,Yes,Yes
CUST-03741,Betty Johnson,Male,0,46,Yes,No,9,Month-to-month,80.88,742.48,Mailed check,Fiber optic,Yes,No,No,No,No,Yes,No,Yes,No
CUST-03742,Patricia Hill,Male,1,66,Yes,No,6,Month-to-month,17.32,70.65,Bank transfer,No,No,No internet service,No internet service,No internet service,No internet service,No internet service,No internet service,No,Yes
CUST-03743,Susan Lewis,Male,0,57,Yes,Yes,41,One year,94.02,3854.48,Mailed check,Fiber optic,Yes,Yes,Yes,No,No,Yes,No,Yes,Yes
CUST-03744,Anthony Taylor,Male,1,69,No,Yes,10,Month-to-month,104.43,1029.54,Mailed check,Fiber optic,Yes,Yes,Yes,No,Yes,Yes,No,No,Yes
CUST-03745,Betty Davis,Male,0,26,No,Yes,1,Month-to-month,98.23,98.23,Electronic check,DSL,Yes,Yes,Yes,No,No,Yes,Yes,No,Yes
CUST-03746,Nancy Young,Male,0,56,No,Yes,34,Two year,84.8,2890.13,Bank transfer,DSL,Yes,No,Yes,No,Yes,Yes,No,No,No
CUST-03747,Mark Hill,Female,1,78,Yes,No,1,Month-to-month,99.36,99.36,Mailed check,Fiber optic,Yes,Yes,No,No,Yes,Yes,No,Yes,Yes
CUST-03748,Margaret Miller,Female,0,37,No,No,4,Month-to-month,67.22,250.18,Credit card,DSL,No,No,Yes,No,Yes,No,Yes,No,No
CUST-03749,Patricia Lopez,Male,1,67,Yes,Yes,66,Two year,106.43,7017.98,Electronic check,Fiber optic,Yes,Yes,Yes,No,Yes,No,No,No,No
CUST-03750,Robert Ramirez,Female,1,73,Yes,Yes,46,Two year,92.54,4239.12,Credit card,Fiber optic,No,Yes,Yes,No,No,Yes,No,No,Yes
CUST-03751,Paul Wright,Male,0,55,No,Yes,6,One year,68.29,386.77,Electronic check,DSL,Yes,Yes,No,Yes,No,No,No,Yes,No
CUST-03752,Michelle Garcia,Female,1,73,No,Yes,23,One year,28.04,648.89,Bank transfer,No,Yes,No internet service,No internet service,No internet service,No internet service,No internet service,No internet service,Yes,Yes
CUST-03753,Joshua Lee,Male,0,26,Yes,No,23,One year,93.16,2160.69,Electronic check,DSL,Yes,Yes,Yes,No,Yes,Yes,Yes,Yes,No
CUST-03754,Jessica Wright,Female,0,49,Yes,Yes,2,Month-to-month,50.13,106.18,Electronic check,DSL,Yes,No,No,No,No,No,No,Yes,Yes
CUST-03755,Sarah Anderson,Female,0,46,No,No,37,Two year,88.0,3227.26,Electronic check,DSL,Yes,No,Yes,No,Yes,No,Yes,No,Yes
CUST-03756,Nancy Brown,Female,0,28,Yes,No,2,Month-to-month,91.24,227.26,Credit card,Fiber optic,Yes,Yes,Yes,No,No,No,No,No,Yes
CUST-03757,Lisa Jones,Male,0,53,No,No,10,One year,84.27,828.19,Bank transfer,Fiber optic,Yes,No,Yes,No,No,No,No,Yes,Yes
CUST-03758,Linda Sanchez,Male,0,29,Yes,Yes,40,One year,95.2,3785.0,Bank transfer,Fiber optic,Yes,No,No,Yes,No,Yes,No,Yes,No
CUST-03759,William Thomas,Female,0,37,Yes,No,1,Month-to-month,72.04,72.04,Credit card,DSL,Yes,Yes,Yes,No,Yes,No,No,No,Yes
CUST-03760,Joseph Lee,Female,0,53,No,Yes,32,One year,87.6,2815.43,Electronic check,DSL,Yes,No,Yes,Yes,Yes,No,No,Yes,No
CUST-03761,Kimberly Nguyen,Female,0,30,Yes,No,50,Two year,95.91,4836.38,Electronic check,Fiber optic,Yes,No,Yes,Yes,No,No,No,No,Yes
CUST-03762,Barbara Rodriguez,Male,0,24,No,No,15,Two year,28.68,435.43,Bank transfer,No,No,No internet service,No internet service,No internet service,No internet service,No internet service,No internet service,Yes,No
CUST-03763,Patricia Thompson,Male,0,41,Yes,No,21,One year,78.5,1648.23,Credit card,Fiber optic,Yes,No,No,No,No,No,No,Yes,No
CUST-03764,Elizabeth Clark,Female,0,58,Yes,Yes,29,Two year,72.97,2114.9,Mailed check,DSL,Yes,Yes,Yes,No,No,No,No,No,No
CUST-03765,Kimberly Ramirez,Female,0,55,Yes,No,70,Two year,27.6,1933.3,Mailed check,No,Yes,No internet service,No internet service,No internet service,No internet service,No internet service,No internet service,Yes,No
CUST-03766,Steven Allen,Female,0,25,Yes,No,60,Two year,50.89,3046.0,Bank transfer,DSL,Yes,No,No,No,No,No,No,Yes,No
CUST-03767,Michelle Flores,Male,0,38,No,No,62,Two year,58.39,3664.13,Mailed check,DSL,No,No,No,Yes,Yes,No,No,Yes,No
CUST-03768,Karen Davis,Female,1,65,No,Yes,2,Month-to-month,104.38,232.18,Electronic check,Fiber optic,Yes,Yes,Yes,Yes,No,No,No,No,Yes
CUST-03769,Lisa Brown,Female,0,45,Yes,Yes,10,Month-to-month,36.83,396.01,Mailed check,No,Yes,No internet service,No internet service,No internet service,No internet service,No internet service,No internet service,Yes,No
CUST-03770,Charles Jones,Male,0,55,Yes,Yes,8,Month-to-month,97.29,827.74,Mailed check,Fiber optic,Yes,Yes,Yes,No,No,No,Yes,Yes,Yes
CUST-03771,Mark Davis,Female,0,52,Yes,No,37,One year,110.07,4085.37,Mailed check,Fiber optic,Yes,Yes,Yes,Yes,No,Yes,No,Yes,No
CUST-03772,Nancy Taylor,Male,1,82,No,No,36,Two year,79.53,2903.71,Mailed check,DSL,Yes,No,Yes,No,No,Yes,No,Yes,No
CUST-03773,Emily Walker,Female,0,42,No,No,5,Month-to-month,71.44,401.12,Mailed check,DSL,Yes,No,No,Yes,Yes,No,No,Yes,Yes
CUST-03774,John Smith,Female,0,57,Yes,No,51,Two year,77.1,3909.71,Bank transfer,DSL,Yes,Yes,No,No,No,Yes,No,No,No
CUST-03775,Matthew Scott,Female,0,40,No,No,11,Month-to-month,79.3,848.44,Mailed check,Fiber optic,No,Yes,Yes,No,No,Yes,No,Yes,No
CUST-03776,Matthew White,Male,0,45,No,No,51,Two year,85.99,4352.67,Bank transfer,DSL,Yes,Yes,No,No,Yes,No,Yes,Yes,No
CUST-03777,Richard Lee,Male,0,63,Yes,No,28,Two year,82.61,2360.66,Electronic check,DSL,Yes,Yes,Yes,No,Yes,No,No,No,No
CUST-03778,Susan Anderson,Male,0,41,No,Yes,5,Month-to-month,105.94,498.09,Mailed check,Fiber optic,Yes,Yes,No,Yes,Yes,No,No,No,No
CUST-03779,Linda Torres,Male,0,58,Yes,Yes,4,Month-to-month,101.6,449.71,Bank transfer,Fiber optic,Yes,No,Yes,Yes,No,No,No,No,Yes
CUST-03780,Sarah Johnson,Male,0,56,No,No,38,One year,81.26,3097.7,Electronic check,Fiber optic,Yes,Yes,No,No,No,No,No,No,No
CUST-03781,Ashley Lewis,Female,0,39,No,Yes,26,One year,62.6,1643.83,Credit card,DSL,Yes,No,Yes,No,No,No,No,Yes,No
CUST-03782,Steven White,Male,1,84,No,No,44,Two year,66.01,2912.97,Credit card,DSL,Yes,No,No,Yes,No,No,No,No,No
CUST-03783,Donna Perez,Female,0,21,No,No,6,Month-to-month,37.98,230.31,Bank transfer,No,Yes,No internet service,No internet service,No internet service,No internet service,No internet service,No internet service,No,Yes
CUST-03784,Andrew White,Male,0,64,Yes,Yes,11,Month-to-month,30.84,381.43,Electronic check,No,Yes,No internet service,No internet service,No internet service,No internet service,No internet service,No internet service,No,No
CUST-03785,Linda Thompson,Male,1,68,Yes,No,11,Month-to-month,78.78,865.69,Electronic check,Fiber optic,No,No,No,Yes,No,No,No,No,No
CUST-03786,Kimberly Scott,Female,0,59,No,No,64,Two year,96.56,6198.17,Credit card,Fiber optic,Yes,Yes,No,No,Yes,No,Yes,Yes,No
CUST-03787,Michelle Martinez,Female,0,25,Yes,No,29,One year,29.27,876.16,Bank transfer,No,Yes,No internet service,No internet service,No internet service,No internet service,No internet service,No internet service,Yes,No
CUST-03788,Barbara Ramirez,Female,0,38,No,Yes,40,Two year,33.45,1382.95,Bank transfer,No,Yes,No internet service,No internet service,No internet service,No internet service,No internet service,No internet service,Yes,No
CUST-03789,Mark Wilson,Male,0,48,Yes,Yes,3,Month-to-month,59.27,162.35,Electronic check,DSL,No,No,No,No,Yes,No,No,No,Yes
CUST-03790,Christopher King,Male,0,23,Yes,Yes,34,One year,81.78,2736.22,Credit card,DSL,Yes,No,No,Yes,No,Yes,No,Yes,No
CUST-03791,Richard Martin,Male,1,73,Yes,No,64,Two year,28.77,1850.54,Mailed check,No,Yes,No internet service,No internet service,No internet service,No internet service,No internet service,No internet service,Yes,No
CUST-03792,Kimberly Hernandez,Male,0,21,No,Yes,54,Two year,59.42,3200.2,Credit card,DSL,No,Yes,No,No,No,No,Yes,Yes,No
CUST-03793,Joshua Martinez,Female,0,51,Yes,Yes,11,Month-to-month,82.78,910.56,Mailed check,DSL,Yes,No,Yes,No,Yes,Yes,No,Yes,No
CUST-03794,Matthew Jackson,Male,0,36,No,Yes,44,One year,106.38,4675.77,Bank transfer,Fiber optic,Yes,Yes,Yes,Yes,No,No,No,Yes,No
CUST-03795,Joshua Martin,Female,0,22,Yes,No,7,Month-to-month,82.86,588.13,Electronic check,Fiber optic,Yes,No,No,No,No,Yes,No,Yes,No
CUST-03796,Emily King,Male,0,46,Yes,Yes,6,Month-to-month,99.16,594.85,Credit card,Fiber optic,Yes,Yes,No,Yes,No,No,Yes,Yes,Yes
CUST-03797,William Jones,Male,0,42,No,No,22,One year,112.24,2506.13,Mailed check,Fiber optic,Yes,No,Yes,Yes,Yes,No,Yes,No,No
CUST-03798,Patricia Jackson,Female,0,44,Yes,Yes,8,Month-to-month,38.8,290.28,Electronic check,No,Yes,No internet service,No internet service,No internet service,No internet service,No internet service,No internet service,Yes,No
CUST-03799,Emily Jackson,Female,0,57,No,Yes,20,One year,85.97,1761.75,Electronic check,DSL,Yes,No,No,No,Yes,Yes,Yes,Yes,No
CUST-03800,Steven Nguyen,Female,0,63,Yes,No,29,One year,71.56,2060.9,Mailed check,DSL,Yes,Yes,Yes,No,No,No,No,Yes,Yes
CUST-03801,Mark Smith,Male,1,68,Yes,No,3,Month-to-month,36.54,81.83,Credit card,No,Yes,No internet service,No internet service,No internet service,No internet service,No internet service,No internet service,No,No
CUST-03802,Mark Thomas,Male,1,75,Yes,No,1,Month-to-month,81.06,93.71,Bank transfer,DSL,No,No,Yes,Yes,No,Yes,No,No,No
CUST-03803,Barbara Taylor,Male,0,28,Yes,No,33,One year,34.15,1084.22,Electronic check,No,Yes,No internet service,No internet service,No internet service,No internet service,No internet service,No internet service,No,No
CUST-03804,James Miller,Female,0,57,No,No,4,Month-to-month,103.74,371.9,Electronic check,Fiber optic,Yes,No,Yes,No,Yes,No,Yes,No,Yes
CUST-03805,James Lewis,Male,0,42,Yes,No,18,One year,95.58,1674.41,Mailed check,DSL,Yes,No,Yes,Yes,Yes,Yes,Yes,Yes,No
CUST-03806,Anthony Johnson,Female,1,82,Yes,Yes,9,Month-to-month,25.75,254.34,Mailed check,No,Yes,No internet service,No internet service,No internet service,No internet service,No internet service,No internet service,No,No
CUST-03807,Kimberly Lopez,Female,0,39,No,Yes,3,Month-to-month,103.12,350.32,Bank transfer,Fiber optic,Yes,Yes,No,Yes,No,Yes,Yes,Yes,Yes
CUST-03808,Margaret Lewis,Female,0,54,No,No,1,Month-to-month,36.74,54.73,Bank transfer,No,Yes,No internet service,No internet service,No internet service,No internet service,No internet service,No internet service,Yes,No
CUST-03809,David Martin,Male,0,42,No,No,48,Two year,30.6,1487.49,Bank transfer,No,Yes,No internet service,No internet service,No internet service,No internet service,No internet service,No internet service,Yes,No
CUST-03810,Joseph Harris,Female,0,54,No,No,68,Two year,87.64,5933.94,Bank transfer,DSL,No,Yes,Yes,Yes,Yes,No,No,No,No
CUST-03811,Patricia Smith,Male,1,69,Yes,Yes,51,Two year,37.89,1951.22,Bank transfer,No,Yes,No internet service,No internet service,No internet service,No internet service,No internet service,No internet service,No,No
CUST-03812,Karen Garcia,Female,0,36,No,No,17,One year,26.84,503.5,Bank transfer,No,Yes,No internet service,No internet service,No internet service,No internet service,No internet service,No internet service,No,No
CUST-03813,Richard Perez,Male,0,60,Yes,No,7,Month-to-month,87.65,626.38,Bank transfer,DSL,Yes,Yes,No,No,Yes,No,Yes,No,No
CUST-03814,Mark White,Male,0,63,Yes,No,4,Month-to-month,76.33,317.18,Bank transfer,Fiber optic,Yes,No,No,No,No,No,No,No,No
CUST-03815,William Harris,Female,0,21,Yes,Yes,6,Month-to-month,88.58,483.79,Credit card,Fiber optic,Yes,No,No,Yes,No,No,No,No,No
CUST-03816,Donald Brown,Male,0,42,Yes,No,8,Month-to-month,96.05,753.56,Credit card,Fiber optic,Yes,No,No,Yes,Yes,No,Yes,No,Yes
CUST-03817,Sandra Moore,Female,0,55,Yes,No,63,Two year,81.75,5124.36,Credit card,Fiber optic,Yes,Yes,No,No,No,No,No,Yes,Yes
CUST-03818,Michael Ramirez,Female,0,47,Yes,No,65,Two year,31.17,2043.15,Electronic check,No,Yes,No internet service,No internet service,No internet service,No internet service,No internet service,No internet service,Yes,No
CUST-03819,Charles Rodriguez,Male,0,47,No,Yes,59,Two year,87.79,5176.64,Electronic check,Fiber optic,Yes,No,Yes,No,Yes,No,No,No,No
CUST-03820,Daniel Ramirez,Male,0,60,Yes,No,10,Month-to-month,106.44,1033.94,Mailed check,Fiber optic,Yes,Yes,Yes,Yes,No,Yes,No,No,No
CUST-03821,Mary Sanchez,Male,1,71,No,No,7,Month-to-month,35.36,282.05,Electronic check,No,Yes,No internet service,No internet service,No internet service,No internet service,No internet service,No internet service,Yes,Yes
CUST-03822,Betty Thompson,Female,1,81,Yes,No,7,Month-to-month,62.34,417.33,Electronic check,DSL,Yes,No,No,No,No,Yes,No,Yes,No
CUST-03823,Donna Martin,Female,0,52,Yes,Yes,69,Two year,99.94,6941.99,Credit card,Fiber optic,Yes,Yes,No,No,Yes,Yes,No,Yes,No
CUST-03824,Sarah Sanchez,Female,1,69,No,No,41,One year,88.42,3644.83,Bank transfer,Fiber optic,Yes,No,Yes,No,No,No,No,No,No
CUST-03825,Christopher Jones,Male,1,84,No,No,1,Month-to-month,32.63,72.69,Electronic check,No,Yes,No internet service,No internet service,No internet service,No internet service,No internet service,No internet service,Yes,No
CUST-03826,Mark Moore,Female,0,18,No,Yes,2,Month-to-month,63.8,113.81,Bank transfer,DSL,No,Yes,No,No,Yes,No,No,No,No
CUST-03827,Barbara Lopez,Female,0,21,No,Yes,6,Month-to-month,87.13,529.28,Electronic check,DSL,Yes,Yes,No,No,Yes,Yes,No,Yes,No
CUST-03828,Sarah Jackson,Male,0,42,No,No,1,Month-to-month,95.87,95.87,Electronic check,Fiber optic,Yes,No,No,No,Yes,Yes,No,Yes,Yes
CUST-03829,Linda Allen,Female,0,18,No,Yes,68,Two year,95.07,6419.99,Credit card,Fiber optic,Yes,Yes,No,Yes,No,No,No,No,No
CUST-03830,Joseph Young,Female,0,28,Yes,No,4,Month-to-month,112.26,444.82,Electronic check,Fiber optic,Yes,Yes,Yes,No,Yes,Yes,No,No,No
CUST-03831,Richard Lewis,Female,1,71,Yes,No,40,One year,92.05,3713.87,Electronic check,Fiber optic,Yes,No,Yes,No,No,Yes,No,Yes,No
CUST-03832,Sandra Thompson,Male,0,51,Yes,No,16,One year,83.52,1337.41,Bank transfer,Fiber optic,Yes,Yes,No,No,No,No,No,Yes,No
CUST-03833,Patricia White,Male,0,46,Yes,Yes,9,Month-to-month,27.77,289.02,Credit card,No,No,No internet service,No internet service,No internet service,No internet service,No internet service,No internet service,Yes,Yes
CUST-03834,Richard Garcia,Female,0,28,Yes,Yes,21,Two year,59.14,1199.3,Mailed check,DSL,Yes,No,No,No,No,No,No,No,No
CUST-03835,Elizabeth Lee,Male,0,25,Yes,No,9,Month-to-month,92.57,846.15,Mailed check,Fiber optic,Yes,No,Yes,No,Yes,No,No,No,Yes
CUST-03836,Joshua White,Male,0,53,Yes,Yes,29,One year,30.14,912.39,Electronic check,No,Yes,No internet service,No internet service,No internet service,No internet service,No internet service,No internet service,Yes,No
CUST-03837,Daniel Hernandez,Female,0,33,Yes,No,70,Two year,73.86,5164.48,Electronic check,DSL,Yes,Yes,Yes,Yes,No,No,No,Yes,No
CUST-03838,Barbara Scott,Female,0,21,No,Yes,11,Month-to-month,89.5,948.95,Mailed check,Fiber optic,Yes,No,No,No,Yes,No,Yes,No,No
CUST-03839,Jessica Thompson,Male,0,55,Yes,No,3,Month-to-month,105.57,293.23,Electronic check,Fiber optic,Yes,Yes,Yes,No,No,No,Yes,No,Yes
CUST-03840,Andrew Taylor,Male,1,80,Yes,Yes,4,Month-to-month,84.93,381.36,Bank transfer,Fiber optic,No,No,No,No,Yes,Yes,No,No,Yes
CUST-03841,Linda White,Female,1,71,Yes,Yes,12,Two year,74.62,909.99,Bank transfer,Fiber optic,Yes,No,No,No,No,No,No,No,Yes
CUST-03842,Mark Walker,Female,1,79,No,No,11,Month-to-month,96.64,1013.09,Electronic check,DSL,Yes,Yes,Yes,Yes,Yes,Yes,No,No,No
CUST-03843,Lisa Martinez,Male,0,53,No,No,11,Month-to-month,101.71,1161.26,Credit card,Fiber optic,Yes,Yes,No,No,No,Yes,Yes,Yes,No
CUST-03844,Joshua Flores,Male,0,48,Yes,Yes,2,Month-to-month,79.22,180.23,Credit card,Fiber optic,No,No,Yes,No,No,No,Yes,No,No
CUST-03845,Charles Harris,Female,1,70,No,Yes,56,Two year,70.15,3884.77,Credit card,DSL,Yes,No,Yes,Yes,No,No,No,No,No
CUST-03846,William Miller,Female,1,81,No,No,6,One year,107.7,622.12,Bank transfer,Fiber optic,Yes,No,Yes,Yes,Yes,Yes,No,Yes,Yes
CUST-03847,Michael Sanchez,Male,0,51,Yes,No,2,Month-to-month,84.61,132.78,Credit card,DSL,Yes,Yes,No,No,No,Yes,Yes,Yes,No
CUST-03848,Jessica Williams,Male,0,63,Yes,Yes,25,One year,86.57,2172.71,Mailed check,Fiber optic,Yes,Yes,No,No,No,No,Yes,No,Yes
CUST-03849,Robert Lopez,Female,1,81,Yes,No,9,Month-to-month,90.21,827.85,Credit card,DSL,Yes,Yes,No,Yes,No,No,Yes,No,No
CUST-03850,Charles Torres,Male,0,64,No,No,13,One year,62.13,768.3,Electronic check,DSL,Yes,No,Yes,Yes,No,No,No,No,Yes
CUST-03851,Paul Smith,Female,0,49,No,No,6,Month-to-month,113.76,694.09,Credit card,Fiber optic,Yes,No,Yes,No,Yes,Yes,Yes,Yes,Yes
CUST-03852,David Moore,Male,0,44,No,No,39,One year,91.54,3557.85,Credit card,Fiber optic,Yes,No,Yes,Yes,No,No,No,No,No
CUST-03853,Lisa Lopez,Male,0,28,No,Yes,9,Month-to-month,97.76,836.91,Mailed check,DSL,Yes,Yes,Yes,Yes,No,No,Yes,No,No
CUST-03854,Michelle Walker,Female,0,44,Yes,Yes,10,Month-to-month,36.68,390.04,Electronic check,No,Yes,No internet service,No internet service,No internet service,No internet service,No internet service,No internet service,No,No
CUST-03855,Barbara Johnson,Female,0,51,No,No,2,Month-to-month,78.87,146.46,Bank transfer,DSL,Yes,No,Yes,No,Yes,No,Yes,Yes,Yes
CUST-03856,Joseph Clark,Female,0,44,Yes,No,54,Two year,89.1,4838.31,Credit card,DSL,No,Yes,No,Yes,Yes,Yes,Yes,Yes,No
CUST-03857,Susan Rodriguez,Female,1,82,No,No,8,Month-to-month,35.78,280.64,Electronic check,No,Yes,No internet service,No internet service,No internet service,No internet service,No internet service,No internet service,No,Yes
CUST-03858,Anthony Torres,Female,0,18,No,No,21,Two year,29.1,600.62,Bank transfer,No,Yes,No internet service,No internet service,No internet service,No internet service,No internet service,No internet service,Yes,No
CUST-03859,Patricia Martinez,Male,1,68,No,No,5,Month-to-month,71.61,387.94,Credit card,DSL,No,No,Yes,Yes,No,No,Yes,Yes,No
CUST-03860,Donna Flores,Male,0,41,Yes,No,64,Two year,87.46,5551.2,Bank transfer,DSL,Yes,No,Yes,No,Yes,Yes,No,No,No
CUST-03861,Daniel Sanchez,Male,0,23,Yes,No,28,One year,78.33,2189.15,Electronic check,Fiber optic,Yes,Yes,No,No,No,No,No,No,Yes
CUST-03862,Margaret Hernandez,Female,0,27,No,Yes,1,Month-to-month,94.9,94.9,Credit card,Fiber optic,Yes,Yes,No,Yes,No,No,No,Yes,Yes
CUST-03863,Betty Hill,Female,0,21,No,No,7,One year,97.85,693.66,Mailed check,Fiber optic,Yes,No,Yes,No,No,Yes,No,Yes,Yes
CUST-03864,Christopher Thomas,Male,0,45,Yes,No,11,Month-to-month,98.43,1124.31,Mailed check,DSL,Yes,No,Yes,Yes,Yes,No,Yes,Yes,No
CUST-03865,Joshua Harris,Male,0,44,Yes,Yes,9,Month-to-month,97.67,905.65,Electronic check,Fiber optic,Yes,No,Yes,Yes,Yes,No,No,Yes,No
CUST-03866,Patricia Wright,Male,0,41,No,No,3,Month-to-month,86.38,267.99,Bank transfer,DSL,Yes,No,No,Yes,No,Yes,Yes,Yes,Yes
CUST-03867,Jennifer Garcia,Female,0,61,No,No,55,Two year,72.9,3989.86,Mailed check,Fiber optic,Yes,No,No,No,No,No,No,Yes,No
CUST-03868,Jessica Thomas,Male,0,24,No,Yes,12,One year,82.68,999.97,Bank transfer,Fiber optic,Yes,Yes,Yes,No,No,No,No,Yes,No
CUST-03869,Patricia Johnson,Male,0,38,Yes,No,13,One year,70.82,943.28,Credit card,DSL,Yes,Yes,No,No,No,No,No,Yes,No
CUST-03870,Margaret Perez,Female,0,43,Yes,No,50,Two year,69.36,3444.41,Mailed check,DSL,Yes,No,No,No,No,No,Yes,No,No
CUST-03871,Michelle Allen,Female,0,25,Yes,No,14,One year,37.25,527.02,Bank transfer,No,Yes,No internet service,No internet service,No internet service,No internet service,No internet service,No internet service,No,No
CUST-03872,Andrew Hernandez,Female,0,44,Yes,No,5,Month-to-month,28.18,125.43,Credit card,No,Yes,No internet service,No internet service,No internet service,No internet service,No internet service,No internet service,No,Yes
CUST-03873,Lisa Gonzalez,Male,0,25,No,No,1,Month-to-month,85.12,123.92,Electronic check,DSL,Yes,Yes,No,No,No,No,Yes,Yes,No
CUST-03874,Sandra Lopez,Female,0,34,No,No,1,Month-to-month,83.08,83.08,Bank transfer,Fiber optic,Yes,No,No,Yes,No,No,No,Yes,Yes
CUST-03875,Matthew Gonzalez,Female,0,20,Yes,No,34,Two year,90.4,3049.69,Electronic check,Fiber optic,Yes,No,Yes,No,Yes,No,No,Yes,No
CUST-03876,Donald Lopez,Female,0,43,Yes,No,34,Two year,88.73,2968.24,Bank transfer,Fiber optic,Yes,Yes,No,No,No,Yes,No,No,Yes
CUST-03877,Joshua Allen,Female,0,61,Yes,No,5,Month-to-month,76.67,357.94,Bank transfer,Fiber optic,Yes,No,No,No,Yes,No,No,Yes,Yes
CUST-03878,Christopher Miller,Male,0,26,Yes,No,6,Month-to-month,121.48,700.19,Bank transfer,Fiber optic,Yes,Yes,Yes,Yes,No,Yes,Yes,No,No
CUST-03879,Richard Brown,Male,0,56,No,Yes,38,One year,101.58,3903.47,Credit card,Fiber optic,Yes,No,Yes,No,Yes,Yes,No,Yes,Yes
CUST-03880,Michael Brown,Male,0,22,No,Yes,1,Month-to-month,60.46,97.14,Credit card,DSL,Yes,No,No,Yes,No,No,No,No,No
CUST-03881,Karen Davis,Female,0,60,No,No,8,Month-to-month,91.91,766.41,Electronic check,Fiber optic,Yes,No,No,No,No,No,Yes,No,No
CUST-03882,Michael Martin,Male,0,18,Yes,No,11,One year,64.57,750.68,Electronic check,DSL,Yes,No,Yes,No,No,No,No,Yes,No
CUST-03883,Michelle Clark,Female,1,69,No,No,15,One year,91.07,1325.12,Bank transfer,DSL,Yes,Yes,Yes,No,No,Yes,No,Yes,No
CUST-03884,Steven Williams,Male,0,38,Yes,No,11,One year,26.13,279.19,Electronic check,No,Yes,No internet service,No internet service,No internet service,No internet service,No internet service,No internet service,Yes,No
CUST-03885,Michelle Harris,Female,0,27,No,Yes,1,Month-to-month,89.5,89.5,Credit card,DSL,Yes,No,Yes,Yes,Yes,No,Yes,No,Yes
CUST-03886,Margaret Thompson,Male,0,63,No,No,24,One year,91.58,2154.74,Electronic check,Fiber optic,Yes,No,Yes,No,Yes,No,No,No,No
CUST-03887,Ashley Johnson,Female,0,48,Yes,No,37,One year,88.82,3328.24,Electronic check,DSL,Yes,Yes,Yes,No,No,Yes,No,Yes,No
CUST-03888,Andrew Jackson,Male,0,50,No,No,35,One year,88.42,3110.38,Mailed check,Fiber optic,Yes,No,Yes,No,Yes,No,No,Yes,Yes
CUST-03889,Margaret Nguyen,Male,0,42,Yes,No,34,One year,105.45,3614.86,Credit card,Fiber optic,Yes,No,Yes,No,No,Yes,Yes,Yes,Yes
CUST-03890,Christopher Martinez,Female,0,50,No,No,11,One year,27.2,286.33,Bank transfer,No,Yes,No internet service,No internet service,No internet service,No internet service,No internet service,No internet service,Yes,No
CUST-03891,Matthew Brown,Male,0,59,Yes,No,9,Month-to-month,32.12,247.3,Bank transfer,No,Yes,No internet service,No internet service,No internet service,No internet service,No internet service,No internet service,No,Yes
CUST-03892,Donna Davis,Female,0,36,No,No,14,One year,71.46,1022.3,Electronic check,DSL,Yes,Yes,Yes,No,No,No,No,No,No
CUST-03893,Robert Garcia,Male,0,52,No,No,44,Two year,101.02,4491.63,Bank transfer,Fiber optic,Yes,No,Yes,No,Yes,No,Yes,Yes,No
CUST-03894,Thomas Gonzalez,Female,0,58,Yes,No,9,Month-to-month,81.86,757.46,Bank transfer,Fiber optic,Yes,No,No,No,No,No,No,Yes,No
CUST-03895,Mark Harris,Female,0,31,No,No,11,Month-to-month,90.63,1032.39,Bank transfer,Fiber optic,Yes,Yes,No,No,No,Yes,No,Yes,No
CUST-03896,Lisa Hernandez,Female,0,60,Yes,Yes,71,Two year,28.89,2046.73,Mailed check,No,Yes,No internet service,No internet service,No internet service,No internet service,No internet service,No internet service,Yes,No
CUST-03897,Anthony Thompson,Female,0,19,Yes,Yes,10,Month-to-month,26.82,241.76,Bank transfer,No,Yes,No internet service,No internet service,No internet service,No internet service,No internet service,No internet service,Yes,No
CUST-03898,Thomas Brown,Male,0,20,Yes,No,6,Month-to-month,81.15,493.68,Credit card,Fiber optic,No,Yes,Yes,No,No,No,No,No,No
CUST-03899,Patricia Clark,Male,0,51,Yes,No,10,One year,104.55,1089.6,Credit card,Fiber optic,Yes,No,No,No,Yes,Yes,Yes,Yes,No
CUST-03900,William Lewis,Male,0,54,No,No,3,Month-to-month,62.76,155.37,Electronic check,DSL,Yes,No,No,No,No,Yes,No,Yes,No
CUST-03901,Richard Moore,Male,0,37,Yes,Yes,2,Month-to-month,96.97,228.95,Electronic check,DSL,Yes,Yes,Yes,Yes,Yes,Yes,No,No,No
CUST-03902,Thomas Anderson,Female,1,83,Yes,No,26,One year,94.15,2430.15,Mailed check,Fiber optic,Yes,No,Yes,No,Yes,No,No,No,No
CUST-03903,Michelle White,Male,0,60,Yes,No,10,Month-to-month,33.1,350.85,Mailed check,No,Yes,No internet service,No internet service,No internet service,No internet service,No internet service,No internet service,Yes,No
CUST-03904,John Hill,Female,0,61,No,No,4,Month-to-month,80.78,323.64,Credit card,Fiber optic,Yes,No,No,No,No,No,No,No,Yes
CUST-03905,Michelle Jones,Female,0,45,Yes,Yes,32,One year,34.21,1124.52,Electronic check,No,Yes,No internet service,No internet service,No internet service,No internet service,No internet service,No internet service,Yes,No
CUST-03906,Michelle Torres,Male,0,34,No,Yes,39,Two year,94.17,3687.87,Bank transfer,Fiber optic,Yes,No,Yes,Yes,No,No,No,No,No
CUST-03907,Joshua Jones,Male,0,25,No,No,11,Month-to-month,32.79,316.09,Mailed check,No,Yes,No internet service,No internet service,No internet service,No internet service,No internet service,No internet service,Yes,No
CUST-03908,Thomas Brown,Female,1,67,Yes,No,2,Month-to-month,105.29,250.13,Bank transfer,Fiber optic,Yes,No,No,Yes,No,Yes,No,Yes,No
CUST-03909,Susan Garcia,Female,1,66,No,No,10,Month-to-month,95.38,970.87,Credit card,Fiber optic,Yes,Yes,No,Yes,No,No,No,No,No
CUST-03910,William Lee,Male,0,47,No,Yes,2,Month-to-month,25.82,41.5,Electronic check,No,Yes,No internet service,No internet service,No internet service,No internet service,No internet service,No internet service,No,Yes
CUST-03911,Ashley Ramirez,Male,0,34,Yes,Yes,8,Month-to-month,100.92,819.81,Electronic check,Fiber optic,Yes,Yes,No,No,Yes,Yes,Yes,Yes,Yes
CUST-03912,Karen Lopez,Male,0,27,No,No,8,Month-to-month,88.24,721.68,Electronic check,DSL,Yes,Yes,No,Yes,No,Yes,Yes,Yes,No
CUST-03913,Michael Taylor,Male,0,55,Yes,Yes,35,One year,103.09,3636.01,Bank transfer,Fiber optic,Yes,Yes,Yes,Yes,Yes,No,No,Yes,No
CUST-03914,Jennifer Lopez,Male,0,59,Yes,No,2,Month-to-month,119.76,205.14,Electronic check,Fiber optic,No,Yes,Yes,Yes,Yes,Yes,No,No,Yes
CUST-03915,Anthony Thompson,Female,0,61,Yes,No,5,Month-to-month,29.64,176.56,Electronic check,No,Yes,No internet service,No internet service,No internet service,No internet service,No internet service,No internet service,No,Yes
CUST-03916,Mary Allen,Male,0,29,No,No,8,Month-to-month,33.89,268.82,Electronic check,No,Yes,No internet service,No internet service,No internet service,No internet service,No internet service,No internet service,Yes,No
CUST-03917,Joshua Smith,Female,0,35,No,No,1,Month-to-month,73.21,73.21,Bank transfer,DSL,Yes,No,No,Yes,Yes,No,No,No,No
CUST-03918,Michelle Wright,Female,0,40,No,No,6,Month-to-month,90.8,507.74,Bank transfer,Fiber optic,Yes,No,Yes,No,Yes,No,No,Yes,No
CUST-03919,Jennifer Williams,Male,1,79,Yes,No,10,Month-to-month,78.84,793.2,Mailed check,Fiber optic,Yes,Yes,No,No,No,No,No,No,No
CUST-03920,David Miller,Female,0,43,Yes,No,31,Two year,36.54,1092.32,Electronic check,No,Yes,No internet service,No internet service,No internet service,No internet service,No internet service,No internet service,Yes,No
CUST-03921,Thomas Lee,Male,0,41,No,Yes,1,Month-to-month,106.49,108.51,Mailed check,Fiber optic,Yes,Yes,No,Yes,No,No,Yes,Yes,Yes
CUST-03922,Joseph Gonzalez,Female,0,48,No,No,3,Month-to-month,90.26,238.52,Credit card,DSL,Yes,No,No,Yes,Yes,No,Yes,No,Yes
CUST-03923,Donald Scott,Male,0,31,No,No,1,Month-to-month,28.98,28.98,Electronic check,No,Yes,No internet service,No internet service,No internet service,No internet service,No internet service,No internet service,Yes,Yes
CUST-03924,Michael White,Male,0,54,No,No,8,Month-to-month,117.42,982.28,Electronic check,Fiber optic,Yes,No,Yes,No,Yes,Yes,Yes,No,Yes
CUST-03925,Margaret Jackson,Female,0,19,No,No,23,Two year,74.09,1734.69,Bank transfer,DSL,Yes,No,No,No,Yes,Yes,No,Yes,No
CUST-03926,Mark Jones,Male,0,50,No,Yes,2,Month-to-month,82.01,158.95,Mailed check,DSL,Yes,No,Yes,No,Yes,Yes,No,Yes,Yes
CUST-03927,John Martin,Female,0,57,No,No,38,One year,94.18,3589.74,Mailed check,Fiber optic,Yes,Yes,No,Yes,Yes,No,No,No,Yes
CUST-03928,Joshua Harris,Male,0,34,No,No,10,One year,89.58,860.39,Credit card,Fiber optic,Yes,No,No,Yes,No,Yes,No,Yes,No
CUST-03929,Steven King,Female,0,37,Yes,Yes,14,Two year,105.21,1453.45,Mailed check,Fiber optic,Yes,Yes,No,Yes,No,Yes,No,Yes,No
CUST-03930,Sarah Thomas,Male,0,26,Yes,Yes,1,Month-to-month,96.34,96.34,Credit card,Fiber optic,Yes,No,Yes,No,Yes,No,No,Yes,Yes
CUST-03931,Robert Miller,Female,0,31,No,Yes,22,One year,72.07,1604.33,Mailed check,DSL,Yes,No,No,Yes,Yes,No,No,Yes,No
CUST-03932,Barbara Brown,Male,0,37,Yes,No,44,One year,106.08,4644.05,Bank transfer,Fiber optic,Yes,Yes,Yes,No,No,No,Yes,Yes,Yes
CUST-03933,Charles Scott,Female,0,23,No,No,3,Month-to-month,82.91,263.99,Mailed check,Fiber optic,Yes,No,No,No,No,Yes,No,Yes,Yes
CUST-03934,Kimberly Wright,Female,0,28,Yes,Yes,3,Month-to-month,73.38,233.07,Credit card,DSL,Yes,No,Yes,No,No,No,Yes,Yes,Yes
CUST-03935,Anthony Ramirez,Female,0,25,No,No,47,One year,113.24,5286.84,Electronic check,Fiber optic,Yes,No,Yes,No,Yes,Yes,Yes,Yes,No
CUST-03936,David Thomas,Female,0,33,No,Yes,17,Two year,63.93,1099.05,Credit card,DSL,No,No,Yes,Yes,No,No,No,Yes,No
CUST-03937,Paul Hill,Female,0,49,Yes,No,11,Month-to-month,61.14,682.55,Credit card,DSL,No,No,Yes,No,No,No,No,No,No
CUST-03938,Michelle Williams,Female,0,46,No,Yes,13,Two year,99.68,1300.57,Bank transfer,Fiber optic,Yes,Yes,No,No,No,Yes,Yes,Yes,No
CUST-03939,Betty Martin,Female,0,41,Yes,No,9,Month-to-month,26.59,251.02,Mailed check,No,Yes,No internet service,No internet service,No internet service,No internet service,No internet service,No internet service,No,No
CUST-03940,Richard White,Female,0,58,Yes,No,13,One year,84.66,1090.22,Bank transfer,DSL,Yes,No,Yes,No,Yes,No,No,No,No
CUST-03941,Betty Thompson,Female,0,44,No,Yes,11,Month-to-month,107.01,1147.94,Mailed check,DSL,Yes,Yes,Yes,Yes,Yes,No,Yes,Yes,Yes
CUST-03942,James Rodriguez,Female,0,24,Yes,Yes,11,Month-to-month,35.3,380.48,Credit card,No,Yes,No internet service,No internet service,No internet service,No internet service,No internet service,No internet service,No,No
CUST-03943,Patricia Scott,Female,0,54,Yes,No,32,One year,27.01,897.69,Bank transfer,No,Yes,No internet service,No internet service,No internet service,No internet service,No internet service,No internet service,Yes,No
CUST-03944,Mark Perez,Male,0,63,No,No,25,One year,82.24,2014.59,Electronic check,DSL,Yes,No,Yes,Yes,No,Yes,No,No,Yes
CUST-03945,Thomas Flores,Male,0,61,No,Yes,7,Month-to-month,98.42,653.99,Credit card,Fiber optic,No,No,No,Yes,Yes,Yes,Yes,Yes,No
CUST-03946,Michael Thompson,Male,0,50,Yes,No,5,Month-to-month,64.89,278.95,Credit card,DSL,Yes,No,Yes,No,No,No,No,No,Yes
CUST-03947,Nancy Clark,Female,0,57,No,No,30,One year,111.55,3356.2,Electronic check,Fiber optic,Yes,Yes,No,Yes,No,Yes,Yes,Yes,No
CUST-03948,Susan Smith,Female,1,70,No,Yes,2,Month-to-month,27.54,36.09,Mailed check,No,Yes,No internet service,No internet service,No internet service,No internet service,No internet service,No internet service,No,Yes
CUST-03949,William Davis,Male,0,37,No,No,20,One year,34.76,725.03,Electronic check,No,Yes,No internet service,No internet service,No internet service,No internet service,No internet service,No internet service,Yes,No
CUST-03950,Donna Hill,Female,0,37,Yes,No,15,Two year,95.31,1429.97,Mailed check,Fiber optic,Yes,Yes,Yes,No,No,Yes,No,Yes,Yes
CUST-03951,Michelle Ramirez,Female,0,59,No,No,41,Two year,28.63,1137.16,Mailed check,No,Yes,No internet service,No internet service,No internet service,No internet service,No internet service,No internet service,Yes,No
CUST-03952,Michelle King,Male,0,41,No,No,11,Month-to-month,25.67,324.1,Mailed check,No,Yes,No internet service,No internet service,No internet service,No internet service,No internet service,No internet service,Yes,Yes
CUST-03953,Robert Taylor,Male,0,23,Yes,Yes,9,Month-to-month,82.07,760.14,Bank transfer,DSL,Yes,Yes,No,Yes,No,No,Yes,Yes,Yes
CUST-03954,Anthony Robinson,Female,0,51,No,No,29,One year,25.33,781.3,Bank transfer,No,Yes,No internet service,No internet service,No internet service,No internet service,No internet service,No internet service,Yes,No
CUST-03955,Donald Brown,Male,0,58,No,No,10,Month-to-month,89.48,860.71,Bank transfer,Fiber optic,Yes,Yes,No,No,No,No,No,Yes,Yes
CUST-03956,Steven Miller,Male,0,21,No,No,10,Month-to-month,67.81,665.57,Mailed check,DSL,No,Yes,Yes,No,Yes,No,No,Yes,Yes
CUST-03957,Matthew King,Female,1,72,Yes,Yes,11,One year,82.21,899.3,Credit card,DSL,Yes,Yes,Yes,No,No,No,Yes,Yes,Yes
CUST-03958,David Hernandez,Male,0,41,No,Yes,27,Two year,90.32,2467.55,Credit card,DSL,Yes,Yes,Yes,No,No,No,Yes,No,No
CUST-03959,Joshua Ramirez,Female,1,65,Yes,No,5,Month-to-month,86.45,389.88,Credit card,Fiber optic,Yes,Yes,No,No,Yes,No,No,Yes,No
CUST-03960,Joseph Nguyen,Female,1,83,Yes,Yes,5,Month-to-month,122.01,642.03,Bank transfer,Fiber optic,Yes,Yes,Yes,No,Yes,Yes,Yes,Yes,Yes
CUST-03961,Sandra Martinez,Female,0,43,Yes,Yes,62,Two year,66.98,4164.47,Bank transfer,DSL,Yes,Yes,Yes,No,No,No,No,No,No
CUST-03962,Linda White,Male,1,66,No,No,4,Month-to-month,111.61,427.28,Mailed check,Fiber optic,Yes,Yes,Yes,Yes,Yes,Yes,No,No,Yes
CUST-03963,Joshua Hernandez,Male,0,37,Yes,Yes,34,One year,120.37,4058.12,Credit card,Fiber optic,Yes,Yes,No,Yes,No,Yes,Yes,Yes,No
CUST-03964,Lisa Sanchez,Female,0,26,Yes,No,3,Month-to-month,38.1,133.24,Mailed check,No,Yes,No internet service,No internet service,No internet service,No internet service,No internet service,No internet service,No,No
CUST-03965,Christopher Robinson,Male,1,72,No,No,7,Month-to-month,83.6,539.17,Credit card,Fiber optic,No,No,Yes,No,No,Yes,No,No,No
CUST-03966,Mary Torres,Female,0,48,No,No,66,Two year,32.63,2174.52,Credit card,No,Yes,No internet service,No internet service,No internet service,No internet service,No internet service,No internet service,Yes,No
CUST-03967,Steven Smith,Female,0,38,No,No,53,Two year,99.95,5261.28,Credit card,DSL,Yes,Yes,Yes,No,Yes,No,Yes,Yes,Yes
CUST-03968,Sarah Perez,Male,0,31,No,No,19,One year,32.82,623.1,Electronic check,No,Yes,No internet service,No internet service,No internet service,No internet service,No internet service,No internet service,No,No
CUST-03969,Steven Johnson,Female,0,37,No,No,6,One year,28.73,169.48,Credit card,No,Yes,No internet service,No internet service,No internet service,No internet service,No internet service,No internet service,No,No
CUST-03970,Nancy Harris,Male,1,77,Yes,Yes,3,Month-to-month,104.25,329.17,Credit card,Fiber optic,Yes,No,Yes,No,Yes,No,No,Yes,Yes
CUST-03971,Charles Moore,Male,1,65,Yes,No,2,Month-to-month,81.73,135.37,Credit card,Fiber optic,Yes,Yes,Yes,No,No,No,No,No,No
CUST-03972,Thomas Davis,Male,0,30,Yes,No,11,Month-to-month,81.36,866.4,Electronic check,Fiber optic,Yes,No,No,No,No,No,Yes,Yes,No
CUST-03973,Jennifer Hernandez,Female,1,75,Yes,Yes,56,Two year,108.55,6050.26,Electronic check,Fiber optic,Yes,Yes,No,No,Yes,No,Yes,No,No
CUST-03974,Sandra Lewis,Female,0,62,Yes,Yes,9,Month-to-month,69.52,669.39,Electronic check,DSL,Yes,Yes,No,No,Yes,No,No,Yes,Yes
CUST-03975,Margaret Scott,Female,0,50,Yes,No,3,Month-to-month,72.77,242.54,Bank transfer,DSL,Yes,Yes,Yes,No,No,No,No,No,No
CUST-03976,Andrew Lewis,Male,0,26,Yes,No,6,One year,70.24,411.99,Credit card,DSL,Yes,Yes,No,Yes,No,No,No,Yes,Yes
CUST-03977,Sandra Flores,Female,0,51,Yes,No,37,One year,104.15,3878.14,Mailed check,Fiber optic,Yes,No,Yes,Yes,No,Yes,Yes,Yes,No
CUST-03978,Daniel Moore,Female,1,77,No,No,10,Month-to-month,61.88,584.24,Credit card,DSL,Yes,No,No,No,Yes,No,No,Yes,Yes
CUST-03979,Joseph Rodriguez,Male,0,53,No,Yes,11,One year,96.56,1024.48,Bank transfer,Fiber optic,Yes,Yes,Yes,No,No,No,No,Yes,No
CUST-03980,Thomas Clark,Female,0,40,No,Yes,50,Two year,59.16,2925.56,Mailed check,DSL,Yes,Yes,No,No,No,No,No,Yes,No
CUST-03981,William Martinez,Male,0,35,No,No,10,Month-to-month,109.04,1098.58,Credit card,Fiber optic,Yes,Yes,No,No,Yes,Yes,No,Yes,Yes
CUST-03982,Andrew Garcia,Female,0,51,No,Yes,63,Two year,105.75,6673.99,Credit card,Fiber optic,Yes,Yes,No,Yes,Yes,No,No,Yes,No
CUST-03983,William Harris,Male,0,43,Yes,No,55,Two year,37.68,2111.8,Credit card,No,Yes,No internet service,No internet service,No internet service,No internet service,No internet service,No internet service,No,No
CUST-03984,Donna Davis,Male,1,74,Yes,No,47,Two year,91.71,4338.19,Electronic check,DSL,Yes,Yes,Yes,Yes,Yes,No,No,Yes,No
CUST-03985,Barbara White,Male,0,40,No,No,42,One year,32.58,1340.51,Credit card,No,Yes,No internet service,No internet service,No internet service,No internet service,No internet service,No internet service,Yes,No
CUST-03986,Betty Williams,Female,0,24,Yes,No,6,Month-to-month,30.09,187.15,Electronic check,No,Yes,No internet service,No internet service,No internet service,No internet service,No internet service,No internet service,Yes,Yes
CUST-03987,Susan Smith,Female,0,60,No,No,9,Month-to-month,109.25,955.37,Mailed check,Fiber optic,Yes,Yes,No,Yes,No,Yes,No,Yes,No
CUST-03988,Matthew White,Male,0,25,No,No,2,Month-to-month,69.01,96.29,Electronic check,DSL,Yes,No,No,No,No,Yes,Yes,No,Yes
CUST-03989,Lisa Martinez,Male,0,19,No,Yes,51,Two year,31.98,1623.89,Credit card,No,Yes,No internet service,No internet service,No internet service,No internet service,No internet service,No internet service,No,No
CUST-03990,Linda Rodriguez,Male,0,23,No,No,10,Month-to-month,77.8,742.65,Electronic check,DSL,Yes,No,No,No,No,Yes,Yes,Yes,No
CUST-03991,Matthew Hill,Male,0,58,Yes,No,42,One year,102.97,4321.08,Bank transfer,Fiber optic,Yes,Yes,No,Yes,No,Yes,No,No,No
CUST-03992,Barbara King,Female,0,53,Yes,No,24,Two year,87.41,2132.91,Mailed check,DSL,Yes,No,Yes,No,No,Yes,Yes,Yes,No
CUST-03993,Michelle Perez,Male,0,63,Yes,No,9,Month-to-month,28.21,294.63,Mailed check,No,Yes,No internet service,No internet service,No internet service,No internet service,No internet service,No internet service,Yes,Yes
CUST-03994,Anthony Lee,Female,0,64,No,No,22,Two year,69.49,1565.26,Electronic check,DSL,Yes,No,No,No,No,Yes,No,Yes,No
CUST-03995,Elizabeth White,Female,0,46,Yes,No,51,Two year,33.76,1713.83,Mailed check,No,Yes,No internet service,No internet service,No internet service,No internet service,No internet service,No internet service,Yes,No
CUST-03996,Paul Scott,Male,0,38,No,No,58,Two year,77.91,4550.31,Electronic check,Fiber optic,No,No,Yes,No,No,No,No,No,No
CUST-03997,Richard Robinson,Female,0,47,No,No,3,Month-to-month,36.24,123.8,Electronic check,No,Yes,No internet service,No internet service,No internet service,No internet service,No internet service,No internet service,Yes,No
CUST-03998,Donald Harris,Female,0,40,No,No,6,Month-to-month,77.85,460.91,Electronic check,DSL,Yes,Yes,No,No,Yes,No,No,Yes,Yes
CUST-03999,Donald Taylor,Female,0,48,No,No,42,One year,38.72,1672.92,Electronic check,No,Yes,No internet service,No internet service,No internet service,No internet service,No internet service,No internet service,No,No
CUST-04000,Kimberly Smith,Female,0,63,Yes,No,28,Two year,82.33,2333.41,Mailed check,DSL,Yes,Yes,No,Yes,No,Yes,Yes,Yes,Yes
CUST-00001,Patricia Walker,Female,0,38,Yes,Yes,53,Two year,66.43,3553.55,Bank transfer,DSL,Yes,No,Yes,No,Yes,No,No,No,No
CUST-00002,Sarah Miller,Female,0,21,No,No,57,Two year,66.56,3791.49,Electronic check,DSL,Yes,Yes,No,No,No,No,Yes,Yes,No
CUST-00003,Daniel Clark,Female,0,38,No,No,54,Two year,27.1,1433.39,Electronic check,No,Yes,No internet service,No internet service,No internet service,No internet service,No internet service,No internet service,Yes,Yes
CUST-00004,Margaret Young,Female,0,40,No,No,6,Month-to-month,82.47,447.9,Bank transfer,Fiber optic,Yes,No,Yes,No,No,No,No,Yes,Yes
CUST-00005,Michelle Rodriguez,Male,0,37,Yes,Yes,3,Month-to-month,85.47,252.6,Mailed check,Fiber optic,Yes,Yes,No,No,No,No,No,Yes,Yes
CUST-00006,James Torres,Female,1,74,No,No,3,Month-to-month,82.99,243.91,Electronic check,DSL,Yes,Yes,No,Yes,No,No,No,Yes,Yes
CUST-00007,Patricia Brown,Male,0,60,No,No,14,One year,77.53,1084.82,Bank transfer,Fiber optic,Yes,Yes,No,No,No,No,No,No,No
CUST-00008,Patricia Clark,Male,1,68,No,Yes,71,Two year,97.58,6925.53,Electronic check,Fiber optic,Yes,No,Yes,No,No,No,Yes,Yes,No
CUST-00009,Joshua Wilson,Female,0,42,Yes,No,13,Two year,100.61,1295.02,Mailed check,Fiber optic,Yes,Yes,Yes,No,Yes,No,No,No,No
CUST-00010,Robert Jackson,Female,0,27,No,Yes,44,One year,31.53,1436.56,Mailed check,No,Yes,No internet service,No internet service,No internet service,No internet service,No internet service,No internet service,Yes,No
CUST-00011,Patricia Robinson,Female,0,59,Yes,No,43,Two year,84.64,3609.16,Electronic check,DSL,Yes,No,Yes,No,Yes,No,Yes,Yes,No
CUST-00012,Kimberly Flores,Female,0,41,No,Yes,2,Month-to-month,91.15,144.68,Electronic check,Fiber optic,Yes,Yes,No,No,No,No,Yes,No,No
CUST-00013,Patricia Thomas,Female,0,32,No,No,8,Month-to-month,26.59,176.75,Electronic check,No,Yes,No internet service,No internet service,No internet service,No internet service,No internet service,No internet service,Yes,No
CUST-00014,Betty Smith,Female,0,26,No,No,7,Month-to-month,91.72,634.63,Credit card,Fiber optic,Yes,No,Yes,No,Yes,No,No,No,No
CUST-00015,Joshua Wright,Male,0,39,Yes,No,26,Two year,93.86,2407.82,Bank transfer,Fiber optic,Yes,Yes,No,Yes,No,Yes,Yes,No,Yes
CUST-00016,Michael Moore,Female,0,55,Yes,No,36,One year,28.55,1002.74,Credit card,No,Yes,No internet service,No internet service,No internet service,No internet service,No internet service,No internet service,Yes,No
CUST-00017,Donna Taylor,Male,0,20,No,Yes,43,Two year,71.47,3076.82,Bank transfer,Fiber optic,No,No,Yes,No,No,No,No,No,No
CUST-00018,Betty Hill,Female,0,54,Yes,No,1,Month-to-month,87.35,87.35,Electronic check,DSL,Yes,Yes,No,No,Yes,Yes,No,No,Yes
CUST-00019,Joshua King,Male,0,48,No,No,6,Month-to-month,81.9,521.49,Bank transfer,DSL,Yes,No,No,No,Yes,No,Yes,No,No
CUST-00020,Patricia Moore,Female,0,61,No,Yes,8,One year,81.61,614.85,Bank transfer,DSL,Yes,Yes,Yes,No,No,No,No,No,Yes
CUST-00021,Mark Brown,Male,0,48,No,No,9,Month-to-month,29.72,233.24,Credit card,No,Yes,No internet service,No internet service,No internet service,No internet service,No internet service,No internet service,Yes,Yes
CUST-00022,Joseph Brown,Female,0,52,Yes,No,45,One year,39.8,1812.78,Credit card,No,Yes,No internet service,No internet service,No internet service,No internet service,No internet service,No internet service,Yes,No
CUST-00023,Thomas Jones,Male,0,57,Yes,No,11,One year,99.94,1077.73,Bank transfer,Fiber optic,Yes,No,No,Yes,No,No,Yes,No,No
CUST-00024,Ashley Johnson,Male,0,19,No,No,8,Month-to-month,88.49,738.07,Electronic check,Fiber optic,Yes,No,Yes,No,Yes,No,No,Yes,Yes
CUST-00025,Barbara King,Male,0,20,No,No,44,One year,32.57,1457.6,Electronic check,No,Yes,No internet service,No internet service,No internet service,No internet service,No internet service,No internet service,Yes,No
CUST-00026,Robert Brown,Female,1,81,No,Yes,2,Month-to-month,34.24,34.24,Bank transfer,No,Yes,No internet service,No internet service,No internet service,No internet service,No internet service,No internet service,Yes,No
CUST-00027,Charles Lewis,Male,1,68,No,No,3,Month-to-month,39.19,97.7,Mailed check,No,Yes,No internet service,No internet service,No internet service,No internet service,No internet service,No internet service,Yes,No
CUST-00028,Jennifer Perez,Female,0,38,No,Yes,35,One year,81.09,2819.85,Electronic check,DSL,Yes,Yes,No,Yes,Yes,No,No,No,Yes
CUST-00029,Barbara Taylor,Male,0,40,Yes,No,30,One year,73.45,2245.61,Credit card,DSL,Yes,No,Yes,No,No,No,No,Yes,No
CUST-00030,Christopher Robinson,Female,0,29,Yes,No,1,Month-to-month,118.58,118.58,Electronic check,Fiber optic,Yes,Yes,No,Yes,Yes,Yes,Yes,No,Yes
CUST-00031,Christopher Hill,Male,0,64,Yes,No,19,One year,120.72,2251.68,Credit card,Fiber optic,Yes,Yes,Yes,Yes,No,Yes,Yes,No,No
CUST-00032,Michelle Johnson,Male,0,61,Yes,Yes,68,Two year,108.91,7392.54,Mailed check,Fiber optic,Yes,Yes,Yes,No,No,Yes,Yes,No,No
CUST-00033,Emily Wilson,Female,0,57,No,No,38,One year,32.48,1237.38,Mailed check,No,Yes,No internet service,No internet service,No internet service,No internet service,No internet service,No internet service,No,No
CUST-00034,Susan Smith,Male,0,47,No,Yes,4,Month-to-month,109.42,478.01,Mailed check,Fiber optic,No,Yes,No,Yes,No,Yes,Yes,No,No
CUST-00035,Barbara Hill,Female,0,54,Yes,No,2,Month-to-month,73.07,194.69,Electronic check,DSL,Yes,Yes,No,No,Yes,No,No,Yes,Yes
CUST-00036,Robert Wilson,Female,0,21,No,Yes,28,One year,30.59,811.39,Credit card,No,Yes,No internet service,No internet service,No internet service,No internet service,No internet service,No internet service,Yes,No
CUST-00037,Donna Ramirez,Female,0,51,Yes,No,63,Two year,93.54,5928.3,Credit card,Fiber optic,Yes,Yes,No,No,Yes,No,No,Yes,No
CUST-00038,Thomas Young,Female,0,51,No,No,7,Month-to-month,83.58,634.82,Mailed check,Fiber optic,Yes,No,No,No,No,No,Yes,Yes,No
CUST-00039,Sandra White,Male,0,36,Yes,Yes,6,Month-to-month,98.23,562.89,Credit card,Fiber optic,Yes,No,Yes,No,No,Yes,No,No,Yes
CUST-00040,Donald Scott,Female,0,64,No,No,7,One year,107.48,783.82,Electronic check,Fiber optic,Yes,Yes,Yes,No,Yes,No,No,No,No
CUST-00041,David Young,Male,0,26,Yes,No,18,Two year,85.54,1559.54,Credit card,DSL,Yes,Yes,Yes,No,Yes,Yes,Yes,Yes,No
CUST-00042,Charles Flores,Male,0,28,Yes,Yes,5,Month-to-month,90.15,469.08,Mailed check,Fiber optic,Yes,No,Yes,Yes,No,No,No,Yes,Yes
CUST-00043,Sandra Wilson,Male,1,83,Yes,No,6,Month-to-month,123.36,706.43,Mailed check,Fiber optic,Yes,Yes,No,Yes,Yes,Yes,Yes,No,No
CUST-00044,Elizabeth Flores,Female,0,29,No,No,44,One year,84.95,3689.7,Mailed check,Fiber optic,Yes,No,Yes,No,No,Yes,No,Yes,Yes
CUST-00045,Anthony Robinson,Female,0,51,No,No,19,One year,97.44,1889.4,Bank transfer,Fiber optic,Yes,No,No,Yes,No,No,Yes,Yes,No
CUST-00046,Michelle Miller,Female,0,51,Yes,No,4,Month-to-month,28.47,151.27,Bank transfer,No,Yes,No internet service,No internet service,No internet service,No internet service,No internet service,No internet service,Yes,Yes
CUST-00047,Matthew Harris,Male,0,44,No,No,34,One year,71.01,2460.49,Credit card,DSL,No,Yes,Yes,No,Yes,No,No,Yes,Yes
CUST-00048,Patricia Ramirez,Male,0,64,No,Yes,10,Month-to-month,36.13,384.41,Bank transfer,No,Yes,No internet service,No internet service,No internet service,No internet service,No internet service,No internet service,Yes,No
CUST-00049,Donna Thompson,Male,0,22,No,No,10,Month-to-month,104.22,1085.74,Bank transfer,Fiber optic,Yes,Yes,Yes,No,Yes,No,No,Yes,Yes
CUST-00050,Richard Williams,Male,0,35,Yes,Yes,4,Month-to-month,80.98,299.86,Electronic check,Fiber optic,No,No,No,Yes,No,No,Yes,Yes,Yes
CUST-00051,James Martin,Male,0,63,No,Yes,6,Month-to-month,84.42,466.22,Mailed check,Fiber optic,Yes,Yes,No,No,No,No,No,Yes,No
CUST-00052,Jennifer Robinson,Female,0,42,Yes,Yes,2,Month-to-month,64.12,90.31,Mailed check,DSL,Yes,No,No,No,No,No,No,Yes,No
CUST-00053,Sandra Jones,Male,0,30,No,No,2,Month-to-month,110.0,219.06,Mailed check,Fiber optic,Yes,Yes,No,No,Yes,No,Yes,Yes,Yes
CUST-00054,Michael Thomas,Female,0,34,Yes,Yes,17,Two year,28.12,453.36,Mailed check,No,Yes,No internet service,No internet service,No internet service,No internet service,No internet service,No internet service,Yes,No
CUST-00055,Jessica Jones,Male,0,61,No,No,7,Month-to-month,60.49,452.88,Bank transfer,DSL,Yes,No,No,No,No,No,Yes,No,No
CUST-00056,Susan Williams,Female,0,56,Yes,No,4,Month-to-month,102.44,425.76,Mailed check,Fiber optic,No,No,Yes,Yes,No,Yes,Yes,No,No
CUST-00057,John Jackson,Female,0,62,No,No,22,Two year,87.64,1918.39,Mailed check,Fiber optic,Yes,Yes,No,No,No,No,No,Yes,No
CUST-00058,Donna Garcia,Female,0,52,No,No,22,One year,106.03,2307.33,Electronic check,Fiber optic,Yes,Yes,Yes,Yes,No,No,No,Yes,No
CUST-00059,Michael Garcia,Female,1,70,Yes,No,29,Two year,87.08,2477.64,Bank transfer,Fiber optic,Yes,No,No,No,No,Yes,No,Yes,No
CUST-00060,Michelle Lewis,Female,0,35,Yes,No,31,Two year,99.96,3094.41,Bank transfer,DSL,Yes,Yes,Yes,Yes,Yes,No,No,No,No
CUST-00061,Matthew Sanchez,Female,0,31,Yes,No,7,Month-to-month,30.04,240.03,Mailed check,No,Yes,No internet service,No internet service,No internet service,No internet service,No internet service,No internet service,Yes,No
CUST-00062,James Martinez,Male,0,46,Yes,No,29,Two year,115.0,3302.64,Bank transfer,Fiber optic,Yes,Yes,Yes,No,No,Yes,Yes,No,No
CUST-00063,Christopher Thompson,Male,0,41,No,No,51,Two year,69.29,3567.0,Mailed check,DSL,Yes,No,No,No,Yes,No,No,Yes,No
CUST-00064,Anthony Nguyen,Male,0,29,No,No,3,Month-to-month,102.5,339.81,Electronic check,Fiber optic,Yes,No,No,Yes,No,Yes,Yes,Yes,Yes
CUST-00065,Mary Garcia,Male,0,58,No,No,6,Month-to-month,86.73,482.27,Mailed check,Fiber optic,Yes,No,Yes,No,No,No,No,Yes,Yes
CUST-00066,William Wilson,Male,0,20,No,No,63,Two year,77.64,4897.96,Mailed check,DSL,Yes,Yes,No,No,No,No,Yes,Yes,No
CUST-00067,Jessica King,Male,1,79,No,No,1,Month-to-month,93.16,93.16,Electronic check,Fiber optic,Yes,Yes,No,No,No,Yes,Yes,Yes,No
CUST-00068,Richard Walker,Female,0,57,No,No,10,Month-to-month,104.96,1035.68,Bank transfer,Fiber optic,Yes,No,Yes,Yes,No,Yes,Yes,Yes,Yes
CUST-00069,Nancy Anderson,Male,0,30,Yes,No,24,Two year,98.95,2419.66,Bank transfer,Fiber optic,Yes,Yes,Yes,No,Yes,No,No,No,No
CUST-00070,Nancy Torres,Female,0,55,No,No,4,Month-to-month,111.01,486.72,Bank transfer,Fiber optic,Yes,No,No,Yes,Yes,Yes,Yes,No,No
CUST-00071,Sandra Thomas,Female,0,33,No,No,29,One year,88.43,2607.22,Credit card,DSL,Yes,No,Yes,No,Yes,Yes,No,Yes,No
CUST-00072,William Jones,Female,1,78,No,No,67,Two year,77.34,5210.44,Bank transfer,Fiber optic,Yes,No,No,No,Yes,No,No,Yes,No
CUST-00073,Emily Scott,Female,0,35,Yes,Yes,28,Two year,73.61,2067.52,Bank transfer,DSL,Yes,Yes,No,No,No,Yes,No,No,No
CUST-00074,Joseph Robinson,Female,0,61,Yes,No,10,Month-to-month,38.12,333.6,Credit card,No,Yes,No internet service,No internet service,No internet service,No internet service,No internet service,No internet service,Yes,No
CUST-00075,Christopher Jackson,Male,0,50,No,No,34,One year,114.66,3935.58,Bank transfer,Fiber optic,Yes,No,No,Yes,Yes,Yes,Yes,Yes,No
CUST-00076,Donna Anderson,Male,0,35,Yes,No,40,Two year,86.94,3443.18,Mailed check,Fiber optic,Yes,No,No,No,Yes,No,No,Yes,No
CUST-00077,John Torres,Female,0,44,No,Yes,38,Two year,93.4,3578.78,Electronic check,Fiber optic,Yes,No,Yes,No,Yes,No,No,No,No
CUST-00078,Michelle Thomas,Female,0,28,No,No,6,Month-to-month,110.71,636.13,Mailed check,Fiber optic,Yes,Yes,Yes,Yes,Yes,No,No,No,No
CUST-00079,Anthony Nguyen,Female,0,63,No,Yes,1,Month-to-month,89.44,89.44,Bank transfer,Fiber optic,Yes,Yes,No,No,No,Yes,No,No,Yes
CUST-00080,Paul Harris,Female,0,33,No,No,7,Month-to-month,87.98,665.34,Mailed check,DSL,Yes,Yes,Yes,Yes,No,Yes,No,Yes,No
CUST-00081,Christopher Martin,Female,1,73,No,Yes,30,One year,96.92,2892.37,Bank transfer,Fiber optic,No,Yes,Yes,No,No,Yes,No,No,No
CUST-00082,Ashley Young,Female,0,51,Yes,No,34,Two year,69.83,2419.82,Electronic check,DSL,Yes,No,No,No,Yes,Yes,No,No,Yes
CUST-00083,Barbara Davis,Male,0,31,Yes,No,43,One year,121.0,5235.06,Credit card,Fiber optic,Yes,No,Yes,Yes,Yes,Yes,Yes,Yes,No
CUST-00084,Mark Wilson,Male,0,28,Yes,No,11,Month-to-month,124.55,1381.4,Electronic check,Fiber optic,Yes,No,Yes,No,Yes,Yes,Yes,No,No
CUST-00085,Kimberly Torres,Female,0,55,No,Yes,1,Month-to-month,89.02,89.02,Electronic check,DSL,Yes,Yes,No,No,No,Yes,Yes,No,Yes
CUST-00086,Kimberly Allen,Female,0,38,Yes,No,3,Month-to-month,100.24,264.73,Credit card,Fiber optic,Yes,Yes,No,No,No,No,Yes,Yes,No
CUST-00087,Michelle Allen,Male,0,29,Yes,Yes,11,Month-to-month,89.35,984.74,Bank transfer,Fiber optic,Yes,No,No,No,Yes,No,Yes,Yes,No
CUST-00088,Daniel Walker,Male,0,33,No,No,2,Month-to-month,84.15,191.28,Credit card,Fiber optic,Yes,Yes,No,No,No,No,No,Yes,No
CUST-00089,Joshua Brown,Male,0,40,Yes,No,3,Month-to-month,19.11,32.8,Bank transfer,No,No,No internet service,No internet service,No internet service,No internet service,No internet service,No internet service,No,Yes
CUST-00090,David Smith,Female,0,61,Yes,No,3,Month-to-month,101.85,331.55,Credit card,Fiber optic,Yes,Yes,Yes,Yes,No,No,No,Yes,Yes
CUST-00091,Robert Young,Male,0,62,No,No,24,One year,97.44,2356.36,Bank transfer,DSL,Yes,Yes,No,Yes,Yes,Yes,No,Yes,No
CUST-00092,Lisa Young,Male,0,39,No,No,21,Two year,85.26,1838.46,Mailed check,Fiber optic,Yes,No,No,No,Yes,No,No,Yes,No
CUST-00093,Ashley Gonzalez,Male,0,54,Yes,No,48,Two year,89.15,4304.17,Credit card,Fiber optic,Yes,No,No,No,No,Yes,Yes,No,No
CUST-00094,Mary Lee,Female,0,52,No,Yes,23,One year,84.08,1947.88,Electronic check,Fiber optic,Yes,No,Yes,No,No,No,No,Yes,Yes
CUST-00095,James Scott,Female,0,56,No,Yes,46,Two year,18.18,795.28,Credit card,No,No,No internet service,No internet service,No internet service,No internet service,No internet service,No internet service,Yes,No
CUST-00096,Michael Thomas,Male,0,22,Yes,Yes,56,Two year,60.82,3435.58,Credit card,DSL,Yes,No,Yes,No,No,No,No,Yes,No
CUST-00097,Thomas Miller,Female,0,29,No,No,31,Two year,107.9,3364.25,Electronic check,Fiber optic,Yes,Yes,Yes,Yes,No,No,Yes,Yes,No
CUST-00098,Barbara Thompson,Female,1,80,Yes,No,11,Month-to-month,73.26,805.04,Electronic check,DSL,Yes,Yes,No,No,No,No,No,Yes,No
CUST-00099,Betty Harris,Female,1,79,Yes,No,42,Two year,84.29,3505.61,Bank transfer,DSL,Yes,No,No,No,Yes,Yes,Yes,Yes,No
CUST-00100,Sarah Hill,Male,0,27,Yes,No,4,Month-to-month,69.7,287.04,Bank transfer,Fiber optic,No,No,No,No,No,No,Yes,Yes,No
CUST-00101,James Flores,Male,0,42,No,No,10,Month-to-month,74.49,745.45,Credit card,DSL,Yes,Yes,Yes,No,No,No,No,No,No
CUST-00102,David Taylor,Male,0,55,Yes,No,5,Month-to-month,36.39,187.35,Electronic check,No,Yes,No internet service,No internet service,No internet service,No internet service,No internet service,No internet service,Yes,Yes
CUST-00103,Michelle Gonzalez,Male,0,26,No,Yes,4,Month-to-month,69.01,316.43,Mailed check,DSL,Yes,Yes,No,Yes,No,No,No,Yes,No
CUST-00104,Steven Ramirez,Male,0,55,No,No,46,One year,72.86,3362.6,Mailed check,DSL,Yes,No,No,No,Yes,Yes,No,No,No
CUST-00105,Christopher Allen,Male,1,79,No,No,6,Month-to-month,99.88,550.49,Bank transfer,Fiber optic,Yes,No,Yes,No,Yes,No,No,Yes,No
CUST-00106,Donna Lewis,Female,0,28,No,No,1,Month-to-month,82.5,129.45,Mailed check,DSL,Yes,No,Yes,No,Yes,No,Yes,No,No
CUST-00107,James Anderson,Female,0,26,No,No,25,One year,88.29,2224.67,Electronic check,Fiber optic,Yes,No,Yes,No,Yes,No,No,Yes,Yes
CUST-00108,Margaret Gonzalez,Male,0,53,No,Yes,1,Month-to-month,72.37,72.37,Mailed check,DSL,Yes,No,Yes,No,No,Yes,No,Yes,Yes
CUST-00109,Charles Garcia,Male,0,38,No,Yes,6,Month-to-month,88.39,514.82,Credit card,DSL,Yes,Yes,No,Yes,Yes,Yes,No,Yes,Yes
CUST-00110,Steven Robinson,Male,0,57,No,Yes,16,One year,80.07,1329.88,Bank transfer,Fiber optic,Yes,No,No,No,No,Yes,No,Yes,Yes
CUST-00111,Patricia Jackson,Male,0,57,Yes,No,6,Month-to-month,95.18,607.03,Bank transfer,Fiber optic,Yes,No,No,Yes,No,Yes,No,No,Yes
CUST-00112,Christopher Garcia,Male,0,58,Yes,No,25,Two year,107.63,2726.01,Mailed check,Fiber optic,Yes,Yes,Yes,Yes,No,Yes,No,Yes,No
CUST-00113,David Rodriguez,Male,0,60,No,No,1,Month-to-month,90.32,93.64,Bank transfer,Fiber optic,Yes,Yes,Yes,No,No,No,No,No,Yes
CUST-00114,Michelle Moore,Female,1,66,No,Yes,11,Month-to-month,104.86,1202.54,Electronic check,Fiber optic,Yes,Yes,No,Yes,Yes,Yes,No,Yes,No
CUST-00115,Mary Lee,Female,0,42,Yes,No,58,Two year,29.63,1761.46,Bank transfer,No,Yes,No internet service,No internet service,No internet service,No internet service,No internet service,No internet service,No,No
CUST-00116,Steven Nguyen,Female,0,19,Yes,No,8,Month-to-month,26.47,189.35,Credit card,No,Yes,No internet service,No internet service,No internet service,No internet service,No internet service,No internet service,No,No
CUST-00117,Paul Johnson,Female,0,39,No,No,35,Two year,105.68,3674.47,Electronic check,Fiber optic,Yes,No,Yes,Yes,No,No,Yes,Yes,No
CUST-00118,Michael Smith,Female,0,45,No,Yes,29,One year,38.94,1090.78,Electronic check,No,Yes,No internet service,No internet service,No internet service,No internet service,No internet service,No internet service,Yes,No
CUST-00119,Jessica Lewis,Male,0,20,Yes,Yes,40,One year,107.75,4347.25,Mailed check,Fiber optic,Yes,Yes,Yes,No,No,Yes,Yes,Yes,No
CUST-00120,Mark Walker,Female,1,82,Yes,No,32,Two year,101.05,3193.0,Mailed check,Fiber optic,Yes,Yes,No,Yes,No,Yes,No,Yes,No
CUST-00121,Emily Robinson,Male,1,82,No,No,19,One year,131.92,2547.46,Mailed check,Fiber optic,Yes,Yes,Yes,Yes,Yes,Yes,Yes,No,No
CUST-00122,Jessica Anderson,Male,0,64,No,No,1,Month-to-month,72.92,109.83,Credit card,DSL,Yes,Yes,No,No,No,No,No,No,Yes
CUST-00123,Patricia Thompson,Female,0,28,No,No,8,Month-to-month,103.07,847.41,Electronic check,Fiber optic,Yes,Yes,Yes,Yes,No,No,Yes,Yes,Yes
CUST-00124,Joshua Scott,Male,0,64,No,No,3,Month-to-month,79.4,223.41,Bank transfer,Fiber optic,Yes,Yes,No,No,No,No,No,Yes,Yes
CUST-00125,David Miller,Male,0,53,No,Yes,11,Month-to-month,111.74,1265.96,Credit card,Fiber optic,Yes,Yes,Yes,No,Yes,Yes,No,Yes,Yes
CUST-00126,Lisa Thompson,Female,1,71,Yes,Yes,45,One year,91.37,4111.72,Credit card,DSL,Yes,Yes,No,No,Yes,Yes,Yes,No,No
CUST-00127,Thomas Miller,Female,1,81,Yes,No,26,One year,76.69,2004.15,Credit card,DSL,Yes,No,Yes,No,No,No,Yes,Yes,No
CUST-00128,David Jackson,Female,0,22,Yes,Yes,2,Month-to-month,70.05,109.05,Electronic check,DSL,No,Yes,Yes,No,Yes,No,No,Yes,Yes
CUST-00129,Jessica Thompson,Female,0,46,No,No,57,Two year,86.71,4945.23,Electronic check,Fiber optic,Yes,No,Yes,Yes,No,No,No,Yes,Yes
CUST-00130,Nancy Wright,Female,1,66,Yes,No,2,Month-to-month,67.72,181.14,Bank transfer,DSL,Yes,No,Yes,No,No,No,No,Yes,No
CUST-00131,Linda Clark,Male,0,38,Yes,Yes,11,Month-to-month,71.34,797.22,Bank transfer,DSL,Yes,No,No,Yes,No,No,No,No,No
CUST-00132,Mark Johnson,Female,1,67,Yes,No,45,Two year,90.09,4076.38,Electronic check,Fiber optic,Yes,No,Yes,No,No,No,No,Yes,No
CUST-00133,David Anderson,Male,1,66,Yes,No,23,Two year,79.55,1871.98,Bank transfer,DSL,Yes,No,Yes,Yes,No,Yes,No,No,No
CUST-00134,Robert Sanchez,Female,0,48,Yes,No,3,Month-to-month,72.96,192.15,Credit card,DSL,No,Yes,Yes,Yes,Yes,No,No,Yes,No
CUST-00135,Joseph Garcia,Male,0,28,No,Yes,15,One year,88.56,1374.21,Bank transfer,Fiber optic,Yes,Yes,No,Yes,No,No,No,No,No
CUST-00136,Matthew Miller,Female,0,33,Yes,No,6,One year,111.73,689.66,Bank transfer,Fiber optic,Yes,Yes,Yes,No,No,Yes,Yes,Yes,Yes
CUST-00137,Elizabeth Hernandez,Male,1,74,No,No,31,One year,99.65,3125.05,Bank transfer,DSL,Yes,Yes,Yes,Yes,Yes,No,No,Yes,Yes
CUST-00138,Daniel Garcia,Female,1,70,No,Yes,4,Month-to-month,76.64,265.43,Electronic check,DSL,Yes,Yes,Yes,No,No,No,No,No,Yes
CUST-00139,Donna Nguyen,Female,0,62,No,No,52,Two year,97.73,5118.05,Bank transfer,Fiber optic,Yes,Yes,No,Yes,No,Yes,No,No,No
CUST-00140,Karen Torres,Female,0,60,No,Yes,66,Two year,106.45,7057.99,Mailed check,Fiber optic,Yes,No,Yes,Yes,Yes,Yes,No,No,No
CUST-00141,Mark Lewis,Female,0,53,Yes,Yes,63,Two year,67.41,4253.38,Electronic check,DSL,Yes,Yes,No,No,No,No,No,No,Yes
CUST-00142,Charles Walker,Male,0,50,Yes,No,3,Month-to-month,33.62,97.59,Mailed check,No,Yes,No internet service,No internet service,No internet service,No internet service,No internet service,No internet service,Yes,No
CUST-00143,Daniel Moore,Male,0,36,Yes,No,7,Month-to-month,37.8,229.95,Bank transfer,No,Yes,No internet service,No internet service,No internet service,No internet service,No internet service,No internet service,Yes,No
CUST-00144,Steven Clark,Male,0,34,Yes,No,6,Month-to-month,39.8,276.29,Bank transfer,No,Yes,No internet service,No internet service,No internet service,No internet service,No internet service,No internet service,No,Yes
CUST-00145,Steven Allen,Female,0,19,No,No,42,One year,84.57,3588.0,Credit card,Fiber optic,Yes,No,No,No,No,Yes,Yes,No,No
CUST-00146,Joshua Wilson,Female,0,36,Yes,No,44,One year,89.44,3918.77,Electronic check,Fiber optic,Yes,No,Yes,No,No,Yes,No,No,Yes
CUST-00147,Lisa Jackson,Female,0,26,Yes,No,8,Month-to-month,36.74,264.55,Credit card,No,Yes,No internet service,No internet service,No internet service,No internet service,No internet service,No internet service,No,Yes
CUST-00148,Joseph Walker,Male,1,83,Yes,No,18,Two year,35.48,656.06,Electronic check,No,Yes,No internet service,No internet service,No internet service,No internet service,No internet service,No internet service,No,No
CUST-00149,Sarah Clark,Female,1,83,No,Yes,30,Two year,74.73,2217.87,Electronic check,DSL,Yes,Yes,No,No,Yes,No,No,Yes,Yes
CUST-00150,Donald Martin,Male,1,66,No,No,9,Month-to-month,69.62,639.26,Credit card,DSL,Yes,No,No,No,No,Yes,No,No,Yes
CUST-00151,Nancy Ramirez,Female,0,54,Yes,Yes,26,One year,104.32,2705.78,Electronic check,Fiber optic,Yes,No,Yes,No,Yes,Yes,Yes,No,No
CUST-00152,Margaret Walker,Male,0,46,Yes,No,67,Two year,69.43,4666.79,Credit card,DSL,Yes,No,No,No,Yes,No,No,No,No
CUST-00153,Christopher Anderson,Female,0,20,Yes,No,5,Month-to-month,108.04,533.37,Mailed check,Fiber optic,Yes,No,Yes,Yes,No,Yes,No,Yes,No
CUST-00154,Steven Smith,Male,0,50,No,No,5,Month-to-month,84.83,401.61,Bank transfer,Fiber optic,Yes,Yes,No,No,Yes,No,No,Yes,Yes
CUST-00155,Susan Perez,Female,0,18,Yes,No,2,Month-to-month,104.39,200.79,Bank transfer,DSL,Yes,Yes,Yes,No,Yes,Yes,Yes,No,Yes
CUST-00156,Matthew Moore,Female,1,73,No,No,18,One year,84.61,1476.43,Bank transfer,Fiber optic,No,No,Yes,No,Yes,No,No,Yes,No
CUST-00157,Ashley Flores,Female,0,18,Yes,Yes,34,One year,74.82,2495.0,Credit card,DSL,Yes,Yes,Yes,No,No,Yes,No,No,No
CUST-00158,Anthony King,Male,0,64,Yes,Yes,2,Month-to-month,17.3,62.27,Mailed check,No,No,No internet service,No internet service,No internet service,No internet service,No internet service,No internet service,No,Yes
CUST-00159,Charles Torres,Female,0,42,No,Yes,2,Month-to-month,33.88,43.48,Credit card,No,Yes,No internet service,No internet service,No internet service,No internet service,No internet service,No internet service,No,No
CUST-00160,Robert Wilson,Male,0,25,No,Yes,3,Month-to-month,68.2,182.42,Bank transfer,Fiber optic,No,No,No,No,No,No,No,No,Yes
CUST-00161,Mark Harris,Male,0,21,Yes,No,1,Month-to-month,63.33,96.25,Electronic check,DSL,Yes,No,No,Yes,No,No,No,No,No
CUST-00162,William Jackson,Male,0,21,Yes,No,28,One year,97.08,2707.57,Mailed check,Fiber optic,Yes,Yes,Yes,No,No,No,Yes,No,No
CUST-00163,Lisa Jackson,Male,0,44,Yes,Yes,20,Two year,92.3,1872.47,Bank transfer,DSL,Yes,Yes,No,Yes,Yes,Yes,No,No,No
CUST-00164,Matthew Thomas,Female,0,26,Yes,No,59,Two year,36.74,2179.12,Electronic check,No,Yes,No internet service,No internet service,No internet service,No internet service,No internet service,No internet service,No,No
CUST-00165,Charles Harris,Male,0,25,No,No,3,Month-to-month,114.56,384.36,Mailed check,Fiber optic,Yes,Yes,Yes,No,No,Yes,No,Yes,Yes
CUST-00166,James Smith,Female,0,54,Yes,Yes,3,Month-to-month,28.08,79.6,Bank transfer,No,Yes,No internet service,No internet service,No internet service,No internet service,No internet service,No internet service,Yes,No
CUST-00167,Ashley Torres,Male,0,59,Yes,No,10,Month-to-month,125.44,1234.58,Bank transfer,Fiber optic,Yes,Yes,Yes,Yes,Yes,No,Yes,No,Yes
CUST-00168,Donald Thomas,Female,0,18,Yes,No,9,Month-to-month,107.68,961.8,Electronic check,Fiber optic,Yes,No,No,Yes,Yes,No,Yes,Yes,No
CUST-00169,Nancy Brown,Female,0,20,No,No,9,Month-to-month,91.26,806.73,Electronic check,DSL,Yes,Yes,Yes,Yes,No,Yes,No,No,Yes
CUST-00170,Sandra Thomas,Male,0,20,Yes,Yes,39,Two year,25.72,1013.16,Mailed check,No,No,No internet service,No internet service,No internet service,No internet service,No internet service,No internet service,Yes,No
CUST-00171,Elizabeth Brown,Male,1,68,No,No,31,One year,68.07,2132.87,Bank transfer,DSL,No,Yes,No,Yes,No,Yes,Yes,Yes,No
CUST-00172,Donna Garcia,Male,0,31,Yes,Yes,26,One year,88.71,2256.82,Bank transfer,DSL,Yes,No,Yes,Yes,Yes,No,No,No,Yes
CUST-00173,William Jones,Female,0,22,Yes,No,35,One year,128.39,4487.59,Electronic check,Fiber optic,Yes,Yes,Yes,Yes,Yes,Yes,Yes,No,Yes
CUST-00174,Donald Garcia,Female,1,75,Yes,Yes,26,Two year,105.28,2784.42,Credit card,Fiber optic,Yes,Yes,No,No,No,Yes,Yes,Yes,No
CUST-00175,Thomas Hernandez,Female,1,74,Yes,Yes,9,Month-to-month,98.63,901.84,Mailed check,DSL,Yes,Yes,Yes,No,Yes,No,Yes,Yes,No
CUST-00176,Linda Thompson,Female,0,26,Yes,No,11,Month-to-month,89.86,987.62,Mailed check,DSL,Yes,Yes,Yes,Yes,Yes,No,No,Yes,No
CUST-00177,James Hill,Male,0,53,No,Yes,40,Two year,110.16,4385.59,Mailed check,Fiber optic,Yes,No,No,No,Yes,Yes,Yes,Yes,Yes
CUST-00178,John Davis,Female,1,66,Yes,No,11,Month-to-month,65.73,675.65,Bank transfer,DSL,Yes,Yes,No,No,No,No,No,Yes,Yes
CUST-00179,Charles Anderson,Male,0,34,No,Yes,43,One year,88.37,3782.8,Credit card,Fiber optic,Yes,Yes,Yes,Yes,No,No,No,Yes,No
CUST-00180,Donald Lopez,Male,0,61,Yes,No,42,One year,106.42,4435.96,Bank transfer,Fiber optic,Yes,Yes,No,Yes,Yes,No,No,Yes,No
CUST-00181,Sandra Taylor,Female,0,18,No,No,6,Month-to-month,25.28,156.58,Bank transfer,No,No,No internet service,No internet service,No internet service,No internet service,No internet service,No internet service,Yes,No
CUST-00182,William Lee,Male,0,59,Yes,No,50,Two year,83.35,4169.09,Electronic check,DSL,No,Yes,No,Yes,No,No,Yes,No,No
CUST-00183,Emily Lee,Female,0,22,No,No,2,Month-to-month,90.83,140.3,Mailed check,Fiber optic,Yes,Yes,No,No,Yes,No,No,Yes,No
CUST-00184,Anthony Ramirez,Female,0,52,No,No,38,Two year,110.53,4225.79,Mailed check,Fiber optic,Yes,Yes,No,Yes,Yes,No,Yes,Yes,No
CUST-00185,Donna Allen,Male,0,50,No,Yes,12,Two year,26.88,317.67,Electronic check,No,No,No internet service,No internet service,No internet service,No internet service,No internet service,No internet service,No,No
CUST-00186,James Wilson,Male,0,52,No,No,22,One year,83.42,1878.45,Mailed check,Fiber optic,No,Yes,No,No,No,No,No,Yes,No
CUST-00187,Barbara Moore,Male,0,51,No,No,29,One year,82.11,2370.39,Mailed check,DSL,Yes,No,Yes,No,No,Yes,No,No,No
CUST-00188,Jennifer Torres,Male,0,36,Yes,No,7,One year,72.76,520.26,Bank transfer,DSL,Yes,No,No,Yes,No,No,No,No,Yes
CUST-00189,John Perez,Female,0,53,No,Yes,10,Month-to-month,80.08,810.02,Electronic check,DSL,Yes,No,Yes,Yes,No,No,Yes,Yes,Yes
CUST-00190,Charles Martinez,Male,0,52,No,No,2,Month-to-month,77.67,155.17,Credit card,DSL,Yes,Yes,No,Yes,No,No,No,Yes,No
CUST-00191,Christopher Harris,Male,0,42,No,No,6,Month-to-month,37.56,206.04,Electronic check,No,Yes,No internet service,No internet service,No internet service,No internet service,No internet service,No internet service,No,No
CUST-00192,Karen Flores,Male,0,59,Yes,No,2,Month-to-month,85.46,169.34,Electronic check,Fiber optic,Yes,No,Yes,No,No,No,No,No,No
CUST-00193,Jessica Lopez,Male,0,55,Yes,Yes,9,Month-to-month,31.57,262.81,Mailed check,No,Yes,No internet service,No internet service,No internet service,No internet service,No internet service,No internet service,No,Yes
CUST-00194,Joshua Smith,Female,0,38,No,Yes,3,Month-to-month,104.39,325.35,Bank transfer,Fiber optic,Yes,Yes,Yes,Yes,No,No,No,No,Yes
CUST-00195,Sandra Jackson,Male,0,57,Yes,No,29,One year,75.16,2157.3,Bank transfer,DSL,Yes,Yes,Yes,No,No,No,No,Yes,Yes
CUST-00196,Steven Jones,Female,0,38,Yes,No,3,Month-to-month,119.7,398.1,Mailed check,Fiber optic,Yes,Yes,No,Yes,Yes,Yes,Yes,Yes,No
CUST-00197,Jessica Martinez,Male,0,37,Yes,No,11,One year,97.12,1067.02,Mailed check,Fiber optic,Yes,No,Yes,Yes,No,No,Yes,Yes,Yes
CUST-00198,Barbara Walker,Male,0,35,No,No,8,Month-to-month,84.51,694.51,Bank transfer,DSL,Yes,Yes,No,No,No,Yes,Yes,Yes,Yes
CUST-00199,Patricia Miller,Female,0,33,No,No,38,Two year,49.57,1885.15,Bank transfer,DSL,No,No,No,No,No,No,No,No,No
CUST-00200,Karen Garcia,Male,0,54,No,No,7,Month-to-month,67.26,441.94,Credit card,DSL,No,No,Yes,No,No,Yes,No,Yes,Yes
CUST-00201,Mary Wright,Female,1,75,Yes,Yes,55,Two year,89.86,4908.81,Mailed check,Fiber optic,Yes,No,Yes,No,No,No,No,Yes,No
CUST-00202,David Martin,Male,1,71,Yes,Yes,62,Two year,88.01,5414.45,Bank transfer,Fiber optic,Yes,No,Yes,No,No,No,No,No,No
CUST-00203,Robert Hill,Female,0,21,Yes,Yes,45,One year,25.47,1118.31,Credit card,No,No,No internet service,No internet service,No internet service,No internet service,No internet service,No internet service,Yes,No
CUST-00204,Susan Smith,Male,1,67,No,No,26,One year,121.24,3158.65,Electronic check,Fiber optic,Yes,No,Yes,Yes,Yes,Yes,Yes,Yes,Yes
CUST-00205,Mark Moore,Male,0,36,Yes,No,28,Two year,83.25,2328.02,Credit card,DSL,Yes,Yes,No,Yes,No,No,Yes,Yes,No
CUST-00206,Donna Brown,Male,0,64,Yes,No,4,Month-to-month,63.34,231.13,Bank transfer,DSL,Yes,No,Yes,No,No,No,No,Yes,Yes
CUST-00207,Kimberly Thomas,Male,0,46,Yes,No,39,One year,97.26,3754.29,Electronic check,Fiber optic,Yes,No,Yes,No,Yes,No,Yes,Yes,Yes
CUST-00208,David White,Female,0,27,Yes,No,9,Month-to-month,74.23,669.66,Bank transfer,DSL,No,Yes,Yes,No,No,Yes,No,No,No
CUST-00209,Kimberly Torres,Female,0,47,Yes,Yes,5,Month-to-month,87.41,434.5,Bank transfer,Fiber optic,Yes,No,No,No,Yes,No,No,No,No
CUST-00210,Nancy Lopez,Male,0,26,Yes,No,22,One year,99.42,2190.38,Credit card,Fiber optic,Yes,No,No,Yes,No,Yes,No,Yes,No
CUST-00211,Elizabeth Lee,Female,0,19,Yes,No,17,One year,107.69,1852.22,Mailed check,DSL,Yes,Yes,Yes,Yes,Yes,No,Yes,No,Yes
CUST-00212,William Johnson,Female,0,24,No,Yes,4,Month-to-month,104.3,374.84,Mailed check,Fiber optic,Yes,Yes,No,Yes,Yes,No,Yes,Yes,Yes
CUST-00213,Andrew Williams,Female,0,24,No,Yes,8,Month-to-month,77.67,580.88,Credit card,DSL,Yes,Yes,Yes,Yes,Yes,No,No,No,No
CUST-00214,Michelle Lewis,Male,0,48,No,No,36,Two year,98.15,3492.17,Mailed check,DSL,Yes,Yes,Yes,Yes,Yes,No,Yes,Yes,No
CUST-00215,Emily Rodriguez,Female,0,27,Yes,No,66,Two year,77.64,5112.12,Credit card,DSL,Yes,No,Yes,No,No,Yes,No,Yes,No
CUST-00216,Robert Scott,Male,0,50,Yes,No,6,Month-to-month,95.14,616.18,Mailed check,Fiber optic,Yes,Yes,Yes,No,No,No,No,Yes,Yes
CUST-00217,Thomas Allen,Male,0,63,No,No,2,Month-to-month,27.72,44.73,Credit card,No,Yes,No internet service,No internet service,No internet service,No internet service,No internet service,No internet service,No,No
CUST-00218,Andrew Harris,Male,0,22,Yes,No,24,One year,95.28,2246.82,Mailed check,Fiber optic,Yes,No,Yes,Yes,No,Yes,No,No,No
CUST-00219,Daniel King,Male,0,26,Yes,No,19,One year,74.96,1457.01,Credit card,DSL,No,Yes,Yes,No,No,Yes,No,Yes,No
CUST-00220,Mark Harris,Female,0,32,Yes,No,69,Two year,81.27,5620.31,Credit card,DSL,No,Yes,No,No,Yes,No,Yes,Yes,No
CUST-00221,Jennifer Lee,Male,1,75,Yes,No,27,One year,30.74,827.42,Credit card,No,Yes,No internet service,No internet service,No internet service,No internet service,No internet service,No internet service,Yes,No
CUST-00222,Mary Williams,Male,0,54,Yes,No,6,Month-to-month,97.53,574.82,Bank transfer,Fiber optic,Yes,No,No,Yes,No,Yes,No,Yes,No
CUST-00223,Mary Martinez,Female,0,18,Yes,No,44,Two year,66.46,2922.67,Bank transfer,DSL,No,Yes,Yes,No,No,No,No,No,No
CUST-00224,Emily Hill,Female,1,83,Yes,Yes,3,Month-to-month,74.38,234.58,Credit card,DSL,Yes,Yes,No,Yes,No,Yes,No,Yes,No
CUST-00225,Andrew Walker,Male,1,68,No,Yes,24,One year,97.06,2366.72,Mailed check,Fiber optic,Yes,Yes,Yes,No,Yes,No,Yes,No,No
CUST-00226,Margaret Scott,Male,0,37,Yes,No,6,Month-to-month,62.42,372.15,Electronic check,DSL,Yes,No,No,No,No,No,No,No,Yes
CUST-00227,Nancy Lewis,Male,0,30,Yes,Yes,13,Two year,118.12,1554.15,Bank transfer,Fiber optic,Yes,Yes,Yes,No,No,Yes,Yes,Yes,No
CUST-00228,Joshua Gonzalez,Male,0,44,No,No,40,Two year,25.63,1015.67,Mailed check,No,Yes,No internet service,No internet service,No internet service,No internet service,No internet service,No internet service,Yes,No
CUST-00229,Emily Lopez,Female,1,79,No,No,4,Month-to-month,39.91,170.11,Credit card,No,Yes,No internet service,No internet service,No internet service,No internet service,No internet service,No internet service,No,Yes
CUST-00230,William Hernandez,Male,1,80,No,No,3,Month-to-month,69.92,253.76,Bank transfer,DSL,Yes,Yes,Yes,No,No,No,No,Yes,No
CUST-00231,Mary Lee,Female,0,55,No,Yes,40,One year,37.36,1499.48,Credit card,No,Yes,No internet service,No internet service,No internet service,No internet service,No internet service,No internet service,No,No
CUST-00232,Jessica Ramirez,Male,0,59,No,Yes,21,One year,26.01,543.62,Credit card,No,Yes,No internet service,No internet service,No internet service,No internet service,No internet service,No internet service,No,No
CUST-00233,Margaret Williams,Male,1,65,No,No,6,Month-to-month,90.6,498.8,Mailed check,Fiber optic,Yes,Yes,Yes,No,No,No,No,Yes,No
CUST-00234,Kimberly Martinez,Female,0,42,Yes,No,35,One year,66.79,2338.85,Credit card,DSL,Yes,Yes,No,No,Yes,No,No,Yes,Yes
CUST-00235,Donna White,Male,0,25,No,No,3,Month-to-month,83.59,266.11,Credit card,DSL,Yes,Yes,Yes,No,No,No,Yes,Yes,Yes
CUST-00236,Mark Perez,Male,0,38,No,Yes,52,Two year,52.45,2714.53,Mailed check,DSL,Yes,No,No,No,No,No,No,No,Yes
CUST-00237,Mark Robinson,Male,0,25,No,No,9,Month-to-month,107.52,1000.82,Bank transfer,Fiber optic,Yes,Yes,Yes,Yes,No,Yes,No,Yes,Yes
CUST-00238,Linda Robinson,Female,0,55,No,Yes,4,Month-to-month,108.53,449.46,Credit card,Fiber optic,Yes,Yes,Yes,No,Yes,No,No,Yes,No
CUST-00239,Susan Perez,Male,1,71,No,Yes,47,Two year,116.19,5476.39,Credit card,Fiber optic,Yes,Yes,Yes,No,Yes,Yes,Yes,No,No
CUST-00240,Michelle Scott,Male,0,37,No,No,42,One year,93.53,3905.4,Mailed check,Fiber optic,Yes,No,No,No,Yes,Yes,No,Yes,No
CUST-00241,Michelle Martin,Male,0,41,Yes,Yes,9,Month-to-month,77.32,675.91,Credit card,DSL,Yes,Yes,Yes,No,No,Yes,No,Yes,Yes
CUST-00242,Lisa Wright,Male,0,64,Yes,Yes,11,Month-to-month,35.86,412.6,Credit card,No,Yes,No internet service,No internet service,No internet service,No internet service,No internet service,No internet service,Yes,Yes
CUST-00243,Michelle Thompson,Female,0,54,No,No,33,One year,116.37,3797.26,Bank transfer,Fiber optic,Yes,Yes,No,Yes,Yes,Yes,Yes,No,No
CUST-00244,Karen Martinez,Male,0,34,Yes,No,43,Two year,102.06,4368.92,Credit card,Fiber optic,Yes,No,No,Yes,Yes,No,Yes,No,No
CUST-00245,Kimberly Miller,Female,0,35,No,No,3,Month-to-month,63.69,205.45,Electronic check,DSL,Yes,No,No,No,No,No,No,No,No
CUST-00246,Christopher Wright,Male,0,63,No,Yes,2,Month-to-month,79.5,141.18,Mailed check,Fiber optic,Yes,No,No,No,No,No,No,No,No
CUST-00247,Emily Rodriguez,Female,0,22,Yes,No,42,One year,72.41,3053.51,Bank transfer,DSL,Yes,No,Yes,Yes,No,No,No,Yes,No
CUST-00248,Donna Wright,Male,0,26,Yes,Yes,7,Month-to-month,109.43,807.85,Electronic check,Fiber optic,Yes,Yes,No,Yes,No,Yes,Yes,Yes,Yes
CUST-00249,Donald Gonzalez,Female,0,39,No,Yes,9,Month-to-month,103.66,916.97,Mailed check,Fiber optic,Yes,Yes,No,Yes,No,Yes,No,No,No
CUST-00250,Charles Ramirez,Male,1,73,Yes,Yes,1,Month-to-month,102.86,102.86,Electronic check,Fiber optic,Yes,No,Yes,Yes,No,No,Yes,No,No
CUST-00251,Donald Robinson,Male,0,40,Yes,No,8,Month-to-month,64.31,507.27,Credit card,DSL,Yes,Yes,Yes,No,No,No,No,Yes,Yes
CUST-00252,Joseph Williams,Male,0,39,Yes,No,38,Two year,88.83,3405.97,Bank transfer,Fiber optic,Yes,No,Yes,No,Yes,No,No,Yes,No
CUST-00253,John Harris,Female,0,37,Yes,No,11,Month-to-month,26.97,310.5,Electronic check,No,Yes,No internet service,No internet service,No internet service,No internet service,No internet service,No internet service,No,Yes
CUST-00254,Mary Smith,Male,0,35,Yes,Yes,6,Month-to-month,79.62,520.93,Electronic check,DSL,Yes,Yes,No,Yes,No,Yes,No,No,No
CUST-00255,Paul Lee,Male,0,61,Yes,Yes,24,One year,67.72,1640.83,Credit card,DSL,Yes,No,No,No,Yes,Yes,No,Yes,No
CUST-00256,John Clark,Female,0,28,No,No,21,Two year,93.21,1951.1,Bank transfer,DSL,Yes,Yes,Yes,No,Yes,Yes,No,Yes,No
CUST-00257,Sarah Johnson,Male,0,39,No,No,36,One year,85.61,3087.2,Electronic check,Fiber optic,Yes,Yes,No,No,No,No,No,Yes,No
CUST-00258,Elizabeth Moore,Male,0,35,No,No,10,Month-to-month,85.46,816.9,Credit card,Fiber optic,Yes,Yes,No,No,Yes,No,No,Yes,Yes
CUST-00259,James Scott,Male,0,37,No,No,5,Month-to-month,98.65,471.12,Credit card,Fiber optic,Yes,Yes,Yes,No,Yes,No,No,Yes,Yes
CUST-00260,Patricia Jones,Female,0,62,No,No,7,Month-to-month,94.64,651.23,Bank transfer,Fiber optic,Yes,Yes,No,No,Yes,No,No,Yes,Yes
CUST-00261,Lisa Garcia,Female,0,46,Yes,No,32,Two year,105.79,3414.52,Bank transfer,Fiber optic,Yes,No,Yes,No,Yes,Yes,No,Yes,No
CUST-00262,Margaret Sanchez,Male,0,59,No,No,20,One year,113.43,2259.39,Electronic check,Fiber optic,Yes,No,Yes,Yes,No,Yes,No,Yes,No
CUST-00263,Anthony Miller,Female,0,30,No,No,6,Month-to-month,79.86,514.99,Bank transfer,DSL,Yes,Yes,Yes,No,No,No,Yes,No,Yes
CUST-00264,Michael Martinez,Female,0,61,No,No,25,One year,73.13,1849.71,Electronic check,DSL,Yes,No,No,No,Yes,No,Yes,Yes,Yes
CUST-00265,Mark Miller,Male,0,40,Yes,Yes,3,Month-to-month,95.89,329.07,Mailed check,Fiber optic,Yes,No,No,No,Yes,Yes,No,Yes,No
CUST-00266,Thomas Walker,Male,0,55,Yes,No,7,Month-to-month,78.81,536.99,Electronic check,Fiber optic,No,No,Yes,Yes,No,No,No,Yes,No
CUST-00267,Susan Rodriguez,Female,0,49,No,Yes,2,Month-to-month,72.89,155.86,Credit card,DSL,Yes,No,No,No,Yes,No,Yes,No,Yes
CUST-00268,Linda White,Female,0,43,No,No,19,One year,98.81,1915.84,Bank transfer,Fiber optic,Yes,No,No,Yes,Yes,No,Yes,Yes,No
CUST-00269,Jennifer Martinez,Male,0,25,No,Yes,35,Two year,93.01,3265.61,Bank transfer,Fiber optic,Yes,No,Yes,No,Yes,No,No,Yes,Yes
CUST-00270,Steven Thompson,Male,0,60,Yes,Yes,29,Two year,79.11,2279.19,Mailed check,DSL,Yes,No,Yes,No,Yes,Yes,No,Yes,No
CUST-00271,Kimberly Miller,Male,0,45,Yes,No,1,Month-to-month,31.18,57.07,Credit card,No,Yes,No internet service,No internet service,No internet service,No internet service,No internet service,No internet service,No,Yes
CUST-00272,Barbara Jackson,Male,0,19,No,No,31,One year,25.34,796.98,Credit card,No,Yes,No internet service,No internet service,No internet service,No internet service,No internet service,No internet service,Yes,No
CUST-00273,William Jackson,Female,0,25,No,No,6,Month-to-month,72.98,443.31,Mailed check,DSL,Yes,Yes,No,Yes,No,No,No,Yes,No
CUST-00274,Christopher White,Male,0,23,Yes,No,22,Two year,119.36,2609.04,Mailed check,Fiber optic,Yes,Yes,Yes,No,No,Yes,Yes,Yes,No
CUST-00275,Patricia Scott,Female,0,40,No,No,4,Month-to-month,95.91,370.28,Credit card,DSL,Yes,Yes,Yes,Yes,Yes,No,No,Yes,No
CUST-00276,Michelle Martinez,Male,0,48,No,No,68,Two year,102.11,6895.75,Electronic check,Fiber optic,Yes,Yes,Yes,Yes,No,No,No,Yes,No
CUST-00277,Charles Scott,Male,0,44,Yes,Yes,34,One year,26.3,898.49,Mailed check,No,No,No internet service,No internet service,No internet service,No internet service,No internet service,No internet service,Yes,No
CUST-00278,Susan Ramirez,Male,0,31,Yes,Yes,11,Month-to-month,31.77,323.98,Electronic check,No,Yes,No internet service,No internet service,No internet service,No internet service,No internet service,No internet service,Yes,No
CUST-00279,Donald Torres,Male,0,37,Yes,Yes,5,Month-to-month,106.34,522.29,Electronic check,Fiber optic,Yes,Yes,No,Yes,Yes,No,No,Yes,Yes
CUST-00280,James Walker,Female,0,52,Yes,Yes,8,Month-to-month,92.66,697.49,Mailed check,Fiber optic,Yes,No,Yes,Yes,No,No,No,Yes,Yes
CUST-00281,Mary Allen,Male,0,53,No,No,7,Month-to-month,124.05,904.32,Credit card,Fiber optic,Yes,Yes,No,Yes,No,Yes,Yes,Yes,Yes
CUST-00282,Paul Flores,Female,0,61,No,Yes,37,One year,96.66,3593.24,Mailed check,Fiber optic,No,No,Yes,Yes,Yes,No,No,Yes,No
CUST-00283,Michelle White,Male,0,64,Yes,Yes,17,One year,81.74,1374.08,Credit card,DSL,Yes,No,Yes,Yes,No,No,Yes,Yes,No
CUST-00284,Barbara Perez,Male,0,19,Yes,No,9,Month-to-month,27.2,255.03,Bank transfer,No,Yes,No internet service,No internet service,No internet service,No internet service,No internet service,No internet service,Yes,No
CUST-00285,Donald Moore,Male,0,34,Yes,Yes,9,Month-to-month,101.5,938.37,Bank transfer,Fiber optic,Yes,Yes,No,No,No,Yes,Yes,Yes,No
CUST-00286,Paul Walker,Male,0,37,No,No,38,One year,30.46,1189.39,Credit card,No,Yes,No internet service,No internet service,No internet service,No internet service,No internet service,No internet service,Yes,No
CUST-00287,Mary Brown,Female,0,24,Yes,No,10,Month-to-month,39.96,352.62,Bank transfer,No,Yes,No internet service,No internet service,No internet service,No internet service,No internet service,No internet service,Yes,No
CUST-00288,Jennifer Williams,Female,0,31,Yes,No,7,Month-to-month,103.45,771.99,Credit card,Fiber optic,Yes,No,No,Yes,Yes,No,Yes,Yes,Yes
CUST-00289,Robert Moore,Female,0,37,Yes,No,4,Month-to-month,79.22,300.0,Credit card,DSL,Yes,No,Yes,Yes,No,No,No,Yes,Yes
CUST-00290,Elizabeth Lewis,Female,0,33,Yes,No,1,Month-to-month,95.06,95.06,Credit card,Fiber optic,Yes,Yes,No,Yes,No,No,No,No,No
CUST-00291,Richard Moore,Male,1,79,No,Yes,61,Two year,85.97,5251.62,Mailed check,Fiber optic,Yes,Yes,No,No,No,No,Yes,No,No
CUST-00292,Joseph Scott,Male,0,46,No,Yes,24,One year,98.78,2327.01,Electronic check,Fiber optic,Yes,Yes,No,Yes,No,Yes,No,No,No
CUST-00293,Ashley Rodriguez,Female,1,78,No,No,14,One year,30.49,465.24,Mailed check,No,Yes,No internet service,No internet service,No internet service,No internet service,No internet service,No internet service,Yes,No
CUST-00294,Joseph Walker,Female,1,77,Yes,No,11,Month-to-month,112.04,1218.69,Credit card,Fiber optic,Yes,No,Yes,Yes,No,Yes,Yes,Yes,Yes
CUST-00295,Karen Taylor,Female,0,54,Yes,No,2,Month-to-month,109.69,189.2,Mailed check,Fiber optic,Yes,Yes,No,Yes,Yes,Yes,No,Yes,No
CUST-00296,Elizabeth Scott,Female,0,40,No,No,5,Month-to-month,72.4,409.16,Bank transfer,DSL,Yes,No,Yes,No,Yes,No,No,Yes,No
CUST-00297,Donald Clark,Male,0,39,No,No,1,Month-to-month,84.42,84.42,Bank transfer,DSL,Yes,No,Yes,Yes,No,Yes,No,Yes,Yes
CUST-00298,Robert Thompson,Female,1,81,Yes,No,62,Two year,79.77,4990.8,Bank transfer,Fiber optic,No,Yes,No,No,No,No,No,Yes,No
CUST-00299,John Lopez,Female,0,41,Yes,No,23,One year,93.94,2165.43,Mailed check,Fiber optic,Yes,Yes,No,No,No,No,No,Yes,No
CUST-00300,John Williams,Male,0,43,Yes,No,5,Month-to-month,93.91,481.01,Bank transfer,Fiber optic,Yes,No,Yes,Yes,No,No,No,Yes,Yes
CUST-00301,Emily Harris,Male,0,52,Yes,No,1,Month-to-month,114.78,114.78,Electronic check,Fiber optic,Yes,Yes,Yes,Yes,No,Yes,No,Yes,Yes
CUST-00302,Daniel Allen,Male,0,31,Yes,No,9,Month-to-month,82.03,701.27,Electronic check,Fiber optic,Yes,No,No,No,No,Yes,No,Yes,Yes
CUST-00303,Michelle Ramirez,Female,0,30,Yes,No,33,One year,38.56,1238.97,Electronic check,No,Yes,No internet service,No internet service,No internet service,No internet service,No internet service,No internet service,Yes,No
CUST-00304,Christopher Lopez,Female,0,57,No,No,9,Month-to-month,90.58,840.17,Electronic check,Fiber optic,Yes,No,No,Yes,No,No,No,Yes,Yes
CUST-00305,Linda Jones,Female,0,60,No,No,1,Month-to-month,92.6,111.2,Bank transfer,Fiber optic,Yes,No,No,No,No,No,Yes,No,Yes
CUST-00306,Donald Taylor,Male,0,28,No,Yes,9,Month-to-month,80.22,760.62,Credit card,Fiber optic,Yes,No,No,No,No,No,Yes,No,No
CUST-00307,Donald Scott,Female,0,25,No,No,48,Two year,93.1,4457.04,Credit card,Fiber optic,Yes,Yes,No,No,No,No,Yes,Yes,No
CUST-00308,Joshua Wilson,Female,1,71,No,Yes,5,Month-to-month,96.97,514.98,Credit card,Fiber optic,Yes,Yes,Yes,No,No,No,No,Yes,No
CUST-00309,Kimberly Martinez,Female,0,42,Yes,No,7,One year,78.33,580.31,Credit card,DSL,Yes,Yes,No,No,No,No,Yes,No,No
CUST-00310,Emily Wilson,Male,1,82,No,No,31,One year,60.58,1911.01,Mailed check,DSL,Yes,No,No,No,No,No,No,No,Yes
CUST-00311,Susan Walker,Female,1,75,No,No,34,One year,31.15,1078.69,Mailed check,No,Yes,No internet service,No internet service,No internet service,No internet service,No internet service,No internet service,Yes,No
CUST-00312,Joseph Martin,Female,0,39,Yes,Yes,36,One year,90.06,3225.44,Bank transfer,DSL,Yes,Yes,Yes,Yes,Yes,No,No,Yes,No
CUST-00313,Betty Thompson,Male,0,39,No,Yes,11,Month-to-month,18.77,160.8,Electronic check,No,No,No internet service,No internet service,No internet service,No internet service,No internet service,No internet service,No,No
CUST-00314,James King,Female,0,38,No,Yes,29,One year,74.65,2131.41,Bank transfer,DSL,Yes,Yes,No,Yes,No,No,Yes,Yes,No
CUST-00315,Nancy Harris,Male,0,26,No,No,4,Month-to-month,18.91,41.45,Mailed check,No,No,No internet service,No internet service,No internet service,No internet service,No internet service,No internet service,Yes,No
CUST-00316,Mary Hill,Male,0,57,No,No,43,Two year,98.81,4228.05,Credit card,DSL,Yes,Yes,Yes,No,Yes,No,Yes,Yes,No
CUST-00317,Mark Hill,Female,0,22,No,Yes,17,One year,31.99,494.76,Electronic check,No,Yes,No internet service,No internet service,No internet service,No internet service,No internet service,No internet service,No,No
CUST-00318,Barbara Allen,Male,0,40,Yes,No,50,Two year,97.59,4888.93,Electronic check,Fiber optic,No,No,No,Yes,Yes,Yes,No,Yes,Yes
CUST-00319,Jessica Allen,Female,0,19,Yes,No,1,Month-to-month,74.27,74.27,Electronic check,DSL,Yes,Yes,Yes,No,Yes,No,No,Yes,Yes
CUST-00320,Patricia Hill,Female,0,21,No,Yes,31,One year,85.11,2638.5,Bank transfer,Fiber optic,Yes,No,No,No,No,Yes,No,Yes,No
CUST-00321,David King,Female,0,33,No,Yes,5,Month-to-month,39.45,238.04,Mailed check,No,Yes,No internet service,No internet service,No internet service,No internet service,No internet service,No internet service,Yes,No
CUST-00322,Margaret Brown,Male,0,62,No,No,42,Two year,100.87,4187.55,Electronic check,Fiber optic,Yes,Yes,No,Yes,No,No,No,No,No
CUST-00323,Nancy Jones,Female,1,66,Yes,No,61,Two year,37.58,2329.49,Bank transfer,No,Yes,No internet service,No internet service,No internet service,No internet service,No internet service,No internet service,Yes,No
CUST-00324,Emily Robinson,Male,0,27,Yes,No,3,Month-to-month,101.0,292.28,Credit card,Fiber optic,No,Yes,Yes,No,Yes,Yes,No,Yes,Yes
CUST-00325,Richard Hernandez,Male,0,41,Yes,No,6,Month-to-month,81.8,527.8,Mailed check,Fiber optic,Yes,No,Yes,No,No,No,No,Yes,Yes
CUST-00326,Michael Young,Male,0,45,Yes,No,5,Month-to-month,106.5,531.66,Bank transfer,Fiber optic,Yes,Yes,Yes,No,Yes,Yes,No,Yes,Yes
CUST-00327,Paul Wilson,Male,1,79,Yes,No,10,One year,34.58,309.76,Electronic check,No,Yes,No internet service,No internet service,No internet service,No internet service,No internet service,No internet service,Yes,No
CUST-00328,Nancy Robinson,Male,0,30,No,No,26,Two year,105.92,2703.96,Bank transfer,Fiber optic,Yes,No,No,Yes,Yes,Yes,No,Yes,Yes
CUST-00329,Christopher Anderson,Male,0,50,No,No,1,Month-to-month,104.27,104.27,Credit card,Fiber optic,Yes,Yes,Yes,Yes,No,No,Yes,Yes,Yes
CUST-00330,Elizabeth Jackson,Female,0,50,No,No,9,Month-to-month,82.19,745.89,Bank transfer,DSL,Yes,No,Yes,No,Yes,No,Yes,Yes,Yes
CUST-00331,Linda Thompson,Male,0,59,No,No,7,Month-to-month,56.17,395.97,Bank transfer,DSL,No,Yes,Yes,No,No,No,No,No,No
CUST-00332,Joseph Harris,Female,0,22,No,No,8,Month-to-month,83.78,670.07,Electronic check,DSL,Yes,No,Yes,Yes,No,Yes,No,No,No
CUST-00333,Karen Davis,Male,0,24,Yes,Yes,5,Month-to-month,33.98,144.67,Mailed check,No,Yes,No internet service,No internet service,No internet service,No internet service,No internet service,No internet service,No,Yes
CUST-00334,Jessica Clark,Female,0,35,Yes,No,11,Month-to-month,83.9,908.11,Bank transfer,DSL,Yes,Yes,No,Yes,No,Yes,No,Yes,Yes
CUST-00335,Matthew Taylor,Female,0,49,Yes,No,7,Month-to-month,104.63,774.39,Electronic check,Fiber optic,Yes,Yes,Yes,Yes,No,No,No,Yes,No
CUST-00336,Kimberly King,Male,0,51,Yes,No,8,Month-to-month,89.38,730.68,Credit card,DSL,Yes,Yes,Yes,Yes,No,Yes,Yes,Yes,No
CUST-00337,Thomas Williams,Male,0,54,No,Yes,35,Two year,78.56,2764.04,Credit card,DSL,Yes,Yes,No,Yes,No,No,No,No,No
CUST-00338,Michelle Moore,Female,0,62,Yes,No,4,Month-to-month,101.43,426.37,Credit card,Fiber optic,Yes,No,Yes,Yes,No,Yes,No,No,Yes
CUST-00339,Betty Harris,Female,0,28,No,Yes,42,One year,84.91,3558.96,Mailed check,Fiber optic,Yes,No,No,No,Yes,No,No,Yes,No
CUST-00340,Charles Jackson,Male,0,42,No,No,32,Two year,85.84,2724.24,Credit card,Fiber optic,Yes,Yes,No,No,No,No,No,No,No
CUST-00341,Susan Wilson,Male,0,62,No,No,25,One year,69.96,1769.38,Mailed check,DSL,Yes,No,No,No,No,Yes,No,No,No
CUST-00342,Emily Sanchez,Male,0,49,No,Yes,6,Month-to-month,27.6,203.34,Bank transfer,No,Yes,No internet service,No internet service,No internet service,No internet service,No internet service,No internet service,No,Yes
CUST-00343,Jennifer Garcia,Female,0,63,Yes,No,2,Month-to-month,85.61,193.64,Mailed check,Fiber optic,Yes,Yes,No,No,Yes,No,No,Yes,No
CUST-00344,William Jones,Male,0,24,Yes,Yes,43,Two year,31.75,1335.54,Mailed check,No,Yes,No internet service,No internet service,No internet service,No internet service,No internet service,No internet service,Yes,No
CUST-00345,Matthew Ramirez,Male,0,34,No,No,8,Month-to-month,99.18,828.87,Bank transfer,Fiber optic,Yes,Yes,Yes,No,Yes,No,No,Yes,No
CUST-00346,Andrew Robinson,Male,0,47,No,No,1,Month-to-month,95.93,117.22,Bank transfer,DSL,Yes,Yes,Yes,No,Yes,Yes,No,Yes,Yes
CUST-00347,Michael Robinson,Male,0,51,Yes,No,7,Month-to-month,51.85,355.31,Electronic check,DSL,No,No,No,No,No,No,No,Yes,Yes
CUST-00348,Mary Taylor,Male,0,22,Yes,No,6,One year,25.31,200.97,Credit card,No,Yes,No internet service,No internet service,No internet service,No internet service,No internet service,No internet service,No,No
CUST-00349,Anthony Clark,Male,0,57,Yes,Yes,10,Month-to-month,75.76,765.14,Electronic check,DSL,Yes,Yes,No,No,Yes,No,No,No,No
CUST-00350,Mary Smith,Male,0,27,No,Yes,8,Month-to-month,81.99,614.28,Mailed check,DSL,Yes,No,Yes,No,No,Yes,Yes,Yes,Yes
CUST-00351,Thomas Flores,Male,1,79,No,Yes,5,Month-to-month,63.64,340.36,Electronic check,DSL,Yes,No,No,No,Yes,No,No,Yes,Yes
CUST-00352,Kimberly Lopez,Female,0,21,No,Yes,2,Month-to-month,28.45,52.15,Mailed check,No,Yes,No internet service,No internet service,No internet service,No internet service,No internet service,No internet service,No,Yes
CUST-00353,Robert Jones,Female,0,62,No,No,34,One year,74.84,2590.55,Electronic check,DSL,Yes,Yes,No,No,No,No,No,No,No
CUST-00354,Sarah Nguyen,Female,0,29,Yes,No,7,Month-to-month,28.81,220.97,Electronic check,No,Yes,No internet service,No internet service,No internet service,No internet service,No internet service,No internet service,Yes,No
CUST-00355,Richard Allen,Female,0,64,No,Yes,3,Month-to-month,104.28,274.0,Electronic check,Fiber optic,Yes,No,Yes,Yes,Yes,No,Yes,No,No
CUST-00356,William Lewis,Male,0,26,No,Yes,7,Month-to-month,89.55,664.93,Mailed check,Fiber optic,Yes,No,Yes,Yes,No,No,No,Yes,No
CUST-00357,William Young,Male,1,70,No,No,8,Month-to-month,115.29,924.41,Credit card,Fiber optic,Yes,No,Yes,Yes,No,Yes,Yes,Yes,Yes
CUST-00358,Andrew Garcia,Female,0,43,No,No,8,Month-to-month,81.38,652.04,Mailed check,Fiber optic,Yes,No,No,No,No,No,Yes,No,Yes
CUST-00359,Betty Ramirez,Male,0,24,No,Yes,10,Month-to-month,85.28,884.61,Mailed check,DSL,Yes,Yes,No,No,Yes,Yes,No,No,Yes
CUST-00360,Daniel Johnson,Male,0,40,Yes,No,44,One year,67.85,2998.43,Electronic check,DSL,No,Yes,Yes,No,No,Yes,No,No,No
CUST-00361,Jessica King,Female,0,52,No,No,7,Month-to-month,130.34,863.85,Electronic check,Fiber optic,Yes,Yes,Yes,No,Yes,Yes,Yes,No,No
CUST-00362,Lisa Rodriguez,Female,0,31,No,No,9,Month-to-month,100.1,930.77,Bank transfer,Fiber optic,Yes,Yes,Yes,No,No,No,Yes,Yes,No
CUST-00363,Barbara Taylor,Female,1,69,Yes,No,30,One year,103.07,3096.89,Credit card,Fiber optic,Yes,Yes,No,No,No,Yes,Yes,Yes,No
CUST-00364,Charles Lee,Female,0,21,Yes,No,7,Month-to-month,76.83,565.08,Bank transfer,DSL,Yes,No,No,No,No,Yes,Yes,No,Yes
CUST-00365,Robert Thompson,Female,0,25,Yes,No,8,Month-to-month,31.37,279.77,Electronic check,No,Yes,No internet service,No internet service,No internet service,No internet service,No internet service,No internet service,Yes,Yes
CUST-00366,Joshua Sanchez,Male,0,22,Yes,No,9,Month-to-month,95.93,875.37,Credit card,Fiber optic,Yes,No,Yes,No,No,No,Yes,Yes,No
CUST-00367,Donald Martin,Female,0,47,No,No,11,Month-to-month,77.88,848.43,Mailed check,Fiber optic,Yes,Yes,No,No,No,No,No,Yes,Yes
CUST-00368,Matthew Thomas,Female,0,57,Yes,No,4,Month-to-month,116.11,470.79,Mailed check,Fiber optic,Yes,Yes,Yes,Yes,Yes,Yes,No,Yes,No
CUST-00369,Jessica Thompson,Male,0,38,Yes,No,3,Month-to-month,102.51,319.76,Bank transfer,Fiber optic,Yes,No,Yes,Yes,No,Yes,No,No,Yes
CUST-00370,Joshua Flores,Male,0,28,Yes,Yes,47,Two year,78.34,3706.69,Mailed check,DSL,No,Yes,Yes,No,No,Yes,No,No,No
CUST-00371,Daniel Clark,Male,0,52,No,No,43,One year,85.02,3703.34,Mailed check,Fiber optic,Yes,No,No,No,No,No,Yes,Yes,No
CUST-00372,David Taylor,Female,0,30,No,No,6,One year,61.61,392.01,Mailed check,DSL,Yes,No,No,No,No,No,No,Yes,No
CUST-00373,Michelle Lewis,Female,0,59,No,Yes,46,One year,80.46,3668.48,Credit card,DSL,Yes,Yes,Yes,No,Yes,No,No,Yes,No
CUST-00374,Lisa Allen,Female,0,59,Yes,Yes,29,Two year,80.5,2316.19,Electronic check,Fiber optic,Yes,No,No,No,No,No,No,Yes,No
CUST-00375,Linda White,Female,1,66,No,Yes,1,Month-to-month,36.02,36.02,Electronic check,No,Yes,No internet service,No internet service,No internet service,No internet service,No internet service,No internet service,No,No
CUST-00376,Kimberly Lee,Female,0,22,No,No,6,One year,84.23,458.11,Electronic check,DSL,Yes,No,Yes,Yes,No,Yes,No,Yes,Yes
CUST-00377,Mary Thompson,Female,0,64,No,No,4,Month-to-month,94.74,421.62,Mailed check,DSL,Yes,Yes,Yes,No,No,Yes,Yes,Yes,No
CUST-00378,Robert Smith,Male,1,74,Yes,No,21,Two year,108.85,2252.9,Mailed check,Fiber optic,Yes,Yes,Yes,No,Yes,Yes,No,Yes,Yes
CUST-00379,John Hernandez,Male,0,20,Yes,No,60,Two year,110.59,6669.29,Credit card,Fiber optic,Yes,Yes,No,Yes,Yes,No,No,Yes,No
CUST-00380,Elizabeth Scott,Male,0,52,No,No,2,Month-to-month,83.15,150.25,Bank transfer,Fiber optic,Yes,Yes,No,No,No,No,Yes,Yes,Yes
CUST-00381,Kimberly Thompson,Female,0,20,Yes,No,7,One year,79.35,528.44,Bank transfer,Fiber optic,Yes,No,No,No,No,No,No,No,No
CUST-00382,Jessica Walker,Male,1,70,No,No,11,Month-to-month,87.94,940.61,Credit card,Fiber optic,Yes,No,No,Yes,No,No,Yes,Yes,No
CUST-00383,Steven Miller,Female,0,37,Yes,Yes,57,Two year,71.83,4129.89,Credit card,DSL,Yes,Yes,No,No,No,No,No,No,No
CUST-00384,Lisa Jackson,Male,0,64,No,No,23,One year,27.95,646.31,Credit card,No,Yes,No internet service,No internet service,No internet service,No internet service,No internet service,No internet service,No,Yes
CUST-00385,Linda Lee,Male,0,43,Yes,No,8,Month-to-month,78.52,594.46,Electronic check,Fiber optic,No,No,No,Yes,Yes,No,No,Yes,No
CUST-00386,John Anderson,Female,0,50,No,No,30,Two year,102.76,3095.14,Bank transfer,Fiber optic,Yes,No,Yes,No,Yes,Yes,Yes,No,No
CUST-00387,Michelle Young,Female,0,48,No,Yes,40,One year,91.14,3615.28,Bank transfer,DSL,Yes,Yes,Yes,Yes,Yes,No,Yes,No,No
CUST-00388,Robert Walker,Female,0,62,Yes,No,5,Month-to-month,69.52,351.08,Bank transfer,DSL,Yes,No,Yes,No,No,No,No,Yes,Yes
CUST-00389,Barbara Wright,Male,0,46,No,No,14,Two year,73.1,1009.18,Credit card,DSL,Yes,No,No,No,No,Yes,No,Yes,No
CUST-00390,Richard White,Female,1,82,Yes,No,16,Two year,98.65,1555.11,Bank transfer,DSL,Yes,Yes,Yes,No,Yes,Yes,Yes,No,No
CUST-00391,Ashley Garcia,Female,0,48,No,Yes,53,Two year,51.9,2740.16,Credit card,DSL,Yes,No,No,No,No,No,No,Yes,No
CUST-00392,Ashley Thompson,Male,0,51,No,No,10,Month-to-month,25.71,210.79,Credit card,No,Yes,No internet service,No internet service,No internet service,No internet service,No internet service,No internet service,Yes,No
CUST-00393,Joshua Nguyen,Female,0,52,Yes,No,11,Month-to-month,94.44,1017.35,Credit card,Fiber optic,Yes,Yes,No,No,No,Yes,No,No,No
CUST-00394,Karen Martinez,Male,0,52,No,No,7,Month-to-month,79.13,569.5,Electronic check,Fiber optic,Yes,Yes,No,No,No,No,No,No,Yes
CUST-00395,Mark Walker,Female,0,60,Yes,Yes,3,Month-to-month,27.61,86.45,Mailed check,No,No,No internet service,No internet service,No internet service,No internet service,No internet service,No internet service,No,No
CUST-00396,Barbara Lopez,Female,1,66,Yes,No,5,Month-to-month,87.85,410.86,Credit card,Fiber optic,Yes,Yes,No,Yes,Yes,No,No,Yes,No
CUST-00397,Emily Wright,Female,0,60,No,No,31,Two year,78.42,2440.52,Credit card,DSL,Yes,Yes,Yes,No,No,Yes,No,Yes,No
CUST-00398,Lisa Anderson,Female,0,23,No,No,2,Month-to-month,111.6,186.62,Mailed check,Fiber optic,Yes,Yes,No,No,Yes,No,Yes,Yes,Yes
CUST-00399,Sarah Moore,Female,0,22,Yes,No,25,Two year,34.81,884.48,Bank transfer,No,Yes,No internet service,No internet service,No internet service,No internet service,No internet service,No internet service,Yes,No
CUST-00400,Mary White,Male,0,43,Yes,No,2,Month-to-month,37.11,37.11,Bank transfer,No,Yes,No internet service,No internet service,No internet service,No internet service,No internet service,No internet service,No,No
CUST-00401,Nancy Martin,Male,1,76,No,No,10,Month-to-month,84.85,825.96,Mailed check,Fiber optic,Yes,No,No,No,Yes,No,No,Yes,Yes
CUST-00402,Jessica Anderson,Female,0,30,No,No,34,Two year,27.41,884.11,Mailed check,No,Yes,No internet service,No internet service,No internet service,No internet service,No internet service,No internet service,Yes,No
CUST-00403,Sarah Flores,Male,1,80,Yes,No,10,Month-to-month,90.79,918.22,Bank transfer,DSL,Yes,Yes,Yes,No,No,Yes,No,Yes,No
CUST-00404,Sandra Gonzalez,Male,0,40,No,No,40,Two year,95.61,3791.64,Electronic check,Fiber optic,Yes,No,No,No,No,Yes,Yes,Yes,Yes
CUST-00405,Donald Brown,Male,1,72,Yes,No,20,One year,30.75,629.84,Mailed check,No,Yes,No internet service,No internet service,No internet service,No internet service,No internet service,No internet service,Yes,No
CUST-00406,Donna Martin,Female,0,40,No,Yes,8,Month-to-month,28.32,244.87,Electronic check,No,Yes,No internet service,No internet service,No internet service,No internet service,No internet service,No internet service,Yes,No
CUST-00407,James Lopez,Female,0,33,Yes,No,10,Month-to-month,93.82,986.32,Electronic check,Fiber optic,Yes,Yes,Yes,No,Yes,No,No,No,No
CUST-00408,Anthony Clark,Male,1,81,Yes,Yes,46,Two year,27.19,1300.51,Electronic check,No,Yes,No internet service,No internet service,No internet service,No internet service,No internet service,No internet service,Yes,No
CUST-00409,Richard Moore,Male,0,35,No,No,40,One year,34.0,1409.82,Bank transfer,No,Yes,No internet service,No internet service,No internet service,No internet service,No internet service,No internet service,No,No
CUST-00410,Thomas Johnson,Female,0,38,No,No,20,Two year,96.74,1969.26,Credit card,Fiber optic,Yes,Yes,Yes,No,No,No,No,No,No
CUST-00411,Richard Robinson,Male,1,67,No,Yes,37,Two year,35.53,1353.3,Mailed check,No,Yes,No internet service,No internet service,No internet service,No internet service,No internet service,No internet service,No,No
CUST-00412,Christopher Anderson,Male,1,78,Yes,No,26,One year,101.34,2588.9,Mailed check,Fiber optic,No,Yes,Yes,No,No,Yes,Yes,Yes,No
CUST-00413,William Walker,Male,0,55,Yes,No,2,Month-to-month,31.76,90.68,Mailed check,No,Yes,No internet service,No internet service,No internet service,No internet service,No internet service,No internet service,No,Yes
CUST-00414,Jennifer Taylor,Female,0,42,No,Yes,48,Two year,69.47,3368.0,Mailed check,DSL,Yes,Yes,Yes,No,No,No,No,No,No
CUST-00415,Susan Clark,Female,0,35,Yes,No,1,Month-to-month,103.0,103.0,Electronic check,Fiber optic,Yes,Yes,No,Yes,No,Yes,No,Yes,Yes
CUST-00416,Nancy Thompson,Male,0,18,Yes,No,3,Month-to-month,99.09,259.06,Bank transfer,Fiber optic,Yes,Yes,Yes,No,No,No,Yes,No,Yes
CUST-00417,Andrew Harris,Male,0,25,No,No,5,Month-to-month,26.38,125.95,Electronic check,No,Yes,No internet service,No internet service,No internet service,No internet service,No internet service,No internet service,No,No
CUST-00418,Sarah Young,Male,0,48,No,No,6,One year,63.17,331.82,Credit card,DSL,Yes,No,No,No,Yes,No,No,Yes,No
CUST-00419,Charles Thompson,Female,0,34,No,Yes,16,One year,107.32,1737.79,Bank transfer,Fiber optic,Yes,Yes,Yes,No,No,Yes,Yes,Yes,No
CUST-00420,Joshua Rodriguez,Male,0,61,Yes,No,39,Two year,35.69,1391.97,Bank transfer,No,Yes,No internet service,No internet service,No internet service,No internet service,No internet service,No internet service,Yes,No
CUST-00421,Steven Taylor,Female,0,47,Yes,No,3,Month-to-month,81.07,206.5,Bank transfer,Fiber optic,Yes,No,No,No,No,Yes,No,No,Yes
CUST-00422,Susan Ramirez,Female,0,55,No,No,20,One year,33.67,655.16,Bank transfer,No,Yes,No internet service,No internet service,No internet service,No internet service,No internet service,No internet service,No,No
CUST-00423,Daniel Flores,Female,0,27,Yes,No,2,Month-to-month,34.05,51.85,Mailed check,No,Yes,No internet service,No internet service,No internet service,No internet service,No internet service,No internet service,Yes,Yes
CUST-00424,Margaret Hernandez,Female,0,32,Yes,No,8,Month-to-month,97.04,746.01,Mailed check,DSL,Yes,Yes,Yes,No,Yes,Yes,No,Yes,Yes
CUST-00425,Sandra King,Male,0,52,No,Yes,1,Month-to-month,91.44,138.49,Credit card,DSL,Yes,Yes,Yes,Yes,No,No,Yes,Yes,No
CUST-00426,David Garcia,Male,1,67,Yes,No,8,Month-to-month,96.47,817.6,Bank transfer,Fiber optic,Yes,Yes,Yes,No,No,No,Yes,Yes,Yes
CUST-00427,Joseph Anderson,Female,0,47,Yes,No,8,Month-to-month,73.82,633.54,Credit card,DSL,Yes,Yes,No,No,No,Yes,No,No,Yes
CUST-00428,Andrew Thompson,Female,0,58,No,No,16,Two year,101.83,1641.57,Electronic check,Fiber optic,Yes,Yes,Yes,No,Yes,No,Yes,Yes,Yes
CUST-00429,Sandra Anderson,Male,0,50,No,Yes,47,Two year,84.89,4033.94,Credit card,Fiber optic,Yes,Yes,No,No,No,No,Yes,No,Yes
CUST-00430,Margaret Lopez,Male,0,60,No,Yes,52,Two year,34.55,1761.6,Bank transfer,No,Yes,No internet service,No internet service,No internet service,No internet service,No internet service,No internet service,Yes,No
CUST-00431,Mark Smith,Male,0,54,No,No,62,Two year,79.08,4947.37,Bank transfer,DSL,Yes,Yes,No,No,No,No,Yes,No,No
CUST-00432,Donna Wilson,Female,1,67,Yes,Yes,3,Month-to-month,29.17,40.11,Electronic check,No,Yes,No internet service,No internet service,No internet service,No internet service,No internet service,No internet service,No,No
CUST-00433,James Lewis,Male,0,43,Yes,No,62,Two year,86.41,5356.13,Bank transfer,DSL,Yes,Yes,Yes,Yes,Yes,No,No,Yes,No
CUST-00434,Betty Scott,Female,0,58,No,No,2,Month-to-month,89.48,174.74,Credit card,Fiber optic,Yes,No,No,No,No,Yes,No,Yes,No
CUST-00435,Ashley Rodriguez,Female,0,51,Yes,No,7,Month-to-month,53.02,375.55,Bank transfer,DSL,No,No,No,No,No,No,Yes,No,No
CUST-00436,Emily Moore,Female,1,65,Yes,No,3,Month-to-month,95.69,258.12,Electronic check,Fiber optic,Yes,No,No,No,No,No,Yes,Yes,No
CUST-00437,Richard Brown,Female,1,76,No,No,10,Month-to-month,102.27,1045.27,Mailed check,DSL,Yes,Yes,Yes,Yes,Yes,No,Yes,No,No
CUST-00438,Patricia Martin,Male,0,62,No,No,29,One year,98.67,2905.85,Bank transfer,Fiber optic,No,Yes,Yes,Yes,No,No,Yes,Yes,No
CUST-00439,Thomas Taylor,Female,0,50,No,No,38,Two year,33.31,1220.2,Electronic check,No,Yes,No internet service,No internet service,No internet service,No internet service,No internet service,No internet service,Yes,No
CUST-00440,Thomas Gonzalez,Male,0,32,Yes,Yes,9,Month-to-month,70.56,682.4,Electronic check,DSL,Yes,No,No,No,Yes,No,No,Yes,No
CUST-00441,Betty Rodriguez,Female,0,29,No,No,5,Month-to-month,88.06,479.64,Bank transfer,Fiber optic,Yes,Yes,No,No,No,Yes,No,No,Yes
CUST-00442,Margaret Martinez,Female,0,31,Yes,Yes,65,Two year,81.66,5350.36,Credit card,Fiber optic,Yes,No,Yes,No,No,No,No,No,No
CUST-00443,Jennifer Lee,Female,0,47,Yes,Yes,5,Month-to-month,30.56,142.58,Credit card,No,Yes,No internet service,No internet service,No internet service,No internet service,No internet service,No internet service,Yes,Yes
CUST-00444,Richard King,Female,0,51,Yes,No,40,One year,90.11,3581.2,Credit card,Fiber optic,Yes,No,No,No,No,No,Yes,No,Yes
CUST-00445,Steven Ramirez,Male,0,25,Yes,Yes,8,Month-to-month,38.88,313.04,Electronic check,No,Yes,No internet service,No internet service,No internet service,No internet service,No internet service,No internet service,No,No
CUST-00446,Robert Walker,Male,1,65,No,No,1,Month-to-month,107.55,107.55,Electronic check,Fiber optic,Yes,No,No,No,Yes,Yes,Yes,No,No
CUST-00447,James Thompson,Female,1,72,No,No,40,One year,20.24,808.35,Bank transfer,No,No,No internet service,No internet service,No internet service,No internet service,No internet service,No internet service,Yes,No
CUST-00448,Sandra Gonzalez,Female,0,60,Yes,No,10,Month-to-month,33.9,328.33,Bank transfer,No,Yes,No internet service,No internet service,No internet service,No internet service,No internet service,No internet service,Yes,No
CUST-00449,Lisa Jones,Female,0,25,Yes,No,11,Month-to-month,68.38,748.58,Credit card,DSL,No,Yes,Yes,Yes,No,No,No,Yes,No
CUST-00450,James King,Male,0,37,No,No,61,Two year,90.42,5471.96,Mailed check,Fiber optic,Yes,No,Yes,Yes,No,No,No,Yes,No
CUST-00451,Karen Wright,Female,0,28,Yes,No,7,Month-to-month,93.78,673.64,Electronic check,Fiber optic,Yes,No,Yes,No,Yes,No,No,Yes,Yes
CUST-00452,Thomas Thompson,Female,0,32,No,Yes,1,Month-to-month,27.99,30.54,Electronic check,No,Yes,No internet service,No internet service,No internet service,No internet service,No internet service,No internet service,No,No
CUST-00453,Robert Clark,Female,0,23,Yes,Yes,21,Two year,82.66,1743.5,Mailed check,DSL,Yes,Yes,No,No,Yes,No,Yes,Yes,No
CUST-00454,Thomas Davis,Female,0,36,Yes,No,17,One year,95.7,1582.99,Mailed check,Fiber optic,Yes,Yes,Yes,No,No,No,No,No,No
CUST-00455,Anthony Perez,Female,0,53,No,No,9,Month-to-month,68.06,591.98,Credit card,DSL,Yes,No,No,No,Yes,No,No,No,Yes
CUST-00456,Margaret Lopez,Female,0,61,No,No,3,Month-to-month,30.14,95.57,Mailed check,No,Yes,No internet service,No internet service,No internet service,No internet service,No internet service,No internet service,No,No
CUST-00457,Daniel Martinez,Female,0,63,Yes,Yes,12,Two year,63.44,797.65,Bank transfer,DSL,Yes,No,No,No,No,No,Yes,No,Yes
CUST-00458,Richard Garcia,Male,0,31,Yes,No,47,Two year,89.9,4259.67,Electronic check,Fiber optic,No,Yes,No,Yes,No,No,No,Yes,No
CUST-00459,Lisa Lee,Male,0,36,No,No,6,Month-to-month,28.48,200.24,Electronic check,No,Yes,No internet service,No internet service,No internet service,No internet service,No internet service,No internet service,Yes,No
CUST-00460,Barbara Williams,Male,0,22,Yes,Yes,59,Two year,78.12,4611.75,Credit card,DSL,Yes,No,No,Yes,No,No,Yes,No,No
CUST-00461,Jennifer Torres,Male,1,76,No,No,1,Month-to-month,86.42,129.29,Mailed check,DSL,Yes,Yes,Yes,No,Yes,No,No,Yes,Yes
CUST-00462,Nancy Flores,Female,1,74,No,No,41,Two year,100.54,4083.28,Credit card,Fiber optic,Yes,Yes,Yes,No,No,Yes,No,Yes,No
CUST-00463,Sandra Jones,Male,0,30,No,No,12,Two year,79.65,984.98,Mailed check,Fiber optic,Yes,No,No,No,No,No,No,No,Yes
CUST-00464,Ashley Anderson,Female,0,40,Yes,No,5,Month-to-month,30.52,192.41,Electronic check,No,Yes,No internet service,No internet service,No internet service,No internet service,No internet service,No internet service,Yes,Yes
CUST-00465,Kimberly Ramirez,Male,0,55,No,No,11,Month-to-month,34.33,343.31,Bank transfer,No,Yes,No internet service,No internet service,No internet service,No internet service,No internet service,No internet service,Yes,No
CUST-00466,David Jones,Male,0,32,Yes,No,6,Month-to-month,98.77,585.31,Bank transfer,Fiber optic,Yes,Yes,No,No,Yes,No,No,Yes,Yes
CUST-00467,Paul Perez,Female,0,20,Yes,No,11,Month-to-month,99.91,1121.67,Bank transfer,Fiber optic,Yes,No,Yes,Yes,Yes,No,No,Yes,No
CUST-00468,Robert Davis,Female,0,48,No,No,10,Month-to-month,32.63,328.0,Mailed check,No,Yes,No internet service,No internet service,No internet service,No internet service,No internet service,No internet service,No,Yes
CUST-00469,Andrew Sanchez,Male,0,23,No,No,16,One year,108.22,1779.49,Electronic check,Fiber optic,Yes,No,No,Yes,Yes,Yes,No,No,Yes
CUST-00470,Elizabeth Rodriguez,Male,0,25,Yes,No,41,One year,90.41,3691.77,Credit card,Fiber optic,Yes,Yes,No,No,Yes,No,No,No,No
CUST-00471,Charles Davis,Male,0,23,Yes,No,58,Two year,79.44,4558.66,Credit card,DSL,Yes,Yes,No,No,No,Yes,Yes,No,Yes
CUST-00472,David Jones,Female,0,28,Yes,No,3,Month-to-month,109.45,349.92,Electronic check,Fiber optic,Yes,Yes,Yes,Yes,No,No,Yes,Yes,Yes
CUST-00473,Margaret Johnson,Male,1,68,Yes,Yes,43,Two year,64.53,2762.63,Credit card,DSL,Yes,Yes,No,No,No,No,No,Yes,No
CUST-00474,Joseph Hill,Female,0,53,No,No,59,Two year,80.68,4764.66,Electronic check,Fiber optic,Yes,No,No,No,No,No,No,No,No
CUST-00475,Charles Taylor,Female,0,55,Yes,Yes,2,Month-to-month,107.53,261.91,Bank transfer,Fiber optic,Yes,Yes,Yes,No,Yes,Yes,No,Yes,No
CUST-00476,Thomas Martin,Female,0,21,Yes,No,30,Two year,109.93,3333.41,Electronic check,Fiber optic,Yes,No,Yes,No,Yes,No,Yes,No,No
CUST-00477,Daniel Robinson,Female,0,44,Yes,No,6,Month-to-month,117.17,711.66,Electronic check,Fiber optic,Yes,No,Yes,Yes,Yes,No,No,Yes,No
CUST-00478,Ashley White,Female,0,42,No,No,55,Two year,71.68,3987.43,Bank transfer,Fiber optic,Yes,No,No,No,No,No,No,No,Yes
CUST-00479,Anthony Thompson,Female,0,22,No,Yes,22,One year,95.03,2079.76,Electronic check,DSL,Yes,No,No,Yes,Yes,Yes,No,No,Yes
CUST-00480,Lisa Hernandez,Male,0,36,No,Yes,12,Two year,80.73,959.11,Electronic check,Fiber optic,Yes,No,No,No,No,No,Yes,Yes,No
CUST-00481,Donald Perez,Male,1,82,Yes,Yes,9,Month-to-month,35.83,366.2,Mailed check,No,Yes,No internet service,No internet service,No internet service,No internet service,No internet service,No internet service,Yes,No
CUST-00482,Karen Jones,Male,0,54,Yes,Yes,40,One year,109.42,4405.19,Bank transfer,Fiber optic,Yes,No,Yes,No,Yes,Yes,Yes,Yes,No
CUST-00483,Susan Nguyen,Female,0,29,Yes,No,9,Month-to-month,98.31,835.49,Electronic check,Fiber optic,Yes,Yes,No,No,No,Yes,No,Yes,Yes
CUST-00484,Paul Ramirez,Male,0,29,No,No,8,Month-to-month,77.32,575.46,Electronic check,DSL,Yes,Yes,Yes,No,No,No,Yes,Yes,No
CUST-00485,Paul Young,Male,1,78,No,No,8,Month-to-month,103.26,831.82,Bank transfer,Fiber optic,Yes,Yes,Yes,No,No,Yes,No,No,Yes
CUST-00486,James Miller,Male,0,37,Yes,No,25,One year,105.67,2674.41,Electronic check,Fiber optic,Yes,No,No,Yes,Yes,Yes,No,No,No
CUST-00487,Michelle Robinson,Female,0,31,Yes,No,13,Two year,83.81,1088.43,Credit card,Fiber optic,Yes,No,Yes,No,No,No,No,No,Yes
CUST-00488,Betty Clark,Male,0,56,Yes,No,33,One year,92.71,3100.29,Credit card,DSL,Yes,Yes,Yes,Yes,No,No,No,Yes,No
CUST-00489,Kimberly Lewis,Male,0,42,Yes,Yes,10,Month-to-month,81.54,826.13,Credit card,Fiber optic,No,Yes,Yes,No,No,Yes,No,Yes,Yes
CUST-00490,Joseph Smith,Male,0,22,Yes,No,6,Month-to-month,63.7,423.87,Credit card,DSL,No,Yes,No,No,No,No,No,Yes,No
CUST-00491,Linda Young,Male,0,27,Yes,No,21,One year,95.24,1961.78,Mailed check,Fiber optic,Yes,Yes,Yes,No,No,No,Yes,No,No
CUST-00492,Margaret Scott,Male,1,75,Yes,No,37,One year,93.73,3489.67,Electronic check,DSL,Yes,Yes,Yes,Yes,Yes,No,No,Yes,No
CUST-00493,Donna Robinson,Male,0,27,Yes,No,60,Two year,103.07,6169.07,Credit card,Fiber optic,Yes,No,Yes,No,No,Yes,No,No,No
CUST-00494,Paul Jackson,Female,0,34,No,Yes,7,One year,79.09,571.21,Bank transfer,DSL,Yes,Yes,Yes,Yes,No,No,No,Yes,Yes
CUST-00495,Michelle Lewis,Male,0,29,Yes,Yes,5,Month-to-month,97.52,495.43,Electronic check,Fiber optic,Yes,Yes,No,No,No,No,Yes,Yes,Yes
CUST-00496,Thomas Rodriguez,Male,0,38,Yes,Yes,4,Month-to-month,64.74,249.05,Electronic check,DSL,Yes,Yes,Yes,No,No,No,No,No,No
CUST-00497,Elizabeth Walker,Male,0,64,No,No,31,One year,79.07,2445.86,Mailed check,DSL,Yes,No,No,Yes,No,Yes,No,Yes,No
CUST-00498,Barbara Johnson,Male,0,63,No,No,3,Month-to-month,26.64,30.56,Bank transfer,No,Yes,No internet service,No internet service,No internet service,No internet service,No internet service,No internet service,Yes,No
CUST-00499,Emily Flores,Female,0,64,No,No,2,Month-to-month,102.37,166.34,Credit card,Fiber optic,Yes,Yes,Yes,No,No,No,No,Yes,Yes
CUST-00500,John Wilson,Male,0,23,No,No,10,Month-to-month,93.67,964.49,Mailed check,Fiber optic,Yes,Yes,No,No,No,Yes,No,No,No
CUST-00501,Linda Rodriguez,Male,0,43,Yes,No,35,Two year,98.57,3462.08,Mailed check,Fiber optic,Yes,Yes,No,Yes,No,No,No,No,No
CUST-00502,Paul Smith,Male,0,26,Yes,No,45,Two year,32.32,1414.63,Credit card,No,Yes,No internet service,No internet service,No internet service,No internet service,No internet service,No internet service,Yes,No
CUST-00503,John Thompson,Female,1,73,No,No,23,One year,96.78,2260.32,Credit card,Fiber optic,Yes,No,Yes,Yes,No,No,Yes,No,No
CUST-00504,Joseph Thompson,Male,0,53,Yes,No,11,Month-to-month,90.94,1002.39,Credit card,Fiber optic,No,No,Yes,Yes,No,Yes,No,Yes,Yes
CUST-00505,Christopher Williams,Female,0,46,Yes,No,7,One year,95.15,685.89,Bank transfer,DSL,Yes,Yes,Yes,No,No,Yes,Yes,Yes,Yes
CUST-00506,Kimberly Williams,Female,0,50,Yes,No,13,One year,26.05,316.58,Mailed check,No,Yes,No internet service,No internet service,No internet service,No internet service,No internet service,No internet service,No,No
CUST-00507,Mary Sanchez,Female,0,42,Yes,No,27,Two year,66.15,1782.5,Bank transfer,DSL,Yes,Yes,No,Yes,No,No,No,Yes,No
CUST-00508,Michelle Hill,Male,0,19,Yes,No,32,Two year,100.76,3241.12,Bank transfer,Fiber optic,Yes,No,Yes,No,No,Yes,No,No,No
CUST-00509,Betty Clark,Male,0,42,No,No,8,Month-to-month,110.3,837.91,Credit card,Fiber optic,Yes,No,No,Yes,Yes,Yes,No,No,Yes
CUST-00510,Daniel Wilson,Female,0,31,No,No,3,Month-to-month,78.52,241.87,Mailed check,DSL,Yes,Yes,Yes,Yes,No,No,No,Yes,No
CUST-00511,Christopher Lewis,Male,0,32,Yes,No,17,One year,98.96,1720.04,Bank transfer,Fiber optic,Yes,Yes,No,Yes,No,No,No,Yes,Yes
CUST-00512,William Jones,Male,1,72,No,Yes,10,Month-to-month,87.15,918.12,Bank transfer,DSL,Yes,No,No,Yes,Yes,Yes,No,No,Yes
CUST-00513,Donna Flores,Male,0,48,No,No,16,One year,28.27,461.36,Mailed check,No,No,No internet service,No internet service,No internet service,No internet service,No internet service,No internet service,Yes,No
CUST-00514,Donna Garcia,Male,1,77,Yes,No,5,Month-to-month,71.19,330.98,Electronic check,DSL,Yes,No,Yes,No,No,No,Yes,No,No
CUST-00515,Charles Davis,Female,0,61,Yes,No,4,Month-to-month,26.29,112.54,Credit card,No,Yes,No internet service,No internet service,No internet service,No internet service,No internet service,No internet service,Yes,No
CUST-00516,Christopher Johnson,Male,0,23,Yes,No,26,One year,67.63,1768.16,Mailed check,DSL,No,No,No,No,Yes,No,Yes,No,No
CUST-00517,Barbara Clark,Female,0,50,No,No,2,Month-to-month,80.56,166.79,Bank transfer,DSL,Yes,No,Yes,Yes,Yes,No,No,No,Yes
CUST-00518,Margaret Clark,Female,1,65,No,Yes,22,One year,99.33,2188.06,Bank transfer,DSL,Yes,Yes,Yes,Yes,No,Yes,Yes,No,No
CUST-00519,Michelle Garcia,Female,1,79,Yes,No,11,Month-to-month,75.49,833.19,Credit card,DSL,Yes,No,Yes,No,No,No,Yes,No,No
CUST-00520,Jessica Rodriguez,Male,0,29,No,No,4,Month-to-month,100.21,373.31,Electronic check,Fiber optic,Yes,Yes,No,No,No,Yes,No,No,Yes
CUST-00521,David Nguyen,Male,0,49,No,Yes,11,Month-to-month,68.66,755.04,Credit card,DSL,Yes,No,No,No,No,Yes,No,Yes,Yes
CUST-00522,Emily Johnson,Female,0,20,Yes,No,30,Two year,79.15,2398.57,Credit card,DSL,Yes,Yes,Yes,No,Yes,No,No,Yes,No
CUST-00523,Joshua Flores,Male,0,61,No,No,28,Two year,66.05,1813.49,Mailed check,DSL,Yes,No,Yes,No,No,No,No,Yes,Yes
CUST-00524,Mary Jackson,Female,0,41,Yes,Yes,1,Month-to-month,75.93,75.93,Bank transfer,DSL,Yes,Yes,No,No,No,No,Yes,Yes,Yes
CUST-00525,Richard Garcia,Male,0,53,No,No,59,Two year,116.09,6879.78,Electronic check,Fiber optic,Yes,Yes,No,Yes,No,Yes,Yes,No,No
CUST-00526,James Hernandez,Male,0,52,No,Yes,9,Month-to-month,95.37,888.68,Bank transfer,Fiber optic,Yes,No,No,Yes,Yes,No,No,Yes,No
CUST-00527,Elizabeth Clark,Female,0,60,No,No,19,Two year,85.31,1600.08,Bank transfer,Fiber optic,Yes,No,No,No,No,No,Yes,Yes,No
CUST-00528,Emily Williams,Female,0,63,No,No,10,Month-to-month,88.57,887.39,Bank transfer,DSL,Yes,Yes,Yes,No,Yes,Yes,No,No,No
CUST-00529,Sarah Rodriguez,Female,0,35,No,Yes,10,Month-to-month,117.79,1196.93,Mailed check,Fiber optic,Yes,No,Yes,No,Yes,Yes,Yes,Yes,Yes
CUST-00530,Mary Johnson,Male,0,55,Yes,No,33,One year,25.08,817.6,Electronic check,No,Yes,No internet service,No internet service,No internet service,No internet service,No internet service,No internet service,Yes,No
CUST-00531,Sandra Allen,Female,0,60,No,No,5,Month-to-month,36.91,157.0,Bank transfer,No,Yes,No internet service,No internet service,No internet service,No internet service,No internet service,No internet service,Yes,No
CUST-00532,Christopher Hill,Female,0,37,Yes,Yes,1,Month-to-month,27.77,41.71,Credit card,No,Yes,No internet service,No internet service,No internet service,No internet service,No internet service,No internet service,Yes,Yes
CUST-00533,Daniel Thompson,Female,0,57,Yes,Yes,5,Month-to-month,83.88,375.2,Electronic check,DSL,Yes,No,Yes,Yes,Yes,No,No,Yes,Yes
CUST-00534,Christopher White,Male,0,33,Yes,No,11,Month-to-month,58.5,658.14,Electronic check,DSL,Yes,No,No,No,No,No,Yes,Yes,Yes
CUST-00535,Joseph Martinez,Female,0,58,No,Yes,58,Two year,71.06,4142.73,Mailed check,DSL,Yes,Yes,Yes,No,No,No,No,No,No
CUST-00536,Margaret Harris,Female,0,19,No,No,10,Month-to-month,100.44,1013.88,Credit card,Fiber optic,Yes,No,No,Yes,Yes,Yes,No,Yes,Yes
CUST-00537,Patricia Brown,Male,0,63,No,No,7,One year,121.02,800.69,Bank transfer,Fiber optic,Yes,Yes,Yes,Yes,No,Yes,Yes,Yes,No
CUST-00538,Donald Clark,Male,0,27,No,Yes,32,Two year,78.8,2473.15,Mailed check,DSL,Yes,No,No,No,Yes,No,Yes,Yes,Yes
CUST-00539,Patricia Anderson,Female,0,47,Yes,No,6,Month-to-month,35.64,247.89,Credit card,No,Yes,No internet service,No internet service,No internet service,No internet service,No internet service,No internet service,No,Yes
CUST-00540,Robert Young,Male,0,50,Yes,No,47,One year,30.09,1397.72,Bank transfer,No,Yes,No internet service,No internet service,No internet service,No internet service,No internet service,No internet service,No,No
CUST-00541,Karen Wilson,Female,1,72,Yes,No,4,Month-to-month,113.0,452.92,Mailed check,Fiber optic,Yes,Yes,Yes,No,No,Yes,Yes,Yes,Yes
CUST-00542,Michael Brown,Male,0,60,Yes,No,41,Two year,97.15,4005.75,Mailed check,DSL,Yes,Yes,No,Yes,No,Yes,Yes,No,No
CUST-00543,Anthony Flores,Female,0,62,No,No,32,One year,84.3,2716.63,Credit card,Fiber optic,Yes,Yes,No,No,Yes,No,No,Yes,No
CUST-00544,Joshua Allen,Female,0,48,Yes,No,25,One year,26.05,658.48,Credit card,No,Yes,No internet service,No internet service,No internet service,No internet service,No internet service,No internet service,No,No
CUST-00545,Patricia Thomas,Male,0,63,Yes,No,18,Two year,95.86,1741.06,Mailed check,Fiber optic,Yes,No,Yes,No,No,Yes,No,No,No
CUST-00546,Christopher Perez,Female,0,51,Yes,No,39,One year,123.2,4783.26,Credit card,Fiber optic,Yes,Yes,Yes,No,Yes,No,Yes,Yes,No
CUST-00547,Michael Nguyen,Male,0,58,Yes,Yes,5,Month-to-month,33.14,160.74,Bank transfer,No,Yes,No internet service,No internet service,No internet service,No internet service,No internet service,No internet service,Yes,Yes
CUST-00548,Donna Smith,Male,0,33,Yes,Yes,3,Month-to-month,85.4,274.33,Electronic check,Fiber optic,No,Yes,No,No,No,Yes,No,No,Yes
CUST-00549,Joshua Johnson,Female,0,18,No,Yes,19,One year,35.14,665.27,Mailed check,No,Yes,No internet service,No internet service,No internet service,No internet service,No internet service,No internet service,Yes,No
CUST-00550,Thomas Lopez,Male,0,38,Yes,No,1,Month-to-month,104.58,104.95,Electronic check,Fiber optic,Yes,No,Yes,No,Yes,No,Yes,No,Yes
CUST-00551,Kimberly Scott,Female,0,26,No,Yes,34,One year,103.9,3494.48,Bank transfer,Fiber optic,Yes,No,No,No,Yes,Yes,Yes,Yes,No
CUST-00552,Lisa Davis,Male,1,72,No,Yes,47,One year,31.32,1470.91,Bank transfer,No,Yes,No internet service,No internet service,No internet service,No internet service,No internet service,No internet service,No,No
CUST-00553,Robert Thompson,Male,0,42,No,No,3,Month-to-month,99.59,319.51,Electronic check,Fiber optic,Yes,Yes,No,No,No,No,Yes,Yes,No
CUST-00554,Margaret Moore,Female,0,46,Yes,Yes,6,Month-to-month,64.95,363.25,Mailed check,DSL,Yes,No,No,No,Yes,No,Yes,Yes,Yes
CUST-00555,William Gonzalez,Female,1,80,No,Yes,35,Two year,25.37,868.61,Credit card,No,No,No internet service,No internet service,No internet service,No internet service,No internet service,No internet service,No,No
CUST-00556,Richard Martinez,Male,0,54,No,No,18,Two year,99.49,1754.25,Mailed check,Fiber optic,Yes,Yes,No,No,Yes,No,Yes,No,No
CUST-00557,Jennifer Jackson,Male,0,20,No,No,8,Month-to-month,38.38,306.94,Mailed check,No,Yes,No internet service,No internet service,No internet service,No internet service,No internet service,No internet service,Yes,Yes
CUST-00558,Emily Davis,Male,0,43,No,No,5,Month-to-month,77.94,352.0,Bank transfer,DSL,Yes,No,Yes,No,Yes,No,No,Yes,No
CUST-00559,Linda Garcia,Male,0,19,No,No,30,One year,31.26,968.53,Mailed check,No,Yes,No internet service,No internet service,No internet service,No internet service,No internet service,No internet service,Yes,No
CUST-00560,Joshua Wright,Male,0,34,Yes,Yes,5,Month-to-month,107.66,565.5,Mailed check,Fiber optic,Yes,Yes,No,No,No,Yes,Yes,No,No
CUST-00561,Donald Smith,Female,0,62,No,No,41,One year,98.98,4090.51,Credit card,Fiber optic,Yes,Yes,Yes,No,No,No,No,No,No
CUST-00562,Karen Wright,Male,0,42,Yes,Yes,33,Two year,79.73,2642.52,Electronic check,DSL,No,Yes,No,Yes,Yes,Yes,No,No,Yes
CUST-00563,Andrew Allen,Male,0,53,Yes,No,7,Month-to-month,82.5,607.99,Mailed check,Fiber optic,Yes,No,No,No,No,No,No,Yes,No
CUST-00564,Jessica Nguyen,Male,0,63,No,Yes,2,Month-to-month,75.91,174.35,Mailed check,DSL,Yes,No,Yes,No,Yes,Yes,No,Yes,Yes
CUST-00565,Anthony Davis,Male,0,37,No,No,7,Month-to-month,34.4,219.08,Mailed check,No,Yes,No internet service,No internet service,No internet service,No internet service,No internet service,No internet service,No,No
CUST-00566,James Walker,Male,0,28,Yes,No,68,Two year,103.01,7033.69,Credit card,Fiber optic,Yes,Yes,Yes,No,No,Yes,No,Yes,Yes
CUST-00567,Robert Anderson,Female,0,54,Yes,No,13,One year,28.76,410.1,Bank transfer,No,Yes,No internet service,No internet service,No internet service,No internet service,No internet service,No internet service,Yes,No
CUST-00568,Mark Nguyen,Male,0,50,Yes,Yes,6,One year,32.26,186.94,Credit card,No,Yes,No internet service,No internet service,No internet service,No internet service,No internet service,No internet service,Yes,No
CUST-00569,Emily Scott,Male,1,84,Yes,No,9,Month-to-month,90.23,828.12,Bank transfer,DSL,Yes,Yes,Yes,No,No,Yes,No,No,No
CUST-00570,Sarah Davis,Male,1,83,Yes,No,42,Two year,68.56,2894.87,Electronic check,DSL,Yes,No,Yes,No,No,No,Yes,Yes,No
CUST-00571,Charles Hill,Male,0,60,Yes,No,13,Two year,82.89,1105.12,Mailed check,Fiber optic,No,No,No,Yes,No,No,Yes,Yes,No
CUST-00572,Mark Taylor,Female,0,29,Yes,Yes,52,Two year,33.35,1737.48,Electronic check,No,Yes,No internet service,No internet service,No internet service,No internet service,No internet service,No internet service,Yes,No
CUST-00573,Linda Rodriguez,Male,1,83,Yes,No,9,Month-to-month,107.33,972.86,Mailed check,Fiber optic,Yes,Yes,No,Yes,No,No,Yes,No,No
CUST-00574,Sarah Harris,Male,0,48,No,No,35,Two year,92.15,3232.6,Credit card,Fiber optic,Yes,Yes,Yes,No,No,No,No,No,Yes
CUST-00575,Linda Allen,Male,0,46,Yes,No,9,Month-to-month,71.62,689.49,Bank transfer,DSL,Yes,Yes,No,No,No,No,No,Yes,No
CUST-00576,Robert White,Male,0,26,No,Yes,7,One year,90.81,592.04,Credit card,Fiber optic,Yes,Yes,Yes,No,No,No,No,Yes,No
CUST-00577,Matthew Harris,Female,0,25,No,No,47,One year,83.18,3941.09,Bank transfer,Fiber optic,No,Yes,No,No,Yes,No,No,No,Yes
CUST-00578,Michelle Smith,Male,0,33,Yes,No,7,Month-to-month,99.79,651.55,Credit card,Fiber optic,Yes,Yes,Yes,No,No,Yes,No,No,Yes
CUST-00579,Anthony Jones,Female,0,27,No,No,29,Two year,81.02,2386.91,Credit card,DSL,Yes,Yes,No,Yes,No,No,No,No,No
CUST-00580,Kimberly Lopez,Female,0,45,No,Yes,1,Month-to-month,81.41,87.54,Bank transfer,Fiber optic,Yes,No,Yes,No,No,No,No,Yes,No
CUST-00581,Donald Thompson,Female,0,48,Yes,No,10,Month-to-month,95.23,1002.15,Mailed check,Fiber optic,Yes,No,Yes,No,No,Yes,No,Yes,No
CUST-00582,Barbara Brown,Female,0,23,No,No,4,Month-to-month,30.42,110.73,Bank transfer,No,Yes,No internet service,No internet service,No internet service,No internet service,No internet service,No internet service,Yes,No
CUST-00583,Anthony Thomas,Female,0,62,No,No,13,Two year,100.99,1352.92,Bank transfer,DSL,Yes,Yes,No,No,Yes,Yes,Yes,No,No
CUST-00584,Linda Hill,Female,0,61,No,No,7,Month-to-month,113.36,790.02,Credit card,Fiber optic,Yes,Yes,Yes,Yes,Yes,No,No,Yes,No
CUST-00585,Lisa Hernandez,Female,0,29,No,No,10,Month-to-month,100.75,967.68,Credit card,Fiber optic,Yes,Yes,No,No,No,No,Yes,Yes,Yes
CUST-00586,Linda Brown,Female,1,73,No,No,4,Month-to-month,91.48,411.65,Mailed check,Fiber optic,No,Yes,No,No,Yes,No,Yes,Yes,Yes
CUST-00587,Linda Davis,Female,0,38,Yes,No,33,One year,95.86,3137.8,Credit card,DSL,Yes,Yes,No,Yes,Yes,No,Yes,Yes,No
CUST-00588,Susan Smith,Male,0,49,No,Yes,38,Two year,74.04,2839.76,Bank transfer,DSL,Yes,No,Yes,No,No,Yes,No,No,No
CUST-00589,Susan Rodriguez,Male,0,43,Yes,Yes,7,One year,28.92,252.0,Bank transfer,No,Yes,No internet service,No internet service,No internet service,No internet service,No internet service,No internet service,Yes,No
CUST-00590,Steven Williams,Male,0,27,Yes,No,3,Month-to-month,76.79,226.75,Credit card,DSL,Yes,No,Yes,Yes,No,No,No,Yes,No
CUST-00591,Ashley Hill,Male,0,32,Yes,Yes,1,Month-to-month,133.3,133.3,Credit card,Fiber optic,Yes,Yes,Yes,Yes,Yes,No,Yes,No,No
CUST-00592,Donna Young,Female,1,69,No,No,25,One year,112.98,2836.25,Bank transfer,Fiber optic,Yes,Yes,Yes,No,No,Yes,Yes,No,No
CUST-00593,Michael Torres,Male,0,49,No,No,40,Two year,18.15,714.34,Mailed check,No,No,No internet service,No internet service,No internet service,No internet service,No internet service,No internet service,No,No
CUST-00594,Charles Ramirez,Male,0,18,No,No,48,Two year,69.25,3314.46,Electronic check,DSL,No,No,Yes,Yes,No,No,No,Yes,No
CUST-00595,David Scott,Female,0,60,Yes,Yes,7,Month-to-month,114.05,819.86,Credit card,Fiber optic,Yes,No,No,Yes,Yes,Yes,Yes,No,No
CUST-00596,William Perez,Male,0,19,No,No,12,Two year,38.19,505.14,Bank transfer,No,Yes,No internet service,No internet service,No internet service,No internet service,No internet service,No internet service,Yes,No
CUST-00597,Susan Jones,Male,0,55,No,No,20,One year,33.57,673.08,Bank transfer,No,Yes,No internet service,No internet service,No internet service,No internet service,No internet service,No internet service,Yes,No
CUST-00598,Michelle Rodriguez,Male,0,45,Yes,No,60,Two year,83.93,5038.87,Electronic check,Fiber optic,Yes,No,No,No,No,No,No,Yes,No
CUST-00599,David Torres,Male,0,42,Yes,No,45,Two year,95.57,4292.53,Bank transfer,Fiber optic,Yes,Yes,Yes,No,No,No,No,Yes,No
CUST-00600,David Torres,Female,0,21,Yes,No,1,Month-to-month,88.35,88.35,Mailed check,DSL,Yes,Yes,No,Yes,Yes,No,No,Yes,No
CUST-00601,Thomas Gonzalez,Female,0,21,Yes,No,15,One year,62.43,954.26,Mailed check,DSL,Yes,No,No,Yes,No,No,No,No,No
CUST-00602,Lisa Martin,Male,0,31,Yes,No,11,Month-to-month,34.19,412.84,Mailed check,No,Yes,No internet service,No internet service,No internet service,No internet service,No internet service,No internet service,No,Yes
CUST-00603,Michael Young,Male,0,39,Yes,No,21,One year,107.44,2237.76,Bank transfer,Fiber optic,Yes,Yes,No,No,Yes,Yes,No,No,No
CUST-00604,Andrew Smith,Male,1,84,No,Yes,7,Month-to-month,37.93,306.14,Electronic check,No,Yes,No internet service,No internet service,No internet service,No internet service,No internet service,No internet service,No,No
CUST-00605,John Miller,Female,0,33,Yes,Yes,8,Month-to-month,86.9,671.73,Bank transfer,DSL,Yes,No,Yes,Yes,No,Yes,Yes,Yes,Yes
CUST-00606,Donald Davis,Female,0,55,No,No,40,One year,26.08,1064.06,Electronic check,No,Yes,No internet service,No internet service,No internet service,No internet service,No internet service,No internet service,No,No
CUST-00607,Emily Hill,Female,0,45,No,No,37,Two year,70.14,2556.91,Mailed check,DSL,Yes,No,Yes,No,No,Yes,No,No,No
CUST-00608,Christopher Gonzalez,Female,0,25,No,Yes,6,Month-to-month,119.52,675.09,Electronic check,Fiber optic,Yes,Yes,Yes,No,Yes,Yes,Yes,Yes,Yes
CUST-00609,Donna Brown,Male,0,59,Yes,No,6,Month-to-month,94.65,577.08,Mailed check,DSL,Yes,No,Yes,Yes,Yes,Yes,No,No,No
CUST-00610,Sandra Johnson,Female,0,48,Yes,No,7,Month-to-month,80.66,519.67,Mailed check,DSL,Yes,No,Yes,Yes,No,Yes,No,Yes,Yes
CUST-00611,Paul Anderson,Male,0,40,No,No,29,One year,102.06,2922.4,Credit card,Fiber optic,Yes,Yes,Yes,No,No,Yes,Yes,Yes,No
CUST-00612,Richard Wright,Male,1,70,No,No,8,Month-to-month,75.2,636.6,Credit card,Fiber optic,No,No,No,No,Yes,No,No,Yes,No
CUST-00613,Margaret Scott,Female,0,52,Yes,No,42,Two year,38.13,1552.54,Mailed check,No,Yes,No internet service,No internet service,No internet service,No internet service,No internet service,No internet service,Yes,No
CUST-00614,David Hill,Male,0,62,No,Yes,11,Month-to-month,122.82,1361.78,Bank transfer,Fiber optic,Yes,Yes,Yes,Yes,Yes,Yes,No,No,No
CUST-00615,Betty Taylor,Female,1,73,No,Yes,1,Month-to-month,86.8,86.8,Electronic check,DSL,Yes,Yes,No,Yes,Yes,Yes,No,Yes,Yes
CUST-00616,Sandra Johnson,Male,1,81,No,No,9,Month-to-month,29.59,279.06,Electronic check,No,Yes,No internet service,No internet service,No internet service,No internet service,No internet service,No internet service,No,No
CUST-00617,Karen Miller,Male,0,55,No,Yes,9,Month-to-month,87.3,760.87,Mailed check,Fiber optic,No,No,Yes,Yes,No,Yes,No,Yes,Yes
CUST-00618,Betty Ramirez,Female,0,39,Yes,No,9,Month-to-month,80.49,691.68,Bank transfer,Fiber optic,Yes,No,No,No,No,Yes,No,No,No
CUST-00619,Donna Taylor,Male,0,49,Yes,Yes,6,Month-to-month,80.64,498.94,Mailed check,Fiber optic,Yes,Yes,No,No,No,No,No,No,Yes
CUST-00620,Donna Allen,Male,0,31,No,Yes,8,Month-to-month,95.05,737.78,Bank transfer,Fiber optic,Yes,No,Yes,No,No,No,Yes,Yes,Yes
CUST-00621,Sandra Williams,Male,1,70,Yes,Yes,39,One year,73.72,2867.48,Bank transfer,DSL,Yes,No,No,No,Yes,No,Yes,Yes,No
CUST-00622,John Harris,Male,0,20,No,No,3,Month-to-month,101.23,266.08,Mailed check,DSL,Yes,No,No,Yes,Yes,Yes,Yes,Yes,No
CUST-00623,Mark Lopez,Female,0,42,No,Yes,42,One year,111.51,4721.98,Mailed check,Fiber optic,Yes,No,Yes,Yes,No,Yes,Yes,No,No
CUST-00624,Nancy Gonzalez,Male,1,82,No,No,4,Month-to-month,58.66,270.73,Mailed check,DSL,Yes,No,No,No,No,No,Yes,Yes,Yes
CUST-00625,Christopher Scott,Male,1,80,Yes,No,36,One year,97.59,3499.56,Bank transfer,DSL,Yes,Yes,Yes,No,Yes,Yes,No,Yes,No
CUST-00626,Ashley Young,Female,0,36,Yes,No,1,Month-to-month,69.1,69.1,Bank transfer,DSL,Yes,No,No,No,Yes,No,No,Yes,Yes
CUST-00627,Thomas Miller,Female,0,38,No,No,36,One year,27.09,932.04,Electronic check,No,No,No internet service,No internet service,No internet service,No internet service,No internet service,No internet service,Yes,No
CUST-00628,Andrew Torres,Male,0,43,No,No,71,Two year,117.2,8318.81,Credit card,Fiber optic,Yes,Yes,Yes,No,Yes,Yes,Yes,Yes,No
CUST-00629,Donald Brown,Male,1,81,No,No,3,Month-to-month,110.0,358.69,Credit card,Fiber optic,Yes,Yes,Yes,Yes,Yes,Yes,No,Yes,Yes
CUST-00630,Ashley Clark,Male,0,19,No,No,11,Month-to-month,103.06,1180.75,Bank transfer,Fiber optic,Yes,No,No,No,Yes,Yes,No,Yes,No
CUST-00631,Christopher Brown,Male,0,37,Yes,Yes,30,One year,86.17,2549.67,Electronic check,Fiber optic,Yes,Yes,No,No,No,No,No,Yes,No
CUST-00632,Lisa Scott,Female,0,20,Yes,No,37,One year,58.27,2135.63,Mailed check,DSL,Yes,No,Yes,No,No,No,No,No,No
CUST-00633,David Lee,Female,0,35,No,No,39,Two year,33.94,1339.27,Mailed check,No,Yes,No internet service,No internet service,No internet service,No internet service,No internet service,No internet service,Yes,No
CUST-00634,David Johnson,Female,0,46,Yes,No,71,Two year,67.83,4812.19,Credit card,DSL,Yes,No,Yes,No,No,Yes,No,Yes,No
CUST-00635,Patricia Harris,Female,1,66,No,No,33,Two year,92.93,3086.71,Mailed check,Fiber optic,Yes,Yes,No,No,Yes,No,No,Yes,Yes
CUST-00636,Mary Martin,Female,0,31,No,Yes,65,Two year,35.7,2328.43,Credit card,No,Yes,No internet service,No internet service,No internet service,No internet service,No internet service,No internet service,Yes,No
CUST-00637,Kimberly Flores,Male,0,31,Yes,Yes,10,Month-to-month,92.24,915.34,Mailed check,Fiber optic,Yes,Yes,No,Yes,No,No,No,No,Yes
CUST-00638,Joshua Jackson,Male,1,68,No,Yes,6,One year,86.85,565.96,Mailed check,Fiber optic,Yes,No,No,No,Yes,No,Yes,Yes,Yes
CUST-00639,Mary Perez,Female,0,45,Yes,Yes,32,One year,95.32,3076.62,Credit card,Fiber optic,Yes,Yes,Yes,No,No,No,Yes,No,No
CUST-00640,Sandra King,Female,0,43,No,No,10,One year,78.66,760.33,Credit card,Fiber optic,Yes,No,No,No,No,No,No,No,Yes
CUST-00641,Joshua Jackson,Male,0,54,Yes,No,38,One year,116.72,4476.71,Electronic check,Fiber optic,Yes,No,Yes,Yes,Yes,Yes,Yes,Yes,No
CUST-00642,Sarah Nguyen,Female,0,37,Yes,No,32,Two year,101.68,3298.95,Electronic check,Fiber optic,Yes,No,No,Yes,Yes,No,Yes,Yes,No
CUST-00643,James King,Female,0,55,No,No,46,Two year,88.92,4099.48,Credit card,Fiber optic,Yes,No,Yes,No,No,Yes,No,Yes,No
CUST-00644,Ashley Moore,Female,0,53,Yes,No,60,Two year,27.3,1647.89,Electronic check,No,Yes,No internet service,No internet service,No internet service,No internet service,No internet service,No internet service,Yes,No
CUST-00645,Michelle Johnson,Female,0,25,No,No,27,Two year,115.94,3178.92,Electronic check,Fiber optic,Yes,Yes,Yes,Yes,Yes,No,No,No,No
CUST-00646,Thomas Thompson,Female,0,57,No,No,47,One year,71.79,3387.68,Electronic check,DSL,Yes,No,No,Yes,Yes,No,No,No,No
CUST-00647,Jessica Sanchez,Male,0,60,Yes,No,21,One year,99.29,2101.09,Bank transfer,DSL,Yes,Yes,Yes,Yes,No,Yes,No,Yes,No
CUST-00648,Sarah Brown,Male,0,38,Yes,No,1,Month-to-month,95.98,95.98,Electronic check,Fiber optic,Yes,No,Yes,No,Yes,No,Yes,No,Yes
CUST-00649,Michelle Jackson,Female,0,29,No,Yes,6,Month-to-month,105.61,589.63,Bank transfer,Fiber optic,Yes,No,Yes,Yes,Yes,No,No,No,Yes
CUST-00650,David Thomas,Female,0,61,No,No,4,Month-to-month,82.41,285.68,Electronic check,Fiber optic,Yes,No,No,No,No,No,No,Yes,Yes
CUST-00651,Charles Williams,Male,0,64,No,Yes,7,Month-to-month,65.75,487.25,Credit card,DSL,Yes,No,Yes,No,No,No,No,Yes,Yes
CUST-00652,Christopher Wilson,Male,0,40,No,No,46,One year,95.27,4346.44,Credit card,Fiber optic,Yes,No,No,Yes,Yes,No,No,Yes,Yes
CUST-00653,Linda Moore,Female,0,61,Yes,No,4,Month-to-month,75.72,268.65,Bank transfer,DSL,Yes,Yes,No,No,No,Yes,No,Yes,Yes
CUST-00654,Joshua King,Male,0,63,No,No,22,Two year,87.39,1896.38,Credit card,Fiber optic,No,Yes,Yes,Yes,No,No,No,No,No
CUST-00655,David Thomas,Male,0,41,No,Yes,35,Two year,57.39,2004.11,Electronic check,DSL,Yes,No,Yes,No,No,No,No,No,No
CUST-00656,Robert Ramirez,Female,0,63,No,No,4,Month-to-month,86.06,302.55,Mailed check,Fiber optic,Yes,No,No,No,Yes,No,No,No,No
CUST-00657,Mary Lee,Male,0,26,Yes,No,39,One year,74.84,2888.46,Credit card,DSL,Yes,Yes,No,No,Yes,No,No,Yes,No
CUST-00658,Jessica Perez,Male,0,25,No,No,32,One year,39.71,1222.97,Electronic check,No,Yes,No internet service,No internet service,No internet service,No internet service,No internet service,No internet service,Yes,No
CUST-00659,Donna Miller,Female,1,79,Yes,No,16,Two year,93.26,1472.57,Mailed check,Fiber optic,Yes,Yes,No,No,Yes,No,No,Yes,No
CUST-00660,Sarah Clark,Female,0,44,No,No,6,Month-to-month,131.53,829.94,Bank transfer,Fiber optic,Yes,Yes,Yes,Yes,Yes,Yes,Yes,Yes,No
CUST-00661,Michael Sanchez,Male,0,37,Yes,Yes,31,Two year,98.3,3069.56,Credit card,Fiber optic,Yes,No,No,No,Yes,No,Yes,No,Yes
CUST-00662,Margaret Lee,Male,1,79,No,No,12,One year,38.76,505.4,Bank transfer,No,Yes,No internet service,No internet service,No internet service,No internet service,No internet service,No internet service,Yes,No
CUST-00663,Mark Martinez,Female,0,63,Yes,Yes,34,One year,35.47,1208.8,Mailed check,No,Yes,No internet service,No internet service,No internet service,No internet service,No internet service,No internet service,Yes,No
CUST-00664,Christopher Lee,Male,1,82,No,Yes,5,Month-to-month,60.82,264.4,Mailed check,DSL,Yes,No,No,No,No,No,No,Yes,Yes
CUST-00665,Mark Miller,Male,1,65,No,Yes,10,Month-to-month,97.05,940.69,Credit card,Fiber optic,Yes,Yes,Yes,No,No,No,No,Yes,Yes
CUST-00666,Joshua Garcia,Female,0,49,Yes,No,29,One year,99.58,2921.24,Credit card,DSL,Yes,Yes,Yes,No,Yes,Yes,Yes,Yes,No
CUST-00667,Betty Anderson,Male,0,60,Yes,No,13,One year,74.96,942.54,Credit card,Fiber optic,Yes,No,No,No,No,No,No,Yes,No
CUST-00668,Joseph Allen,Male,0,52,No,Yes,20,One year,99.53,2020.61,Mailed check,Fiber optic,Yes,No,Yes,Yes,No,No,No,Yes,No
CUST-00669,Donna Miller,Male,0,25,No,No,15,One year,89.12,1376.49,Electronic check,DSL,Yes,Yes,Yes,No,No,Yes,No,No,No
CUST-00670,John Young,Male,0,41,Yes,No,8,Month-to-month,109.32,843.33,Electronic check,Fiber optic,Yes,Yes,Yes,Yes,No,No,Yes,No,No
CUST-00671,Sandra Walker,Female,0,53,Yes,No,6,Month-to-month,106.32,608.61,Mailed check,Fiber optic,Yes,Yes,Yes,No,Yes,No,No,No,No
CUST-00672,Anthony Harris,Female,0,22,No,No,14,Two year,24.56,311.69,Bank transfer,No,No,No internet service,No internet service,No internet service,No internet service,No internet service,No internet service,Yes,No
CUST-00673,Thomas Lopez,Female,1,74,No,Yes,15,One year,27.8,378.32,Electronic check,No,No,No internet service,No internet service,No internet service,No internet service,No internet service,No internet service,Yes,No
CUST-00674,David Hill,Female,0,62,Yes,Yes,43,One year,28.39,1218.81,Mailed check,No,Yes,No internet service,No internet service,No internet service,No internet service,No internet service,No internet service,Yes,No
CUST-00675,Susan Clark,Male,0,46,No,Yes,38,Two year,59.35,2213.21,Electronic check,DSL,Yes,No,No,No,Yes,No,No,Yes,No
CUST-00676,Steven Harris,Female,0,30,Yes,Yes,2,Month-to-month,76.09,188.19,Electronic check,Fiber optic,Yes,No,No,No,No,No,No,No,No
CUST-00677,Steven Brown,Female,0,56,No,Yes,8,Month-to-month,32.31,290.61,Credit card,No,Yes,No internet service,No internet service,No internet service,No internet service,No internet service,No internet service,Yes,No
CUST-00678,David Jones,Female,0,35,Yes,Yes,11,Month-to-month,86.89,931.59,Credit card,Fiber optic,Yes,No,Yes,No,Yes,No,No,No,No
CUST-00679,Karen Lee,Male,0,53,Yes,Yes,4,Month-to-month,89.79,346.7,Bank transfer,Fiber optic,Yes,No,No,Yes,No,Yes,No,Yes,Yes
CUST-00680,Anthony Ramirez,Male,0,29,Yes,No,29,Two year,80.43,2335.89,Electronic check,Fiber optic,Yes,No,Yes,No,No,No,No,Yes,No
CUST-00681,Joshua Sanchez,Female,0,41,No,Yes,5,Month-to-month,76.35,399.68,Electronic check,DSL,Yes,No,Yes,Yes,No,No,No,Yes,No
CUST-00682,Thomas Nguyen,Female,0,51,No,No,2,Month-to-month,81.47,163.37,Electronic check,Fiber optic,Yes,No,No,Yes,No,No,No,Yes,No
CUST-00683,James Sanchez,Female,0,58,No,No,21,One year,36.07,798.67,Credit card,No,Yes,No internet service,No internet service,No internet service,No internet service,No internet service,No internet service,No,No
CUST-00684,Jessica Young,Male,0,61,No,No,21,Two year,26.9,585.17,Mailed check,No,Yes,No internet service,No internet service,No internet service,No internet service,No internet service,No internet service,Yes,No
CUST-00685,Joshua Young,Male,0,44,Yes,No,17,One year,81.73,1383.34,Electronic check,DSL,Yes,Yes,No,No,No,No,Yes,Yes,Yes
CUST-00686,Sandra Thompson,Female,1,79,No,No,8,Month-to-month,75.34,563.07,Mailed check,DSL,Yes,No,No,No,No,Yes,Yes,Yes,No
CUST-00687,Robert Hernandez,Male,0,40,Yes,No,9,Month-to-month,27.99,246.39,Electronic check,No,Yes,No internet service,No internet service,No internet service,No internet service,No internet service,No internet service,Yes,Yes
CUST-00688,Mark White,Female,0,34,No,Yes,32,Two year,81.24,2624.15,Electronic check,DSL,Yes,Yes,Yes,Yes,No,Yes,No,No,No
CUST-00689,Jennifer Garcia,Female,0,48,No,No,7,Month-to-month,65.42,490.79,Electronic check,DSL,Yes,Yes,No,No,No,No,No,No,Yes
CUST-00690,Margaret Moore,Male,0,29,Yes,No,10,Month-to-month,75.44,714.04,Mailed check,DSL,Yes,No,No,No,No,Yes,Yes,Yes,Yes
CUST-00691,Thomas Wright,Male,0,49,No,No,8,Month-to-month,103.36,784.77,Credit card,Fiber optic,Yes,Yes,No,No,Yes,No,Yes,No,No
CUST-00692,Emily Flores,Male,0,25,Yes,No,7,Month-to-month,96.11,633.52,Credit card,Fiber optic,No,No,Yes,Yes,Yes,Yes,No,No,Yes
CUST-00693,Barbara Harris,Male,0,24,Yes,No,3,Month-to-month,85.73,285.16,Bank transfer,DSL,Yes,No,Yes,Yes,No,No,Yes,No,No
CUST-00694,Lisa Johnson,Male,0,53,Yes,No,10,Month-to-month,68.71,729.93,Electronic check,DSL,Yes,Yes,Yes,No,No,No,No,Yes,No
CUST-00695,Nancy Nguyen,Female,0,31,Yes,Yes,8,Month-to-month,100.67,842.52,Bank transfer,Fiber optic,Yes,No,No,No,Yes,No,Yes,Yes,Yes
CUST-00696,John Anderson,Female,1,74,Yes,No,4,Month-to-month,101.35,398.13,Credit card,Fiber optic,Yes,Yes,Yes,Yes,No,No,No,Yes,No
CUST-00697,Christopher Johnson,Female,0,47,Yes,Yes,11,Month-to-month,36.78,411.33,Electronic check,No,Yes,No internet service,No internet service,No internet service,No internet service,No internet service,No internet service,Yes,No
CUST-00698,Patricia Scott,Female,0,26,Yes,No,17,Two year,88.89,1471.56,Electronic check,DSL,Yes,Yes,Yes,No,Yes,Yes,No,Yes,No
CUST-00699,Richard Gonzalez,Male,0,58,Yes,No,10,Month-to-month,29.17,253.61,Mailed check,No,Yes,No internet service,No internet service,No internet service,No internet service,No internet service,No internet service,No,No
CUST-00700,Kimberly Wright,Female,0,22,No,No,1,Month-to-month,67.99,67.99,Credit card,DSL,Yes,Yes,No,Yes,No,No,No,Yes,No
CUST-00701,Anthony Miller,Male,0,61,No,Yes,41,One year,74.16,3064.8,Credit card,DSL,No,No,Yes,Yes,No,Yes,No,Yes,No
CUST-00702,Patricia Brown,Male,0,34,Yes,No,3,Month-to-month,70.56,185.68,Credit card,DSL,Yes,No,Yes,No,No,Yes,No,Yes,No
CUST-00703,William Torres,Female,0,32,Yes,No,36,Two year,77.52,2780.22,Mailed check,Fiber optic,Yes,Yes,No,No,No,No,No,Yes,No
CUST-00704,John White,Female,1,82,Yes,No,2,Month-to-month,36.24,83.29,Electronic check,No,Yes,No internet service,No internet service,No internet service,No internet service,No internet service,No internet service,Yes,Yes
CUST-00705,Susan Ramirez,Male,1,83,Yes,Yes,7,Month-to-month,104.37,723.13,Bank transfer,Fiber optic,Yes,Yes,Yes,No,Yes,No,No,No,No
CUST-00706,Nancy Martin,Female,0,32,No,No,11,Month-to-month,27.65,323.09,Bank transfer,No,Yes,No internet service,No internet service,No internet service,No internet service,No internet service,No internet service,Yes,No
CUST-00707,Betty Thomas,Male,0,27,No,No,5,Month-to-month,110.65,512.87,Bank transfer,Fiber optic,Yes,No,Yes,No,Yes,Yes,Yes,Yes,No
CUST-00708,Robert Thomas,Female,0,32,Yes,No,23,Two year,77.35,1769.17,Credit card,DSL,Yes,No,No,Yes,Yes,No,Yes,Yes,No
CUST-00709,David Gonzalez,Female,0,62,No,No,11,Month-to-month,34.92,348.69,Electronic check,No,Yes,No internet service,No internet service,No internet service,No internet service,No internet service,No internet service,Yes,No
CUST-00710,Betty Nguyen,Male,1,79,No,No,67,Two year,29.23,1970.92,Bank transfer,No,Yes,No internet service,No internet service,No internet service,No internet service,No internet service,No internet service,Yes,No
CUST-00711,Linda Robinson,Male,1,72,No,No,10,Month-to-month,80.07,787.05,Electronic check,DSL,Yes,Yes,No,No,No,Yes,Yes,No,No
CUST-00712,Jessica Taylor,Female,0,33,No,Yes,4,Month-to-month,83.4,322.13,Electronic check,Fiber optic,Yes,Yes,No,No,No,No,No,No,No
CUST-00713,Steven Nguyen,Female,0,27,No,No,8,Month-to-month,93.27,736.54,Electronic check,DSL,Yes,Yes,Yes,No,Yes,No,Yes,Yes,Yes
CUST-00714,Barbara Moore,Female,1,79,No,Yes,21,One year,77.25,1655.01,Credit card,Fiber optic,Yes,No,Yes,No,No,No,No,Yes,Yes
CUST-00715,Patricia Lopez,Male,0,47,No,No,4,Month-to-month,26.94,69.61,Electronic check,No,Yes,No internet service,No internet service,No internet service,No internet service,No internet service,No internet service,No,No
CUST-00716,Charles Nguyen,Male,0,64,No,No,12,Two year,123.8,1519.08,Mailed check,Fiber optic,Yes,Yes,Yes,Yes,Yes,Yes,No,Yes,Yes
CUST-00717,Richard Taylor,Female,1,81,No,Yes,6,Month-to-month,81.43,457.34,Bank transfer,Fiber optic,Yes,No,No,No,No,No,No,Yes,No
CUST-00718,Jessica Harris,Female,0,46,No,No,22,One year,97.36,2166.81,Mailed check,Fiber optic,Yes,No,Yes,No,No,Yes,No,Yes,Yes
CUST-00719,Anthony Jones,Male,0,49,Yes,Yes,2,Month-to-month,39.45,51.78,Bank transfer,No,Yes,No internet service,No internet service,No internet service,No internet service,No internet service,No internet service,Yes,No
CUST-00720,Andrew Thompson,Male,0,44,Yes,No,11,Month-to-month,107.27,1172.67,Bank transfer,Fiber optic,Yes,No,Yes,Yes,No,Yes,Yes,Yes,No
CUST-00721,Mark Gonzalez,Female,0,47,No,No,25,Two year,96.64,2442.73,Mailed check,DSL,No,Yes,Yes,No,Yes,Yes,No,Yes,No
CUST-00722,Joshua Wilson,Female,0,30,Yes,Yes,4,Month-to-month,64.23,222.06,Bank transfer,DSL,Yes,Yes,No,No,No,No,No,Yes,Yes
CUST-00723,Donald Thompson,Male,1,78,No,Yes,9,Month-to-month,109.39,960.54,Electronic check,Fiber optic,Yes,Yes,No,Yes,Yes,Yes,No,No,Yes
CUST-00724,Anthony Taylor,Male,0,24,Yes,No,11,Month-to-month,101.72,1157.85,Electronic check,DSL,Yes,No,No,Yes,Yes,Yes,Yes,No,No
CUST-00725,Ashley Robinson,Male,0,55,Yes,Yes,3,Month-to-month,102.47,325.15,Mailed check,Fiber optic,Yes,No,Yes,Yes,No,Yes,Yes,Yes,No
CUST-00726,Richard Clark,Female,0,64,No,No,22,Two year,85.55,1909.43,Electronic check,DSL,Yes,Yes,No,No,No,Yes,No,Yes,Yes
CUST-00727,Patricia Williams,Female,1,83,Yes,No,5,Month-to-month,106.91,508.05,Mailed check,Fiber optic,Yes,Yes,Yes,No,Yes,No,Yes,No,Yes
CUST-00728,Robert Brown,Female,0,60,Yes,No,9,Month-to-month,30.15,318.68,Credit card,No,Yes,No internet service,No internet service,No internet service,No internet service,No internet service,No internet service,Yes,No
CUST-00729,William Davis,Male,0,63,No,No,24,One year,29.9,679.4,Credit card,No,Yes,No internet service,No internet service,No internet service,No internet service,No internet service,No internet service,Yes,No
CUST-00730,Richard Rodriguez,Male,0,19,No,No,1,Month-to-month,95.87,104.25,Electronic check,Fiber optic,Yes,No,Yes,No,No,Yes,No,Yes,Yes
CUST-00731,Barbara Williams,Male,0,41,No,No,3,Month-to-month,107.2,366.55,Mailed check,Fiber optic,Yes,No,Yes,Yes,No,No,Yes,Yes,Yes
CUST-00732,Sarah Perez,Male,0,61,Yes,No,19,Two year,93.28,1793.02,Credit card,Fiber optic,Yes,Yes,Yes,Yes,No,No,No,No,No
CUST-00733,Matthew Gonzalez,Female,0,44,Yes,No,2,Month-to-month,30.53,86.12,Mailed check,No,Yes,No internet service,No internet service,No internet service,No internet service,No internet service,No internet service,No,No
CUST-00734,Joseph Clark,Male,0,31,Yes,Yes,11,Month-to-month,87.48,1003.24,Bank transfer,DSL,Yes,No,Yes,Yes,Yes,Yes,No,Yes,No
CUST-00735,James Jackson,Male,0,53,Yes,No,3,Month-to-month,37.06,159.6,Bank transfer,No,Yes,No internet service,No internet service,No internet service,No internet service,No internet service,No internet service,Yes,Yes
CUST-00736,Patricia Jones,Male,0,61,Yes,No,4,Month-to-month,39.89,194.82,Credit card,No,Yes,No internet service,No internet service,No internet service,No internet service,No internet service,No internet service,Yes,No
CUST-00737,Robert Smith,Female,0,21,Yes,No,21,One year,114.79,2397.69,Mailed check,Fiber optic,Yes,Yes,Yes,No,Yes,Yes,No,No,Yes
CUST-00738,Nancy Hill,Female,0,51,No,No,3,Month-to-month,69.63,193.23,Electronic check,DSL,Yes,No,No,No,No,Yes,No,Yes,No
CUST-00739,Joshua Harris,Male,0,20,Yes,Yes,15,One year,85.39,1231.74,Credit card,Fiber optic,No,No,Yes,Yes,No,No,No,No,No
CUST-00740,Paul Wilson,Female,0,63,No,No,4,Month-to-month,66.87,243.54,Credit card,DSL,Yes,No,Yes,No,Yes,No,No,Yes,No
CUST-00741,Christopher Garcia,Male,0,24,Yes,Yes,5,Month-to-month,31.87,189.06,Credit card,No,Yes,No internet service,No internet service,No internet service,No internet service,No internet service,No internet service,No,Yes
CUST-00742,Patricia Smith,Male,0,54,Yes,Yes,30,Two year,72.96,2201.31,Bank transfer,DSL,Yes,Yes,No,No,No,No,No,Yes,No
CUST-00743,Nancy Scott,Male,0,61,Yes,No,23,Two year,87.05,2020.98,Electronic check,DSL,Yes,Yes,No,Yes,Yes,Yes,Yes,No,Yes
CUST-00744,Susan Thompson,Male,0,24,Yes,Yes,6,Month-to-month,110.39,710.33,Mailed check,Fiber optic,Yes,Yes,Yes,Yes,No,Yes,No,Yes,Yes
CUST-00745,Linda Sanchez,Male,0,25,No,No,3,Month-to-month,70.57,203.84,Credit card,DSL,Yes,Yes,No,No,No,No,No,No,Yes
CUST-00746,James Sanchez,Female,0,22,No,No,4,Month-to-month,56.63,193.37,Bank transfer,DSL,Yes,No,No,No,No,No,No,No,No
CUST-00747,Emily Harris,Female,0,42,No,Yes,17,Two year,31.84,543.24,Electronic check,No,Yes,No internet service,No internet service,No internet service,No internet service,No internet service,No internet service,Yes,No
CUST-00748,Thomas Taylor,Male,0,35,No,No,10,Month-to-month,72.31,732.53,Mailed check,Fiber optic,No,Yes,No,No,No,No,No,Yes,Yes
CUST-00749,David Flores,Female,1,79,Yes,No,41,One year,84.67,3482.06,Bank transfer,Fiber optic,Yes,Yes,No,No,No,Yes,No,Yes,No
CUST-00750,Betty Lewis,Female,1,65,No,No,3,Month-to-month,104.09,342.9,Credit card,Fiber optic,Yes,Yes,Yes,Yes,No,No,No,Yes,No
CUST-00751,Mary Torres,Female,0,32,Yes,No,2,Month-to-month,87.05,183.91,Mailed check,DSL,Yes,Yes,Yes,Yes,Yes,No,No,No,No
CUST-00752,Ashley Smith,Female,0,35,Yes,No,4,Month-to-month,102.59,443.49,Mailed check,Fiber optic,Yes,No,No,Yes,Yes,Yes,No,No,Yes
CUST-00753,Kimberly Moore,Male,1,68,Yes,No,7,Month-to-month,38.44,271.57,Mailed check,No,Yes,No internet service,No internet service,No internet service,No internet service,No internet service,No internet service,Yes,Yes
CUST-00754,Emily White,Male,0,25,No,No,41,One year,74.82,3106.29,Bank transfer,DSL,Yes,Yes,No,No,No,No,No,Yes,No
CUST-00755,William Miller,Male,0,53,Yes,No,20,One year,86.67,1684.79,Credit card,Fiber optic,Yes,No,No,No,Yes,No,No,Yes,No
CUST-00756,Charles Anderson,Male,0,41,No,Yes,29,One year,31.45,961.64,Mailed check,No,Yes,No internet service,No internet service,No internet service,No internet service,No internet service,No internet service,Yes,No
CUST-00757,James Lee,Female,0,36,Yes,No,54,Two year,78.38,4203.22,Credit card,DSL,Yes,No,Yes,No,No,No,Yes,No,No
CUST-00758,Emily Moore,Female,0,51,Yes,No,3,Month-to-month,29.61,101.74,Credit card,No,No,No internet service,No internet service,No internet service,No internet service,No internet service,No internet service,No,Yes
CUST-00759,Elizabeth Thomas,Male,1,80,Yes,Yes,67,Two year,61.64,4096.88,Electronic check,DSL,Yes,No,No,No,No,Yes,No,No,No
CUST-00760,Barbara Miller,Male,0,54,No,No,12,One year,30.66,323.8,Mailed check,No,Yes,No internet service,No internet service,No internet service,No internet service,No internet service,No internet service,No,No
CUST-00761,Steven King,Female,0,28,Yes,No,1,Month-to-month,93.46,130.69,Mailed check,Fiber optic,Yes,No,Yes,No,Yes,No,No,No,No
CUST-00762,Margaret Torres,Female,0,25,No,No,55,Two year,29.37,1602.06,Credit card,No,Yes,No internet service,No internet service,No internet service,No internet service,No internet service,No internet service,Yes,No
CUST-00763,Donald Lewis,Male,0,29,No,No,5,Month-to-month,75.76,413.33,Bank transfer,DSL,Yes,No,No,No,Yes,No,Yes,Yes,Yes
CUST-00764,Lisa Jones,Female,0,53,No,No,32,Two year,15.71,483.07,Mailed check,No,No,No internet service,No internet service,No internet service,No internet service,No internet service,No internet service,Yes,No
CUST-00765,Karen Hill,Female,0,57,Yes,No,1,Month-to-month,119.41,119.41,Mailed check,Fiber optic,Yes,Yes,Yes,Yes,No,Yes,No,Yes,No
CUST-00766,Joshua Young,Male,0,64,Yes,No,5,Month-to-month,72.22,368.52,Mailed check,DSL,Yes,No,No,No,No,Yes,Yes,Yes,No
CUST-00767,Michelle Clark,Female,0,19,Yes,Yes,59,Two year,85.94,5070.04,Bank transfer,DSL,Yes,Yes,Yes,No,No,No,Yes,No,No
CUST-00768,William Jones,Male,1,75,No,Yes,18,One year,93.76,1722.43,Mailed check,DSL,Yes,Yes,Yes,No,No,No,Yes,Yes,No
CUST-00769,William Lewis,Female,0,40,Yes,Yes,70,Two year,62.05,4320.8,Credit card,DSL,Yes,No,No,No,No,No,No,No,No
CUST-00770,Betty Lopez,Female,1,83,Yes,No,34,One year,67.3,2315.95,Mailed check,DSL,No,No,Yes,No,No,No,Yes,Yes,No
CUST-00771,Michael Hernandez,Female,0,46,No,No,15,One year,37.57,570.68,Electronic check,No,Yes,No internet service,No internet service,No internet service,No internet service,No internet service,No internet service,Yes,No
CUST-00772,Karen Miller,Female,1,70,Yes,No,44,One year,97.82,4345.65,Bank transfer,Fiber optic,Yes,No,Yes,No,No,No,Yes,Yes,No
CUST-00773,Charles Robinson,Male,1,82,No,No,9,Month-to-month,112.24,1055.55,Electronic check,Fiber optic,Yes,No,No,Yes,Yes,Yes,Yes,No,Yes
CUST-00774,Anthony Harris,Female,1,79,Yes,No,10,Month-to-month,74.92,705.89,Electronic check,Fiber optic,Yes,No,No,Yes,No,No,No,No,No
CUST-00775,Donna Martinez,Female,0,33,No,No,7,Month-to-month,86.75,577.5,Credit card,DSL,Yes,Yes,Yes,No,Yes,No,No,Yes,Yes
CUST-00776,Charles Taylor,Female,0,64,No,No,14,One year,39.94,549.51,Bank transfer,No,Yes,No internet service,No internet service,No internet service,No internet service,No internet service,No internet service,No,No
CUST-00777,Kimberly Ramirez,Female,0,26,No,No,5,Month-to-month,84.61,461.42,Mailed check,DSL,Yes,No,No,Yes,No,Yes,Yes,Yes,Yes
CUST-00778,Emily Miller,Male,1,67,No,No,20,One year,77.39,1546.07,Mailed check,Fiber optic,No,No,No,Yes,No,No,No,Yes,No
CUST-00779,Sarah Brown,Male,0,46,No,No,32,One year,77.7,2448.73,Credit card,DSL,Yes,Yes,Yes,No,No,Yes,Yes,No,No
CUST-00780,Linda Perez,Female,0,61,Yes,No,7,Month-to-month,89.68,671.05,Mailed check,Fiber optic,Yes,Yes,No,Yes,No,No,No,Yes,No
CUST-00781,Christopher Garcia,Female,1,84,Yes,Yes,6,Month-to-month,38.13,270.54,Bank transfer,No,Yes,No internet service,No internet service,No internet service,No internet service,No internet service,No internet service,Yes,No
CUST-00782,Ashley Clark,Female,0,59,Yes,No,3,Month-to-month,89.67,272.5,Bank transfer,Fiber optic,Yes,Yes,Yes,No,No,No,No,No,Yes
CUST-00783,Michelle Wilson,Female,0,20,No,No,37,Two year,87.54,3252.22,Credit card,DSL,Yes,No,No,Yes,Yes,No,Yes,Yes,No
CUST-00784,Emily Martinez,Female,0,24,Yes,Yes,71,Two year,77.83,5488.42,Bank transfer,DSL,Yes,Yes,Yes,No,Yes,No,No,Yes,No
CUST-00785,David Ramirez,Female,0,33,Yes,No,9,Month-to-month,64.35,599.53,Credit card,DSL,Yes,No,No,No,No,Yes,No,Yes,No
CUST-00786,Michael Martinez,Female,0,55,No,No,6,Month-to-month,77.88,483.68,Mailed check,DSL,Yes,No,No,Yes,No,Yes,No,No,Yes
CUST-00787,Betty Rodriguez,Female,0,32,Yes,Yes,4,Month-to-month,94.4,395.29,Bank transfer,Fiber optic,Yes,Yes,No,No,No,Yes,No,No,Yes
CUST-00788,Anthony Thomas,Female,0,55,Yes,No,26,One year,39.99,1014.12,Credit card,No,Yes,No internet service,No internet service,No internet service,No internet service,No internet service,No internet service,No,No
CUST-00789,John Torres,Male,0,22,Yes,No,26,One year,77.3,1964.04,Bank transfer,DSL,Yes,Yes,Yes,No,No,No,No,No,Yes
CUST-00790,Betty Wilson,Female,0,32,Yes,Yes,16,Two year,89.95,1484.52,Credit card,DSL,No,No,No,Yes,Yes,Yes,Yes,Yes,No
CUST-00791,Ashley Young,Male,0,63,No,Yes,42,One year,96.71,4104.82,Bank transfer,DSL,Yes,Yes,Yes,Yes,Yes,Yes,No,No,No
CUST-00792,Matthew Smith,Female,0,22,No,No,1,Month-to-month,18.62,18.62,Mailed check,No,No,No internet service,No internet service,No internet service,No internet service,No internet service,No internet service,Yes,No
CUST-00793,Jennifer Rodriguez,Male,1,77,No,Yes,18,Two year,116.51,2060.83,Electronic check,Fiber optic,Yes,Yes,No,No,Yes,No,Yes,No,No
CUST-00794,Charles Sanchez,Male,0,46,No,No,44,One year,49.99,2183.8,Credit card,DSL,No,No,No,No,Yes,No,No,No,No
CUST-00795,Sarah Allen,Male,0,20,No,No,8,Month-to-month,65.45,557.43,Electronic check,DSL,Yes,Yes,No,No,No,Yes,No,Yes,No
CUST-00796,Mark Torres,Male,0,62,No,No,5,Month-to-month,81.64,401.82,Bank transfer,DSL,Yes,No,Yes,No,Yes,No,Yes,No,No
CUST-00797,Paul Brown,Male,0,23,No,No,4,Month-to-month,67.67,274.6,Credit card,DSL,Yes,No,No,No,Yes,No,Yes,No,No
CUST-00798,Robert White,Female,1,82,No,No,10,Month-to-month,35.81,347.5,Bank transfer,No,Yes,No internet service,No internet service,No internet service,No internet service,No internet service,No internet service,No,No
CUST-00799,Kimberly Martinez,Female,0,45,Yes,No,10,Month-to-month,68.42,635.88,Bank transfer,DSL,Yes,No,No,No,Yes,No,No,Yes,Yes
CUST-00800,Joshua Harris,Male,0,39,Yes,No,47,One year,61.86,2929.71,Electronic check,DSL,No,Yes,No,No,Yes,No,No,Yes,No
CUST-00801,John Miller,Female,0,52,Yes,No,2,Month-to-month,77.43,182.17,Credit card,DSL,Yes,No,Yes,No,No,Yes,No,Yes,No
CUST-00802,Susan Harris,Female,0,53,Yes,No,64,Two year,80.57,5144.24,Mailed check,Fiber optic,Yes,No,No,No,No,No,Yes,No,No
CUST-00803,Jennifer Thompson,Male,0,28,No,Yes,9,Month-to-month,87.25,790.92,Mailed check,Fiber optic,Yes,No,Yes,No,No,Yes,No,Yes,No
CUST-00804,Donald Ramirez,Female,0,41,Yes,No,13,Two year,60.15,814.12,Credit card,DSL,Yes,No,Yes,No,No,No,No,No,No
CUST-00805,Susan Williams,Male,0,49,Yes,No,8,One year,82.61,662.99,Electronic check,DSL,Yes,No,No,Yes,No,Yes,No,Yes,No
CUST-00806,Patricia King,Male,0,44,Yes,No,5,Month-to-month,38.41,184.5,Credit card,No,Yes,No internet service,No internet service,No internet service,No internet service,No internet service,No internet service,Yes,No
CUST-00807,Anthony Wright,Male,0,28,No,No,5,Month-to-month,91.12,474.13,Credit card,DSL,Yes,Yes,Yes,No,Yes,No,Yes,Yes,Yes
CUST-00808,William Moore,Female,0,54,No,Yes,8,Month-to-month,125.03,992.05,Mailed check,Fiber optic,Yes,Yes,Yes,Yes,Yes,Yes,No,Yes,No
CUST-00809,David Torres,Female,1,74,No,Yes,57,Two year,74.36,4205.67,Credit card,Fiber optic,Yes,No,No,No,No,No,No,Yes,No
CUST-00810,Michelle Scott,Male,0,27,Yes,Yes,4,Month-to-month,30.6,107.2,Bank transfer,No,Yes,No internet service,No internet service,No internet service,No internet service,No internet service,No internet service,Yes,No
CUST-00811,Mark Clark,Male,0,22,No,Yes,8,Month-to-month,76.32,627.75,Credit card,DSL,Yes,No,Yes,Yes,No,Yes,No,Yes,No
CUST-00812,Charles Walker,Female,0,48,Yes,Yes,8,Month-to-month,82.63,690.71,Electronic check,Fiber optic,No,No,No,No,Yes,No,Yes,Yes,Yes
CUST-00813,David Smith,Male,0,40,Yes,No,24,One year,75.97,1826.96,Electronic check,DSL,Yes,No,No,No,Yes,Yes,No,Yes,No
CUST-00814,Elizabeth Flores,Female,0,52,No,No,26,One year,85.02,2253.42,Electronic check,Fiber optic,Yes,No,No,No,Yes,No,No,No,No
CUST-00815,Steven Wright,Female,0,56,Yes,No,32,Two year,36.55,1207.1,Bank transfer,No,Yes,No internet service,No internet service,No internet service,No internet service,No internet service,No internet service,Yes,No
CUST-00816,Susan Flores,Male,0,52,No,No,2,Month-to-month,29.69,104.74,Mailed check,No,Yes,No internet service,No internet service,No internet service,No internet service,No internet service,No internet service,Yes,No
CUST-00817,Susan Moore,Female,0,25,Yes,No,9,Month-to-month,30.21,307.4,Mailed check,No,Yes,No internet service,No internet service,No internet service,No internet service,No internet service,No internet service,No,No
CUST-00818,Mary Nguyen,Female,0,58,No,No,8,Month-to-month,90.93,759.67,Credit card,DSL,Yes,Yes,Yes,No,Yes,Yes,No,Yes,Yes
CUST-00819,John Lee,Male,0,45,Yes,No,9,One year,33.46,337.0,Credit card,No,Yes,No internet service,No internet service,No internet service,No internet service,No internet service,No internet service,No,No
CUST-00820,Christopher Jones,Female,0,64,No,Yes,6,Month-to-month,68.47,378.21,Bank transfer,DSL,Yes,No,No,No,No,No,Yes,Yes,No
CUST-00821,Jennifer Thompson,Male,0,47,No,No,8,Month-to-month,97.59,810.26,Electronic check,Fiber optic,Yes,No,Yes,No,Yes,No,Yes,No,No
CUST-00822,Linda Miller,Female,0,60,No,No,3,Month-to-month,83.05,235.87,Electronic check,Fiber optic,Yes,No,No,No,No,No,Yes,Yes,No
CUST-00823,Matthew Torres,Female,0,19,Yes,No,1,Month-to-month,94.96,94.96,Bank transfer,Fiber optic,Yes,Yes,No,Yes,No,No,No,No,No
CUST-00824,Linda Robinson,Female,0,28,No,Yes,1,Month-to-month,100.07,148.16,Credit card,Fiber optic,Yes,No,No,Yes,No,Yes,Yes,No,No
CUST-00825,Donna Rodriguez,Female,0,46,Yes,No,19,One year,102.31,1932.06,Electronic check,Fiber optic,Yes,No,Yes,No,Yes,No,Yes,Yes,No
CUST-00826,Anthony Wright,Male,0,62,Yes,Yes,14,One year,63.83,876.41,Credit card,DSL,Yes,Yes,No,No,No,No,Yes,No,No
CUST-00827,Joshua Gonzalez,Female,0,45,No,Yes,11,Month-to-month,78.73,839.95,Mailed check,DSL,Yes,No,Yes,No,No,Yes,No,No,No
CUST-00828,Paul Johnson,Female,0,37,Yes,No,44,Two year,86.36,3838.29,Bank transfer,DSL,Yes,Yes,Yes,No,No,No,Yes,Yes,No
CUST-00829,Charles Lee,Female,0,19,No,No,34,One year,79.87,2741.0,Credit card,Fiber optic,Yes,No,No,Yes,No,No,No,No,No
CUST-00830,Barbara Scott,Female,0,49,Yes,Yes,14,One year,98.01,1397.23,Mailed check,Fiber optic,Yes,Yes,Yes,No,No,Yes,Yes,Yes,Yes
CUST-00831,Linda Ramirez,Female,0,47,Yes,No,23,Two year,37.22,827.29,Bank transfer,No,Yes,No internet service,No internet service,No internet service,No internet service,No internet service,No internet service,Yes,No
CUST-00832,Donna Martin,Female,1,83,No,No,44,One year,101.9,4517.15,Credit card,DSL,Yes,Yes,Yes,Yes,Yes,Yes,Yes,No,No
CUST-00833,Robert Lopez,Male,0,46,No,No,5,Month-to-month,77.13,393.39,Mailed check,DSL,Yes,Yes,Yes,No,Yes,No,No,Yes,Yes
CUST-00834,Patricia Moore,Female,0,37,Yes,No,11,Month-to-month,84.69,927.7,Credit card,DSL,Yes,Yes,Yes,No,Yes,No,No,Yes,Yes
CUST-00835,John Miller,Female,0,45,Yes,Yes,9,Month-to-month,92.4,838.31,Electronic check,Fiber optic,Yes,No,No,Yes,No,No,No,No,Yes
CUST-00836,Margaret Perez,Male,0,41,Yes,No,10,Month-to-month,84.26,814.94,Electronic check,Fiber optic,No,No,No,No,No,Yes,Yes,No,Yes
CUST-00837,Lisa Harris,Male,0,23,Yes,No,16,One year,98.21,1557.22,Electronic check,Fiber optic,No,Yes,No,Yes,No,Yes,Yes,Yes,Yes
CUST-00838,Michael Williams,Female,0,21,No,No,3,Month-to-month,107.07,350.16,Mailed check,Fiber optic,Yes,Yes,Yes,Yes,No,Yes,No,Yes,No
CUST-00839,Donna Clark,Female,0,61,No,No,3,Month-to-month,70.82,189.03,Credit card,DSL,No,No,No,Yes,No,No,Yes,No,Yes
CUST-00840,Susan Thompson,Female,0,29,Yes,Yes,53,Two year,87.62,4598.19,Mailed check,Fiber optic,Yes,No,No,No,No,No,Yes,No,Yes
CUST-00841,William Davis,Female,0,28,No,No,33,One year,86.85,2905.69,Credit card,DSL,Yes,No,No,Yes,Yes,Yes,Yes,Yes,No
CUST-00842,Jennifer Robinson,Male,0,59,Yes,Yes,9,One year,80.94,771.27,Electronic check,Fiber optic,Yes,No,No,No,No,No,No,Yes,No
CUST-00843,Linda Jones,Female,1,71,No,No,7,Month-to-month,100.64,734.28,Bank transfer,Fiber optic,Yes,Yes,No,No,Yes,No,Yes,No,No
CUST-00844,Sarah Moore,Male,0,23,No,Yes,65,Two year,89.83,5810.48,Electronic check,Fiber optic,Yes,No,No,No,No,Yes,No,Yes,No
CUST-00845,Joshua Anderson,Female,0,53,No,No,35,One year,91.99,3241.78,Mailed check,DSL,Yes,Yes,No,No,Yes,Yes,No,Yes,No
CUST-00846,Andrew Lewis,Male,1,78,Yes,No,8,Month-to-month,77.63,633.55,Credit card,DSL,Yes,No,No,Yes,No,No,Yes,Yes,Yes
CUST-00847,Daniel Lopez,Female,0,24,Yes,Yes,28,One year,80.23,2220.35,Bank transfer,DSL,Yes,No,Yes,Yes,Yes,No,No,Yes,No
CUST-00848,William Nguyen,Male,0,43,Yes,No,35,One year,88.16,3098.09,Credit card,DSL,Yes,Yes,No,Yes,Yes,Yes,No,Yes,No
CUST-00849,Karen Gonzalez,Female,0,47,Yes,No,20,Two year,30.8,569.58,Electronic check,No,Yes,No internet service,No internet service,No internet service,No internet service,No internet service,No internet service,Yes,No
CUST-00850,Sarah Taylor,Male,1,74,No,Yes,16,One year,77.24,1263.16,Bank transfer,DSL,Yes,No,No,No,No,Yes,Yes,No,No
CUST-00851,Robert White,Male,0,60,Yes,No,13,One year,25.94,350.54,Electronic check,No,Yes,No internet service,No internet service,No internet service,No internet service,No internet service,No internet service,Yes,No
CUST-00852,Steven Martinez,Male,0,45,No,Yes,41,One year,69.89,2831.56,Electronic check,DSL,Yes,No,No,No,Yes,Yes,No,Yes,No
CUST-00853,James Young,Female,0,59,No,Yes,46,One year,89.21,4096.75,Electronic check,Fiber optic,No,Yes,No,Yes,No,No,Yes,No,No
CUST-00854,Michelle Hill,Female,0,25,Yes,No,7,Month-to-month,36.28,298.64,Bank transfer,No,Yes,No internet service,No internet service,No internet service,No internet service,No internet service,No internet service,No,Yes
CUST-00855,Donald Gonzalez,Female,0,49,Yes,No,47,One year,97.2,4526.11,Bank transfer,Fiber optic,Yes,No,No,No,Yes,No,Yes,Yes,Yes
CUST-00856,Daniel Anderson,Female,0,31,No,No,3,Month-to-month,84.41,241.88,Mailed check,DSL,Yes,No,No,Yes,Yes,Yes,No,Yes,Yes
CUST-00857,Sarah Smith,Male,0,58,Yes,No,8,Month-to-month,81.44,602.8,Bank transfer,DSL,Yes,Yes,Yes,No,Yes,No,No,Yes,No
CUST-00858,James Wilson,Male,0,36,No,No,55,Two year,100.78,5566.55,Bank transfer,Fiber optic,Yes,No,No,Yes,No,Yes,No,No,No
CUST-00859,Anthony King,Male,1,65,Yes,No,14,One year,83.95,1162.06,Electronic check,Fiber optic,No,No,Yes,No,No,No,Yes,No,No
CUST-00860,Donald Lee,Male,0,35,No,Yes,15,Two year,36.02,503.37,Mailed check,No,Yes,No internet service,No internet service,No internet service,No internet service,No internet service,No internet service,Yes,No
CUST-00861,Donald Nguyen,Male,0,50,No,No,7,Month-to-month,39.89,323.49,Electronic check,No,Yes,No internet service,No internet service,No internet service,No internet service,No internet service,No internet service,Yes,Yes
CUST-00862,Linda Nguyen,Male,0,44,Yes,No,66,Two year,81.86,5357.73,Credit card,Fiber optic,Yes,No,Yes,No,No,No,No,No,No
CUST-00863,Robert Torres,Male,0,28,No,No,17,Two year,68.96,1215.48,Mailed check,DSL,Yes,No,No,No,No,Yes,No,Yes,Yes
CUST-00864,Steven Robinson,Female,1,84,Yes,No,7,Month-to-month,96.8,644.27,Electronic check,DSL,Yes,No,Yes,Yes,Yes,No,Yes,Yes,Yes
CUST-00865,Sarah Moore,Female,0,62,No,No,28,Two year,115.65,3204.84,Mailed check,Fiber optic,Yes,Yes,Yes,Yes,No,Yes,No,Yes,No
CUST-00866,Matthew Thompson,Male,1,82,No,No,2,Month-to-month,65.77,106.21,Electronic check,DSL,Yes,No,Yes,No,No,Yes,No,Yes,No
CUST-00867,Linda Thompson,Male,0,26,No,No,25,Two year,76.96,1935.6,Bank transfer,DSL,Yes,Yes,Yes,Yes,No,No,No,No,No
CUST-00868,Susan Rodriguez,Female,0,60,Yes,No,21,One year,25.5,506.31,Mailed check,No,Yes,No internet service,No internet service,No internet service,No internet service,No internet service,No internet service,No,No
CUST-00869,Susan Brown,Female,1,70,No,No,8,Month-to-month,66.95,551.68,Credit card,DSL,Yes,No,No,Yes,No,No,No,No,Yes
CUST-00870,Susan Walker,Male,1,80,Yes,No,40,Two year,75.46,3067.97,Mailed check,DSL,Yes,Yes,No,No,No,Yes,No,Yes,No
CUST-00871,Andrew Robinson,Male,0,62,No,No,69,Two year,37.46,2545.75,Electronic check,No,Yes,No internet service,No internet service,No internet service,No internet service,No internet service,No internet service,Yes,No
CUST-00872,Andrew Jones,Male,0,50,Yes,No,7,One year,29.06,233.23,Electronic check,No,Yes,No internet service,No internet service,No internet service,No internet service,No internet service,No internet service,Yes,No
CUST-00873,Andrew Jackson,Male,0,33,No,No,9,Month-to-month,38.44,369.96,Credit card,No,Yes,No internet service,No internet service,No internet service,No internet service,No internet service,No internet service,Yes,No
CUST-00874,Joshua Wright,Male,0,55,Yes,No,8,Month-to-month,29.22,186.63,Mailed check,No,Yes,No internet service,No internet service,No internet service,No internet service,No internet service,No internet service,No,Yes
CUST-00875,Kimberly Moore,Male,0,39,Yes,No,8,Month-to-month,90.94,706.49,Credit card,Fiber optic,Yes,No,Yes,Yes,No,No,No,No,Yes
CUST-00876,Nancy Nguyen,Female,0,60,Yes,No,1,Month-to-month,104.76,144.91,Credit card,Fiber optic,Yes,Yes,Yes,No,No,Yes,No,No,No
CUST-00877,Michael Perez,Female,0,55,Yes,No,1,Month-to-month,29.28,29.28,Bank transfer,No,No,No internet service,No internet service,No internet service,No internet service,No internet service,No internet service,No,Yes
CUST-00878,Barbara Davis,Female,0,58,No,No,8,Month-to-month,95.08,747.22,Mailed check,Fiber optic,Yes,Yes,No,Yes,No,No,No,Yes,Yes
CUST-00879,Donald Flores,Female,0,51,No,Yes,2,Month-to-month,94.75,157.6,Electronic check,Fiber optic,Yes,No,Yes,No,No,No,No,Yes,Yes
CUST-00880,Emily Moore,Female,1,77,Yes,Yes,37,One year,82.86,3109.17,Credit card,Fiber optic,No,No,No,Yes,No,Yes,No,No,No
CUST-00881,James Robinson,Male,1,74,No,Yes,7,One year,15.81,159.57,Electronic check,No,No,No internet service,No internet service,No internet service,No internet service,No internet service,No internet service,Yes,No
CUST-00882,Barbara White,Male,0,33,No,Yes,7,Month-to-month,78.45,572.84,Mailed check,Fiber optic,Yes,Yes,No,No,No,No,No,Yes,Yes
CUST-00883,Christopher Rodriguez,Male,0,18,No,No,8,Month-to-month,64.9,560.23,Electronic check,DSL,Yes,No,Yes,No,No,No,No,Yes,Yes
CUST-00884,Michelle Flores,Female,0,45,Yes,No,4,Month-to-month,65.38,218.71,Credit card,DSL,Yes,No,No,No,No,No,Yes,Yes,Yes
CUST-00885,Mary Allen,Female,0,26,No,Yes,6,Month-to-month,99.88,631.03,Electronic check,Fiber optic,Yes,Yes,Yes,No,No,Yes,No,No,No
CUST-00886,Mary Sanchez,Female,0,20,Yes,No,5,Month-to-month,94.75,428.07,Bank transfer,Fiber optic,No,Yes,No,Yes,No,No,Yes,Yes,Yes
CUST-00887,Christopher Wilson,Female,0,31,No,No,8,Month-to-month,100.63,850.69,Bank transfer,Fiber optic,No,Yes,Yes,No,Yes,No,No,Yes,No
CUST-00888,Emily Thomas,Female,0,51,No,Yes,51,Two year,77.1,3896.63,Mailed check,DSL,Yes,No,Yes,No,No,Yes,No,Yes,Yes
CUST-00889,John Hernandez,Female,0,46,No,No,9,Month-to-month,108.07,959.66,Mailed check,Fiber optic,Yes,Yes,No,Yes,No,No,Yes,Yes,Yes
CUST-00890,Matthew Torres,Male,0,20,No,No,5,Month-to-month,89.7,439.13,Credit card,Fiber optic,Yes,No,No,Yes,Yes,No,No,Yes,Yes
CUST-00891,Jessica Anderson,Male,0,48,No,No,50,Two year,107.39,5403.93,Electronic check,Fiber optic,Yes,Yes,Yes,Yes,No,Yes,No,Yes,No
CUST-00892,Charles Johnson,Male,0,19,Yes,Yes,4,Month-to-month,62.96,278.19,Credit card,DSL,Yes,No,No,Yes,No,No,No,Yes,No
CUST-00893,Linda Miller,Male,0,53,Yes,No,45,One year,65.04,2889.4,Credit card,DSL,Yes,No,Yes,Yes,No,No,No,Yes,Yes
CUST-00894,Mark Lopez,Female,0,37,No,No,2,Month-to-month,62.63,85.72,Mailed check,DSL,No,No,No,No,Yes,No,Yes,No,Yes
CUST-00895,Thomas Lopez,Male,0,54,No,No,3,Month-to-month,77.93,282.5,Electronic check,DSL,Yes,No,No,No,Yes,Yes,No,Yes,Yes
CUST-00896,John Flores,Male,0,61,No,Yes,60,Two year,36.12,2153.67,Bank transfer,No,Yes,No internet service,No internet service,No internet service,No internet service,No internet service,No internet service,Yes,No
CUST-00897,Patricia Allen,Male,0,44,Yes,No,46,One year,25.69,1186.65,Mailed check,No,Yes,No internet service,No internet service,No internet service,No internet service,No internet service,No internet service,Yes,No
CUST-00898,Charles Moore,Male,0,27,No,No,40,Two year,35.94,1432.19,Mailed check,No,Yes,No internet service,No internet service,No internet service,No internet service,No internet service,No internet service,Yes,No
CUST-00899,Joshua Lopez,Female,0,28,No,Yes,2,Month-to-month,87.35,130.85,Bank transfer,Fiber optic,Yes,No,Yes,No,No,No,No,No,Yes
CUST-00900,Paul Hernandez,Female,0,57,Yes,Yes,9,Month-to-month,100.28,941.88,Credit card,Fiber optic,Yes,No,Yes,Yes,Yes,No,No,Yes,No
CUST-00901,Michael Martin,Male,0,32,No,No,3,Month-to-month,80.88,290.36,Bank transfer,DSL,Yes,Yes,No,No,Yes,Yes,No,Yes,No
CUST-00902,James Brown,Male,0,57,No,Yes,31,One year,102.0,3115.04,Credit card,DSL,Yes,No,Yes,Yes,Yes,Yes,No,Yes,No
CUST-00903,John Flores,Male,0,55,No,No,10,Month-to-month,110.23,1080.21,Bank transfer,Fiber optic,Yes,Yes,Yes,Yes,Yes,No,No,Yes,Yes
CUST-00904,Elizabeth Rodriguez,Female,0,18,Yes,Yes,47,One year,34.34,1641.91,Mailed check,No,Yes,No internet service,No internet service,No internet service,No internet service,No internet service,No internet service,No,No
CUST-00905,William Jackson,Male,0,50,Yes,No,1,Month-to-month,109.46,126.45,Electronic check,DSL,Yes,Yes,Yes,Yes,Yes,Yes,Yes,Yes,No
CUST-00906,Thomas Thomas,Male,0,61,Yes,No,59,Two year,26.32,1581.5,Mailed check,No,Yes,No internet service,No internet service,No internet service,No internet service,No internet service,No internet service,Yes,No
CUST-00907,Christopher Rodriguez,Female,0,47,Yes,No,1,Month-to-month,71.12,113.12,Electronic check,DSL,Yes,Yes,Yes,No,No,No,No,No,No
CUST-00908,Andrew King,Male,0,63,Yes,Yes,27,One year,71.9,1978.12,Credit card,DSL,Yes,Yes,No,No,Yes,No,No,Yes,No
CUST-00909,Lisa Davis,Female,0,27,Yes,No,11,Month-to-month,93.85,993.42,Mailed check,Fiber optic,Yes,No,Yes,No,Yes,No,No,Yes,Yes
CUST-00910,Michael Wright,Female,0,25,No,No,2,Month-to-month,82.7,180.77,Credit card,Fiber optic,Yes,No,No,No,No,Yes,No,No,Yes
CUST-00911,Thomas Thomas,Female,0,62,Yes,No,69,Two year,79.02,5469.92,Bank transfer,DSL,Yes,Yes,No,No,Yes,No,Yes,No,No
CUST-00912,Betty Martinez,Male,0,25,No,No,56,Two year,71.01,4019.88,Electronic check,DSL,Yes,No,No,No,No,Yes,No,Yes,No
CUST-00913,Nancy Garcia,Male,0,41,Yes,No,34,One year,103.8,3522.28,Electronic check,Fiber optic,Yes,Yes,No,Yes,Yes,No,No,Yes,No
CUST-00914,Mary Allen,Female,0,44,No,No,2,Month-to-month,81.09,205.79,Electronic check,DSL,Yes,Yes,No,No,Yes,No,No,Yes,No
CUST-00915,Mary Thompson,Male,0,61,Yes,Yes,64,Two year,70.11,4464.52,Bank transfer,DSL,Yes,No,No,No,No,Yes,No,No,No
CUST-00916,James Lee,Male,0,46,No,No,11,One year,93.74,1058.73,Mailed check,Fiber optic,Yes,Yes,Yes,No,Yes,No,No,Yes,No
CUST-00917,Linda Williams,Male,0,47,No,Yes,35,Two year,107.11,3766.42,Mailed check,Fiber optic,Yes,Yes,No,No,Yes,Yes,No,Yes,No
CUST-00918,Jessica Moore,Female,0,43,Yes,No,11,Month-to-month,79.72,859.86,Electronic check,DSL,Yes,Yes,No,No,Yes,No,Yes,No,Yes
CUST-00919,Anthony Rodriguez,Female,0,21,Yes,No,59,Two year,101.05,5956.04,Credit card,Fiber optic,Yes,No,Yes,No,No,Yes,Yes,Yes,No
CUST-00920,Emily Torres,Female,0,20,Yes,Yes,4,Month-to-month,94.52,338.31,Credit card,Fiber optic,Yes,Yes,Yes,No,No,No,No,Yes,Yes
CUST-00921,Robert Perez,Male,0,46,No,No,59,Two year,94.98,5636.48,Mailed check,Fiber optic,Yes,Yes,No,Yes,No,No,No,No,No
CUST-00922,Jessica Lee,Female,0,56,Yes,Yes,4,Month-to-month,66.94,271.55,Bank transfer,Fiber optic,No,No,No,Yes,No,No,No,Yes,No
CUST-00923,Thomas Hill,Male,1,82,Yes,Yes,11,Month-to-month,73.83,803.55,Bank transfer,DSL,No,No,No,No,Yes,Yes,Yes,Yes,Yes
CUST-00924,Karen Ramirez,Female,0,55,Yes,Yes,63,Two year,101.81,6369.82,Bank transfer,Fiber optic,Yes,No,Yes,Yes,Yes,No,No,Yes,No
CUST-00925,Steven Hill,Male,0,47,No,No,1,Month-to-month,87.73,93.82,Electronic check,DSL,Yes,Yes,No,Yes,Yes,No,Yes,Yes,Yes
CUST-00926,Andrew Thomas,Male,0,25,No,Yes,9,Month-to-month,70.46,612.03,Electronic check,DSL,Yes,No,No,Yes,No,No,Yes,No,No
CUST-00927,Jennifer Lopez,Female,0,40,No,No,10,Month-to-month,66.22,637.09,Mailed check,DSL,No,No,Yes,No,No,No,Yes,Yes,Yes
CUST-00928,Susan Taylor,Male,0,50,No,Yes,54,Two year,83.74,4540.15,Mailed check,Fiber optic,Yes,No,Yes,No,No,No,No,Yes,Yes
CUST-00929,Sarah Torres,Male,1,79,Yes,No,10,Month-to-month,61.16,605.32,Bank transfer,DSL,Yes,No,No,Yes,No,No,No,Yes,No
CUST-00930,Christopher Torres,Female,0,47,Yes,No,6,Month-to-month,92.62,576.13,Credit card,Fiber optic,Yes,No,No,No,Yes,Yes,No,No,Yes
CUST-00931,Daniel Brown,Male,0,62,No,Yes,11,Month-to-month,27.71,342.25,Credit card,No,Yes,No internet service,No internet service,No internet service,No internet service,No internet service,No internet service,Yes,Yes
CUST-00932,Lisa Jones,Female,1,81,No,No,14,Two year,109.81,1566.96,Credit card,Fiber optic,Yes,Yes,No,Yes,No,Yes,No,Yes,No
CUST-00933,Jennifer Moore,Male,0,20,No,Yes,8,Month-to-month,71.69,596.18,Bank transfer,DSL,Yes,No,No,No,Yes,Yes,No,Yes,Yes
CUST-00934,Matthew Williams,Female,1,76,No,No,8,Month-to-month,117.1,893.71,Bank transfer,Fiber optic,Yes,No,Yes,No,Yes,Yes,Yes,No,No
CUST-00935,Nancy Miller,Male,0,27,Yes,Yes,65,Two year,62.08,4062.55,Electronic check,DSL,Yes,No,No,No,No,Yes,No,Yes,No
CUST-00936,Steven Taylor,Male,0,20,No,Yes,1,Month-to-month,38.25,72.73,Bank transfer,No,Yes,No internet service,No internet service,No internet service,No internet service,No internet service,No internet service,Yes,No
CUST-00937,Donald Lee,Female,0,21,Yes,No,6,Month-to-month,115.21,710.74,Electronic check,Fiber optic,Yes,Yes,Yes,No,No,Yes,Yes,Yes,Yes
CUST-00938,Joseph Williams,Male,0,60,Yes,No,27,One year,101.87,2762.63,Bank transfer,Fiber optic,Yes,Yes,Yes,No,Yes,Yes,No,No,No
CUST-00939,Karen Anderson,Female,1,71,Yes,No,15,Two year,77.54,1207.53,Bank transfer,Fiber optic,No,No,Yes,No,No,Yes,No,No,No
CUST-00940,Linda Wilson,Male,0,53,Yes,Yes,1,Month-to-month,59.32,100.19,Credit card,DSL,Yes,No,No,Yes,No,No,No,No,No
CUST-00941,Jessica Scott,Male,0,51,No,No,5,Month-to-month,58.18,324.91,Mailed check,DSL,No,No,Yes,Yes,No,No,No,Yes,Yes
CUST-00942,Jennifer Wilson,Female,0,31,No,No,4,Month-to-month,97.76,354.15,Bank transfer,Fiber optic,Yes,No,Yes,Yes,Yes,No,No,Yes,No
CUST-00943,Anthony Flores,Female,0,45,Yes,No,49,Two year,103.08,5043.04,Bank transfer,Fiber optic,Yes,No,Yes,No,Yes,No,Yes,No,No
CUST-00944,Barbara Allen,Female,0,51,No,No,25,Two year,25.7,666.59,Mailed check,No,Yes,No internet service,No internet service,No internet service,No internet service,No internet service,No internet service,Yes,No
CUST-00945,Patricia Harris,Female,0,63,Yes,No,4,Month-to-month,62.92,226.31,Electronic check,DSL,No,No,Yes,No,No,Yes,No,No,Yes
CUST-00946,Karen Clark,Female,0,63,No,No,7,Month-to-month,87.54,610.98,Electronic check,DSL,Yes,Yes,Yes,No,Yes,No,No,No,Yes
CUST-00947,Susan White,Female,0,32,No,Yes,2,Month-to-month,109.15,225.11,Bank transfer,Fiber optic,Yes,Yes,Yes,No,Yes,No,Yes,Yes,Yes
CUST-00948,Matthew Lewis,Male,1,80,No,Yes,4,Month-to-month,70.34,267.65,Bank transfer,DSL,Yes,No,No,Yes,No,Yes,No,Yes,No
CUST-00949,Susan Rodriguez,Female,0,63,Yes,No,7,Month-to-month,74.83,499.02,Electronic check,DSL,Yes,Yes,No,No,No,No,Yes,Yes,No
CUST-00950,Matthew Clark,Female,0,63,No,No,5,Month-to-month,94.62,447.16,Credit card,Fiber optic,No,No,Yes,Yes,Yes,No,No,Yes,No
CUST-00951,Sandra Brown,Female,0,56,Yes,No,30,One year,86.12,2627.86,Bank transfer,Fiber optic,Yes,No,Yes,No,No,No,No,No,No
CUST-00952,Sarah Hernandez,Male,0,52,No,No,6,Month-to-month,94.99,539.28,Bank transfer,Fiber optic,Yes,Yes,Yes,Yes,No,No,No,Yes,No
CUST-00953,Nancy Perez,Male,0,25,Yes,No,2,Month-to-month,93.18,161.31,Electronic check,Fiber optic,Yes,No,No,No,Yes,No,Yes,No,Yes
CUST-00954,Emily Robinson,Male,0,61,Yes,Yes,36,One year,67.71,2487.34,Credit card,DSL,Yes,No,No,Yes,No,No,Yes,No,No
CUST-00955,Kimberly Williams,Female,1,76,No,No,8,Month-to-month,78.71,592.36,Bank transfer,DSL,No,Yes,Yes,Yes,No,Yes,No,Yes,No
CUST-00956,Elizabeth Harris,Male,1,65,No,Yes,18,One year,92.78,1715.85,Electronic check,DSL,No,Yes,No,No,Yes,Yes,Yes,No,No
CUST-00957,Steven Thompson,Female,0,56,Yes,No,43,One year,82.96,3550.53,Bank transfer,Fiber optic,Yes,Yes,No,No,No,No,No,No,No
CUST-00958,Michael Nguyen,Female,1,80,No,Yes,20,Two year,107.41,2157.05,Mailed check,DSL,Yes,Yes,Yes,Yes,Yes,Yes,Yes,Yes,No
CUST-00959,Sarah Thomas,Female,0,30,No,No,19,One year,68.74,1284.01,Mailed check,DSL,Yes,Yes,No,No,No,No,No,Yes,Yes
CUST-00960,David Wilson,Male,0,58,No,No,16,Two year,36.62,632.5,Mailed check,No,Yes,No internet service,No internet service,No internet service,No internet service,No internet service,No internet service,Yes,No
CUST-00961,Anthony Smith,Male,0,56,No,Yes,44,Two year,52.0,2308.2,Electronic check,DSL,No,No,Yes,No,No,No,No,Yes,Yes
CUST-00962,Daniel Nguyen,Female,0,23,Yes,No,3,Month-to-month,26.19,106.39,Credit card,No,Yes,No internet service,No internet service,No internet service,No internet service,No internet service,No internet service,Yes,Yes
CUST-00963,Susan Nguyen,Male,1,84,No,No,34,One year,83.75,2831.67,Bank transfer,Fiber optic,Yes,No,Yes,No,No,No,No,No,No
CUST-00964,Nancy Miller,Male,0,34,No,No,71,Two year,111.57,7936.63,Bank transfer,Fiber optic,Yes,Yes,Yes,No,No,Yes,Yes,Yes,No
CUST-00965,Paul Allen,Male,0,30,Yes,Yes,4,Month-to-month,86.64,326.52,Mailed check,Fiber optic,Yes,No,Yes,No,No,Yes,No,Yes,Yes
CUST-00966,Kimberly Allen,Female,0,28,No,No,2,Month-to-month,79.88,197.42,Mailed check,DSL,Yes,No,No,No,Yes,No,Yes,No,No
CUST-00967,Betty Moore,Female,0,57,Yes,Yes,7,Month-to-month,83.51,603.02,Electronic check,Fiber optic,Yes,No,Yes,No,No,No,No,Yes,Yes
CUST-00968,Sarah Gonzalez,Female,1,66,No,No,7,Month-to-month,68.35,481.3,Electronic check,DSL,Yes,Yes,Yes,No,No,No,No,Yes,Yes
CUST-00969,James Sanchez,Female,0,28,No,Yes,37,One year,59.95,2236.64,Credit card,DSL,Yes,No,No,No,No,Yes,No,No,No
CUST-00970,Lisa Garcia,Female,0,48,Yes,No,8,Month-to-month,96.15,804.18,Electronic check,Fiber optic,No,Yes,Yes,No,No,Yes,No,Yes,Yes
CUST-00971,Mark Garcia,Male,0,36,Yes,Yes,24,Two year,32.38,776.99,Electronic check,No,Yes,No internet service,No internet service,No internet service,No internet service,No internet service,No internet service,No,No
CUST-00972,Sarah Perez,Male,0,57,Yes,No,22,One year,28.81,683.1,Credit card,No,Yes,No internet service,No internet service,No internet service,No internet service,No internet service,No internet service,No,No
CUST-00973,James Taylor,Female,0,41,Yes,No,7,Month-to-month,21.24,137.42,Electronic check,No,No,No internet service,No internet service,No internet service,No internet service,No internet service,No internet service,Yes,No
CUST-00974,Joshua Williams,Female,0,27,Yes,No,1,Month-to-month,91.43,124.28,Electronic check,Fiber optic,Yes,No,Yes,No,Yes,No,No,Yes,Yes
CUST-00975,John Perez,Male,0,29,No,No,11,Month-to-month,84.54,955.59,Mailed check,Fiber optic,No,Yes,Yes,No,No,No,No,Yes,No
CUST-00976,Donna Wilson,Female,0,39,Yes,No,38,One year,24.02,960.42,Mailed check,No,No,No internet service,No internet service,No internet service,No internet service,No internet service,No internet service,No,No
CUST-00977,Christopher Jones,Female,0,64,No,No,44,One year,98.95,4389.66,Electronic check,Fiber optic,Yes,No,Yes,No,No,Yes,Yes,No,No
CUST-00978,Barbara Lee,Male,0,46,No,No,49,Two year,26.78,1338.54,Credit card,No,Yes,No internet service,No internet service,No internet service,No internet service,No internet service,No internet service,Yes,No
CUST-00979,Mary Jackson,Male,1,66,No,No,7,Month-to-month,75.13,503.16,Bank transfer,DSL,Yes,Yes,No,No,Yes,No,No,No,No
CUST-00980,Lisa Martin,Male,0,39,Yes,Yes,33,One year,38.9,1290.24,Bank transfer,No,Yes,No internet service,No internet service,No internet service,No internet service,No internet service,No internet service,Yes,No
CUST-00981,Nancy Scott,Male,1,67,No,No,28,One year,26.78,718.41,Bank transfer,No,Yes,No internet service,No internet service,No internet service,No internet service,No internet service,No internet service,No,No
CUST-00982,James King,Male,0,57,No,No,10,Month-to-month,94.05,935.76,Bank transfer,Fiber optic,Yes,No,No,Yes,No,No,Yes,No,No
CUST-00983,Karen Moore,Female,0,40,No,No,47,One year,28.38,1372.38,Credit card,No,Yes,No internet service,No internet service,No internet service,No internet service,No internet service,No internet service,No,No
CUST-00984,Michael Young,Male,0,30,No,No,2,Month-to-month,94.37,183.52,Bank transfer,Fiber optic,Yes,Yes,Yes,No,No,Yes,No,Yes,Yes
CUST-00985,Betty King,Female,0,52,Yes,No,8,Month-to-month,97.09,824.68,Electronic check,Fiber optic,Yes,Yes,Yes,No,No,No,Yes,Yes,Yes
CUST-00986,William Jackson,Female,1,69,Yes,No,51,Two year,88.59,4552.86,Mailed check,Fiber optic,No,Yes,No,Yes,No,No,No,Yes,No
CUST-00987,Richard Wright,Female,1,79,No,No,1,Month-to-month,76.21,123.03,Bank transfer,Fiber optic,Yes,Yes,No,No,No,No,No,No,No
CUST-00988,Donald Martin,Female,0,26,No,No,59,Two year,90.03,5325.42,Electronic check,Fiber optic,Yes,No,Yes,No,No,No,No,Yes,Yes
CUST-00989,Christopher Anderson,Male,0,44,Yes,No,10,Month-to-month,99.44,1027.94,Mailed check,Fiber optic,Yes,Yes,Yes,No,Yes,Yes,No,Yes,No
CUST-00990,Steven Martin,Male,1,65,Yes,No,7,Month-to-month,27.46,180.33,Electronic check,No,Yes,No internet service,No internet service,No internet service,No internet service,No internet service,No internet service,No,Yes
CUST-00991,Michelle Clark,Female,1,80,No,No,65,Two year,103.15,6657.57,Mailed check,Fiber optic,Yes,No,Yes,No,Yes,Yes,No,No,No
CUST-00992,Betty Wright,Male,0,56,Yes,Yes,14,Two year,82.5,1174.21,Mailed check,DSL,No,No,Yes,Yes,Yes,No,Yes,No,No
CUST-00993,Sandra Harris,Male,0,39,No,No,8,Month-to-month,119.26,942.09,Electronic check,Fiber optic,Yes,Yes,Yes,No,Yes,Yes,Yes,Yes,No
CUST-00994,Richard Garcia,Male,0,34,No,Yes,33,Two year,95.34,3170.81,Mailed check,Fiber optic,No,Yes,Yes,No,No,Yes,Yes,No,No
CUST-00995,Robert Harris,Male,0,30,No,Yes,3,Month-to-month,76.45,214.77,Electronic check,DSL,Yes,No,Yes,No,Yes,No,No,Yes,No
CUST-00996,Emily Allen,Male,0,45,Yes,No,11,Month-to-month,79.65,886.1,Mailed check,Fiber optic,No,No,Yes,No,Yes,No,No,Yes,No
CUST-00997,Margaret Hernandez,Female,0,48,No,No,2,Month-to-month,94.61,238.19,Mailed check,DSL,Yes,No,Yes,Yes,Yes,Yes,Yes,Yes,No
CUST-00998,Robert Gonzalez,Male,0,25,No,Yes,50,Two year,98.73,4981.61,Bank transfer,Fiber optic,Yes,Yes,Yes,No,No,No,Yes,Yes,No
CUST-00999,Christopher Allen,Female,1,81,Yes,Yes,25,Two year,91.66,2278.86,Electronic check,Fiber optic,Yes,Yes,Yes,No,No,No,No,Yes,No
CUST-01000,Robert Wright,Male,0,51,No,No,19,Two year,97.65,1899.06,Mailed check,Fiber optic,Yes,Yes,Yes,No,No,Yes,No,Yes,No
CUST-02001,Joshua Flores,Female,0,50,No,No,28,Two year,98.52,2722.47,Credit card,Fiber optic,Yes,Yes,No,No,Yes,No,No,Yes,No
CUST-02002,Michelle Allen,Male,0,60,No,No,6,Month-to-month,86.96,567.34,Mailed check,DSL,Yes,Yes,Yes,Yes,No,No,Yes,No,No
CUST-02003,Daniel Martinez,Female,0,26,Yes,Yes,7,One year,110.72,794.47,Electronic check,Fiber optic,Yes,Yes,No,Yes,Yes,Yes,No,Yes,No
CUST-02004,Margaret Young,Male,0,34,Yes,No,22,One year,25.76,594.22,Electronic check,No,Yes,No internet service,No internet service,No internet service,No internet service,No internet service,No internet service,Yes,No
CUST-02005,John Brown,Female,0,30,No,No,5,Month-to-month,109.65,509.54,Mailed check,DSL,Yes,Yes,Yes,Yes,Yes,No,Yes,Yes,Yes
CUST-02006,Emily Miller,Male,0,20,Yes,No,7,One year,38.33,238.76,Credit card,No,Yes,No internet service,No internet service,No internet service,No internet service,No internet service,No internet service,Yes,Yes
CUST-02007,Thomas Moore,Female,1,78,Yes,Yes,18,One year,73.01,1354.77,Credit card,DSL,Yes,Yes,Yes,No,No,No,No,No,No
CUST-02008,Ashley Thompson,Male,0,35,Yes,No,60,Two year,67.42,4015.61,Credit card,DSL,Yes,No,No,No,Yes,Yes,No,Yes,No
CUST-02009,Anthony Thompson,Male,0,42,Yes,Yes,1,Month-to-month,103.53,133.61,Electronic check,Fiber optic,Yes,Yes,Yes,No,No,No,Yes,No,Yes
CUST-02010,Jennifer Lopez,Male,0,35,Yes,No,6,Month-to-month,80.22,475.01,Credit card,DSL,Yes,Yes,Yes,No,No,Yes,Yes,Yes,No
CUST-02011,Karen Wilson,Female,0,60,Yes,No,65,Two year,97.92,6326.97,Bank transfer,Fiber optic,Yes,No,Yes,Yes,No,No,Yes,Yes,No
CUST-02012,Charles Martinez,Female,0,38,No,Yes,4,Month-to-month,100.64,435.47,Credit card,DSL,Yes,Yes,Yes,Yes,No,Yes,Yes,Yes,No
CUST-02013,Robert Flores,Female,0,18,No,No,23,One year,101.0,2273.35,Mailed check,Fiber optic,Yes,Yes,Yes,No,No,Yes,Yes,No,No
CUST-02014,Joseph Hernandez,Male,0,55,No,Yes,9,Month-to-month,37.87,390.35,Electronic check,No,Yes,No internet service,No internet service,No internet service,No internet service,No internet service,No internet service,No,No
CUST-02015,Mark Lopez,Female,0,44,No,No,50,Two year,89.13,4502.43,Credit card,DSL,Yes,Yes,No,Yes,Yes,No,No,No,No
CUST-02016,William Anderson,Female,0,21,No,Yes,5,Month-to-month,117.44,597.09,Mailed check,Fiber optic,Yes,No,No,Yes,Yes,Yes,Yes,No,No
CUST-02017,Joseph Martinez,Female,0,30,Yes,No,56,Two year,93.22,5242.73,Mailed check,Fiber optic,Yes,Yes,Yes,No,No,No,No,Yes,No
CUST-02018,Ashley Davis,Female,1,77,No,No,6,Month-to-month,98.62,589.12,Bank transfer,Fiber optic,Yes,No,Yes,Yes,Yes,No,No,Yes,No
CUST-02019,Donna Taylor,Female,0,64,Yes,No,68,Two year,74.8,5109.12,Credit card,DSL,Yes,Yes,Yes,No,No,No,No,Yes,Yes
CUST-02020,Andrew Lopez,Male,0,26,No,No,1,Month-to-month,90.61,90.61,Credit card,Fiber optic,Yes,No,No,No,Yes,Yes,No,Yes,Yes
CUST-02021,Elizabeth Martinez,Male,0,50,Yes,No,35,One year,26.82,966.88,Bank transfer,No,No,No internet service,No internet service,No internet service,No internet service,No internet service,No internet service,Yes,No
CUST-02022,Richard Taylor,Female,0,57,No,Yes,19,One year,100.99,1928.34,Electronic check,Fiber optic,Yes,Yes,Yes,No,No,No,Yes,No,No
CUST-02023,Mark Hill,Male,0,21,Yes,No,22,One year,81.1,1762.73,Electronic check,DSL,Yes,Yes,Yes,No,No,No,No,No,Yes
CUST-02024,Christopher Johnson,Male,0,50,No,Yes,5,Month-to-month,104.42,537.78,Bank transfer,Fiber optic,Yes,No,No,Yes,Yes,Yes,Yes,Yes,Yes
CUST-02025,Steven Scott,Female,1,70,No,Yes,5,Month-to-month,115.41,600.52,Electronic check,Fiber optic,Yes,No,Yes,Yes,No,Yes,Yes,Yes,Yes
CUST-02026,Mary Wilson,Female,0,64,Yes,No,24,One year,71.31,1736.36,Credit card,Fiber optic,No,No,No,No,No,No,No,No,No
CUST-02027,Barbara White,Male,1,82,No,No,55,Two year,90.69,4988.82,Credit card,Fiber optic,Yes,Yes,Yes,No,No,No,No,Yes,No
CUST-02028,Betty Ramirez,Female,0,62,No,No,1,Month-to-month,71.04,71.04,Mailed check,DSL,Yes,No,Yes,Yes,No,No,Yes,No,Yes
CUST-02029,John Brown,Male,0,44,Yes,No,47,Two year,88.52,4181.43,Electronic check,Fiber optic,Yes,No,No,No,No,No,Yes,Yes,No
CUST-02030,Paul Lee,Male,0,37,Yes,No,6,Month-to-month,66.04,370.64,Credit card,DSL,Yes,No,No,No,No,Yes,No,Yes,No
CUST-02031,Robert Hill,Male,0,33,Yes,No,3,Month-to-month,31.79,80.22,Electronic check,No,Yes,No internet service,No internet service,No internet service,No internet service,No internet service,No internet service,Yes,No
CUST-02032,Ashley Rodriguez,Male,1,75,No,No,47,One year,91.11,4244.33,Mailed check,DSL,Yes,Yes,Yes,Yes,No,No,Yes,Yes,No
CUST-02033,Michael Davis,Female,0,56,Yes,No,13,One year,34.93,478.66,Credit card,No,Yes,No internet service,No internet service,No internet service,No internet service,No internet service,No internet service,Yes,No
CUST-02034,Matthew Clark,Female,0,31,No,No,8,Month-to-month,38.58,283.3,Electronic check,No,Yes,No internet service,No internet service,No internet service,No internet service,No internet service,No internet service,Yes,Yes
CUST-02035,Michael Garcia,Female,0,38,Yes,Yes,2,Month-to-month,111.2,227.25,Credit card,Fiber optic,Yes,Yes,No,Yes,Yes,No,No,Yes,Yes
CUST-02036,Lisa Allen,Female,0,21,No,Yes,6,Month-to-month,87.8,507.27,Mailed check,DSL,Yes,Yes,Yes,No,Yes,Yes,No,Yes,Yes
CUST-02037,Mark Hernandez,Female,0,62,No,No,5,Month-to-month,92.7,487.32,Credit card,Fiber optic,Yes,Yes,No,Yes,No,No,No,No,Yes
CUST-02038,Lisa Garcia,Female,0,20,Yes,Yes,54,Two year,90.01,4811.86,Bank transfer,DSL,Yes,Yes,No,No,No,Yes,Yes,Yes,No
CUST-02039,Patricia Ramirez,Male,0,60,Yes,Yes,8,Month-to-month,87.11,739.52,Credit card,DSL,Yes,Yes,No,Yes,Yes,No,Yes,No,Yes
CUST-02040,Andrew Torres,Male,1,75,Yes,No,69,Two year,37.95,2654.32,Electronic check,No,Yes,No internet service,No internet service,No internet service,No internet service,No internet service,No internet service,No,No
CUST-02041,Jennifer Wilson,Female,0,27,Yes,No,31,One year,111.67,3433.44,Electronic check,Fiber optic,Yes,Yes,No,Yes,Yes,Yes,No,Yes,Yes
CUST-02042,Donna Johnson,Male,1,80,No,No,22,Two year,81.74,1841.75,Electronic check,DSL,Yes,No,No,Yes,No,No,Yes,Yes,Yes
CUST-02043,Robert Harris,Male,0,24,No,Yes,65,Two year,31.49,2014.83,Mailed check,No,Yes,No internet service,No internet service,No internet service,No internet service,No internet service,No internet service,Yes,No
CUST-02044,David Anderson,Male,0,47,Yes,No,7,One year,119.65,848.27,Electronic check,Fiber optic,Yes,Yes,No,Yes,Yes,No,Yes,Yes,No
CUST-02045,Sandra Williams,Male,0,37,No,No,11,Month-to-month,29.88,318.61,Credit card,No,Yes,No internet service,No internet service,No internet service,No internet service,No internet service,No internet service,No,No
CUST-02046,Andrew Lewis,Male,0,52,No,No,8,Month-to-month,88.96,742.2,Mailed check,Fiber optic,Yes,No,Yes,No,No,No,No,Yes,Yes
CUST-02047,Linda Wilson,Female,1,73,No,No,9,Month-to-month,87.05,805.34,Credit card,DSL,Yes,Yes,No,Yes,Yes,Yes,No,No,No
CUST-02048,Matthew Young,Female,0,40,Yes,Yes,41,Two year,79.82,3305.3,Electronic check,DSL,Yes,No,No,Yes,No,Yes,No,Yes,No
CUST-02049,Susan Jackson,Female,0,63,Yes,No,1,Month-to-month,91.01,91.01,Mailed check,Fiber optic,Yes,No,No,Yes,Yes,Yes,No,No,Yes
CUST-02050,Andrew Moore,Female,0,19,No,Yes,53,Two year,93.09,4934.8,Credit card,Fiber optic,Yes,Yes,No,Yes,No,No,No,No,No
CUST-02051,Mark Flores,Male,0,53,Yes,No,8,Month-to-month,82.6,696.38,Bank transfer,Fiber optic,Yes,Yes,No,No,No,No,No,No,Yes
CUST-02052,Ashley Taylor,Female,1,73,No,No,42,One year,93.57,3916.82,Credit card,Fiber optic,Yes,No,No,Yes,No,No,No,Yes,No
CUST-02053,Ashley Lopez,Female,0,64,Yes,Yes,30,Two year,72.58,2135.5,Mailed check,DSL,Yes,No,Yes,No,Yes,No,No,No,No
CUST-02054,Margaret Jackson,Female,0,39,No,No,5,Month-to-month,56.92,243.28,Electronic check,DSL,No,No,No,No,No,Yes,No,Yes,Yes
CUST-02055,Margaret White,Female,0,47,No,No,11,Month-to-month,92.85,982.93,Electronic check,Fiber optic,Yes,Yes,Yes,No,No,No,No,No,Yes
CUST-02056,Mark Martinez,Female,0,24,Yes,Yes,57,Two year,89.42,5105.17,Mailed check,DSL,Yes,Yes,No,No,Yes,No,Yes,Yes,No
CUST-02057,Anthony Thompson,Male,0,39,Yes,No,29,Two year,85.97,2538.9,Electronic check,Fiber optic,No,No,Yes,No,No,Yes,Yes,No,No
CUST-02058,Sarah Rodriguez,Female,0,36,No,Yes,3,Month-to-month,77.59,252.08,Mailed check,DSL,Yes,Yes,No,No,No,Yes,No,Yes,Yes
CUST-02059,Andrew Anderson,Male,0,21,Yes,Yes,54,Two year,86.54,4627.66,Electronic check,Fiber optic,Yes,No,Yes,Yes,No,No,No,Yes,No
CUST-02060,Richard Martin,Female,1,77,No,No,20,Two year,83.08,1708.68,Electronic check,Fiber optic,No,No,Yes,Yes,No,No,Yes,Yes,No
CUST-02061,Christopher Flores,Female,1,67,Yes,No,28,One year,101.76,2879.9,Electronic check,Fiber optic,Yes,No,Yes,No,No,Yes,Yes,No,No
CUST-02062,Daniel Allen,Female,0,40,No,No,38,Two year,92.21,3495.05,Electronic check,DSL,Yes,No,Yes,Yes,Yes,Yes,No,Yes,No
CUST-02063,Ashley Jones,Male,0,35,Yes,No,7,Month-to-month,107.51,793.0,Mailed check,Fiber optic,Yes,No,Yes,No,Yes,Yes,No,No,No
CUST-02064,Karen Torres,Female,0,35,Yes,No,31,Two year,70.47,2222.09,Electronic check,Fiber optic,No,No,Yes,No,No,No,No,No,Yes
CUST-02065,Mary Thompson,Male,0,42,No,Yes,44,One year,96.43,4270.42,Electronic check,DSL,Yes,No,Yes,Yes,No,Yes,No,Yes,No
CUST-02066,Donna King,Male,0,24,No,No,13,One year,26.68,395.96,Electronic check,No,Yes,No internet service,No internet service,No internet service,No internet service,No internet service,No internet service,Yes,No
CUST-02067,Lisa Robinson,Female,0,40,Yes,Yes,10,One year,92.12,912.3,Mailed check,Fiber optic,Yes,Yes,No,No,No,No,Yes,No,No
CUST-02068,Sarah Wilson,Female,0,35,No,Yes,60,Two year,88.85,5366.05,Credit card,DSL,Yes,No,Yes,No,Yes,No,Yes,No,No
CUST-02069,Robert Lewis,Male,0,31,Yes,No,11,Month-to-month,97.8,1112.89,Electronic check,DSL,Yes,Yes,Yes,No,Yes,Yes,No,Yes,Yes
CUST-02070,Jessica Moore,Female,0,57,Yes,Yes,39,One year,38.49,1540.72,Mailed check,No,Yes,No internet service,No internet service,No internet service,No internet service,No internet service,No internet service,Yes,No
CUST-02071,Kimberly Walker,Male,0,57,No,No,8,Month-to-month,28.78,232.54,Credit card,No,No,No internet service,No internet service,No internet service,No internet service,No internet service,No internet service,Yes,Yes
CUST-02072,Patricia Rodriguez,Female,0,32,Yes,Yes,53,Two year,94.95,5045.59,Mailed check,Fiber optic,Yes,No,No,No,Yes,No,Yes,No,No
CUST-02073,Matthew Thomas,Female,0,51,Yes,Yes,40,One year,87.96,3476.74,Credit card,Fiber optic,Yes,No,Yes,No,No,Yes,No,No,No
CUST-02074,Daniel Jones,Male,0,23,No,No,4,Month-to-month,111.54,426.13,Electronic check,Fiber optic,Yes,No,Yes,Yes,No,Yes,Yes,Yes,Yes
CUST-02075,Susan Johnson,Female,0,60,Yes,No,31,One year,65.3,1977.06,Credit card,DSL,No,Yes,No,No,Yes,No,No,Yes,No
CUST-02076,Michael Robinson,Male,0,40,Yes,Yes,7,Month-to-month,98.26,676.89,Credit card,Fiber optic,Yes,Yes,Yes,No,No,No,No,Yes,Yes
CUST-02077,John Sanchez,Male,0,55,Yes,No,27,Two year,110.86,2980.71,Mailed check,Fiber optic,Yes,Yes,Yes,No,Yes,No,Yes,Yes,No
CUST-02078,Robert Anderson,Male,0,26,No,Yes,10,One year,102.05,1049.6,Bank transfer,Fiber optic,Yes,Yes,No,No,Yes,No,Yes,No,No
CUST-02079,Jessica Scott,Female,0,62,Yes,Yes,19,One year,105.67,1989.63,Mailed check,Fiber optic,Yes,Yes,Yes,No,Yes,No,No,Yes,No
CUST-02080,Christopher Gonzalez,Male,0,38,No,No,70,Two year,87.33,6152.31,Electronic check,Fiber optic,Yes,Yes,No,Yes,No,No,No,Yes,No
CUST-02081,Richard Miller,Female,0,50,No,Yes,1,Month-to-month,29.76,29.76,Electronic check,No,Yes,No internet service,No internet service,No internet service,No internet service,No internet service,No internet service,No,Yes
CUST-02082,James Wilson,Female,1,80,Yes,No,8,Month-to-month,63.07,512.21,Credit card,DSL,Yes,No,Yes,No,No,No,No,Yes,Yes
CUST-02083,Matthew Flores,Female,0,46,Yes,No,42,Two year,65.46,2745.5,Mailed check,DSL,Yes,No,No,No,No,No,Yes,No,No
CUST-02084,John Williams,Female,1,67,No,No,48,Two year,105.01,5048.89,Credit card,Fiber optic,Yes,Yes,Yes,No,No,Yes,No,No,No
CUST-02085,Ashley Lopez,Male,1,71,No,Yes,20,One year,113.35,2287.71,Mailed check,Fiber optic,Yes,Yes,Yes,Yes,Yes,Yes,No,No,No
CUST-02086,Matthew Martin,Male,0,22,No,No,44,One year,107.57,4714.55,Electronic check,Fiber optic,Yes,Yes,Yes,No,Yes,No,No,Yes,Yes
CUST-02087,Thomas Scott,Female,0,57,No,Yes,33,Two year,67.78,2196.7,Mailed check,DSL,Yes,No,No,No,Yes,No,No,Yes,No
CUST-02088,James Allen,Male,0,58,No,Yes,47,Two year,120.03,5625.65,Credit card,Fiber optic,Yes,Yes,No,Yes,Yes,Yes,No,Yes,Yes
CUST-02089,Robert Williams,Female,0,58,No,No,7,Month-to-month,94.75,618.89,Credit card,DSL,Yes,Yes,Yes,Yes,Yes,Yes,No,No,No
CUST-02090,Donald Hill,Female,0,23,No,No,14,One year,109.01,1507.43,Bank transfer,Fiber optic,Yes,Yes,No,Yes,No,Yes,No,Yes,Yes
CUST-02091,Kimberly Flores,Female,0,63,Yes,Yes,5,Month-to-month,76.15,332.8,Credit card,DSL,Yes,No,Yes,No,No,No,No,Yes,Yes
CUST-02092,Richard Sanchez,Male,1,84,Yes,Yes,45,One year,37.13,1685.92,Electronic check,No,Yes,No internet service,No internet service,No internet service,No internet service,No internet service,No internet service,Yes,No
CUST-02093,Kimberly Scott,Male,0,55,Yes,No,36,One year,61.5,2241.96,Electronic check,DSL,No,No,No,Yes,No,No,No,Yes,No
CUST-02094,Donna Thompson,Male,0,34,No,Yes,32,One year,82.0,2582.47,Mailed check,DSL,Yes,Yes,Yes,No,No,Yes,No,No,No
CUST-02095,Emily Lewis,Female,1,84,Yes,No,26,Two year,70.62,1847.8,Electronic check,DSL,Yes,Yes,No,No,No,No,Yes,Yes,No
CUST-02096,Donna White,Female,0,34,Yes,Yes,40,One year,71.38,2886.57,Electronic check,DSL,Yes,No,Yes,No,No,No,No,No,No
CUST-02097,Christopher Hernandez,Male,0,18,Yes,No,6,Month-to-month,71.92,399.95,Electronic check,DSL,Yes,No,No,Yes,No,Yes,No,Yes,No
CUST-02098,Michael Smith,Female,0,47,Yes,No,2,Month-to-month,37.4,65.39,Mailed check,No,Yes,No internet service,No internet service,No internet service,No internet service,No internet service,No internet service,Yes,Yes
CUST-02099,Daniel Nguyen,Male,0,25,No,No,22,Two year,88.3,1985.67,Bank transfer,Fiber optic,No,No,Yes,No,No,Yes,No,Yes,No
CUST-02100,Daniel Walker,Female,1,79,No,No,59,Two year,90.53,5316.13,Bank transfer,Fiber optic,Yes,No,No,Yes,No,Yes,No,No,No
CUST-02101,Barbara Miller,Female,0,33,Yes,No,1,Month-to-month,26.13,26.13,Electronic check,No,Yes,No internet service,No internet service,No internet service,No internet service,No internet service,No internet service,Yes,No
CUST-02102,Mary Robinson,Female,0,20,No,No,5,Month-to-month,60.11,283.14,Bank transfer,DSL,Yes,Yes,No,No,No,No,No,No,Yes
CUST-02103,Donna Scott,Female,0,63,No,No,6,One year,99.82,591.06,Mailed check,DSL,Yes,Yes,Yes,Yes,Yes,Yes,Yes,Yes,No
CUST-02104,Ashley Hernandez,Male,0,23,No,No,2,Month-to-month,37.5,82.7,Credit card,No,Yes,No internet service,No internet service,No internet service,No internet service,No internet service,No internet service,No,No
CUST-02105,Sandra Johnson,Male,0,41,Yes,Yes,38,One year,104.8,4026.17,Mailed check,Fiber optic,Yes,Yes,Yes,Yes,No,Yes,No,No,No
CUST-02106,Karen Brown,Female,0,25,No,No,25,One year,88.6,2177.02,Electronic check,Fiber optic,Yes,No,No,No,No,No,Yes,Yes,No
CUST-02107,Michael Sanchez,Male,0,60,No,Yes,15,One year,81.54,1267.31,Bank transfer,DSL,Yes,Yes,No,Yes,No,Yes,No,Yes,No
CUST-02108,Paul Perez,Female,1,80,No,No,22,One year,25.07,559.07,Mailed check,No,Yes,No internet service,No internet service,No internet service,No internet service,No internet service,No internet service,Yes,No
CUST-02109,Barbara Torres,Female,0,54,No,No,5,Month-to-month,32.47,201.12,Mailed check,No,Yes,No internet service,No internet service,No internet service,No internet service,No internet service,No internet service,Yes,Yes
CUST-02110,Joseph Davis,Female,0,22,Yes,No,31,Two year,107.61,3375.31,Bank transfer,Fiber optic,Yes,No,Yes,No,Yes,Yes,Yes,No,No
CUST-02111,Jennifer Robinson,Male,0,25,Yes,No,6,Month-to-month,63.66,375.88,Credit card,DSL,Yes,No,No,No,No,No,No,Yes,Yes
CUST-02112,Mark Torres,Male,0,37,Yes,Yes,35,Two year,92.89,3211.47,Bank transfer,DSL,Yes,No,Yes,No,Yes,Yes,No,No,No
CUST-02113,Joseph Ramirez,Male,0,37,No,No,8,Month-to-month,80.34,638.86,Bank transfer,DSL,Yes,Yes,No,No,Yes,Yes,No,No,Yes
CUST-02114,Matthew Allen,Male,0,26,No,No,10,One year,94.73,907.11,Bank transfer,Fiber optic,Yes,No,No,No,Yes,No,Yes,Yes,No
CUST-02115,Sandra Nguyen,Male,0,30,Yes,Yes,33,One year,107.18,3490.0,Bank transfer,Fiber optic,Yes,Yes,No,Yes,No,Yes,No,No,Yes
CUST-02116,Karen Brown,Female,0,52,Yes,No,35,One year,66.85,2326.01,Bank transfer,DSL,Yes,Yes,No,No,No,No,No,No,Yes
CUST-02117,Anthony Ramirez,Female,1,73,Yes,No,7,Month-to-month,88.99,584.86,Mailed check,DSL,No,Yes,No,Yes,Yes,No,Yes,Yes,No
CUST-02118,Lisa Torres,Female,0,58,Yes,No,1,Month-to-month,94.51,114.3,Mailed check,Fiber optic,Yes,No,Yes,No,No,Yes,Yes,Yes,No
CUST-02119,Kimberly Rodriguez,Male,0,59,No,No,7,Month-to-month,95.97,666.17,Electronic check,Fiber optic,No,No,No,Yes,Yes,Yes,No,No,Yes
CUST-02120,Mary Williams,Female,1,66,No,No,51,Two year,29.57,1502.26,Bank transfer,No,Yes,No internet service,No internet service,No internet service,No internet service,No internet service,No internet service,No,No
CUST-02121,Karen Lewis,Female,1,78,No,Yes,1,Month-to-month,78.06,78.06,Credit card,DSL,Yes,No,No,Yes,No,Yes,Yes,No,No
CUST-02122,Margaret Clark,Male,0,21,No,No,1,Month-to-month,98.92,136.39,Mailed check,Fiber optic,Yes,Yes,Yes,Yes,No,No,No,Yes,Yes
CUST-02123,Betty Hernandez,Female,0,36,Yes,No,71,Two year,27.25,1911.67,Mailed check,No,Yes,No internet service,No internet service,No internet service,No internet service,No internet service,No internet service,No,No
CUST-02124,Andrew Wright,Female,0,37,Yes,No,39,One year,83.84,3262.92,Mailed check,DSL,Yes,Yes,Yes,No,No,No,Yes,No,No
CUST-02125,Sarah Davis,Female,0,21,Yes,Yes,14,Two year,39.42,571.89,Mailed check,No,Yes,No internet service,No internet service,No internet service,No internet service,No internet service,No internet service,Yes,No
CUST-02126,David Thompson,Male,0,60,No,No,10,Month-to-month,67.95,691.24,Mailed check,DSL,Yes,Yes,No,No,No,No,No,Yes,No
CUST-02127,Barbara Sanchez,Male,0,55,Yes,No,47,One year,83.09,3926.44,Credit card,DSL,Yes,Yes,No,Yes,Yes,No,No,Yes,No
CUST-02128,Christopher Smith,Male,0,53,No,No,6,Month-to-month,74.07,413.38,Mailed check,Fiber optic,Yes,No,No,No,No,No,No,Yes,No
CUST-02129,Christopher White,Male,0,64,No,No,2,Month-to-month,110.18,257.37,Bank transfer,Fiber optic,Yes,Yes,Yes,Yes,No,No,No,Yes,No
CUST-02130,Sarah White,Male,1,70,No,No,3,Month-to-month,79.54,218.56,Mailed check,Fiber optic,Yes,No,No,Yes,No,No,No,No,Yes
CUST-02131,Jessica Perez,Male,1,74,No,No,11,Month-to-month,73.34,845.56,Credit card,DSL,Yes,No,No,No,Yes,No,No,No,Yes
CUST-02132,Betty Davis,Male,0,56,No,No,17,Two year,77.95,1284.75,Credit card,Fiber optic,No,No,Yes,No,No,Yes,No,Yes,Yes
CUST-02133,Anthony White,Male,0,37,No,Yes,42,Two year,73.35,3083.66,Electronic check,DSL,Yes,No,Yes,No,No,No,Yes,No,No
CUST-02134,Joshua Taylor,Female,0,49,No,No,55,Two year,28.86,1556.13,Electronic check,No,Yes,No internet service,No internet service,No internet service,No internet service,No internet service,No internet service,No,No
CUST-02135,Donna Johnson,Male,1,70,Yes,No,6,Month-to-month,33.73,184.29,Mailed check,No,Yes,No internet service,No internet service,No internet service,No internet service,No internet service,No internet service,Yes,No
CUST-02136,Christopher Williams,Male,0,37,Yes,Yes,66,Two year,87.44,5781.97,Bank transfer,Fiber optic,Yes,No,Yes,No,No,No,Yes,No,No
CUST-02137,Betty Hernandez,Male,0,63,Yes,No,9,Month-to-month,57.93,563.26,Electronic check,DSL,Yes,No,No,No,No,No,No,Yes,No
CUST-02138,John Rodriguez,Male,0,55,Yes,No,6,Month-to-month,36.22,182.99,Electronic check,No,Yes,No internet service,No internet service,No internet service,No internet service,No internet service,No internet service,No,Yes
CUST-02139,Linda Moore,Male,0,44,Yes,Yes,14,One year,96.72,1318.8,Electronic check,Fiber optic,Yes,No,Yes,No,No,Yes,No,Yes,No
CUST-02140,Christopher Jones,Male,0,44,No,Yes,1,Month-to-month,85.52,85.52,Bank transfer,Fiber optic,No,Yes,Yes,No,No,Yes,No,No,Yes
CUST-02141,Jessica Martin,Female,1,78,Yes,Yes,25,Two year,37.08,964.84,Credit card,No,Yes,No internet service,No internet service,No internet service,No internet service,No internet service,No internet service,No,No
CUST-02142,Kimberly Allen,Male,0,35,No,Yes,8,One year,71.38,548.05,Electronic check,DSL,Yes,No,No,No,Yes,Yes,No,Yes,Yes
CUST-02143,Charles Young,Female,0,47,Yes,No,7,Month-to-month,86.91,563.83,Bank transfer,Fiber optic,Yes,Yes,No,No,No,Yes,No,No,Yes
CUST-02144,Daniel Johnson,Male,1,80,Yes,No,3,Month-to-month,95.45,268.62,Electronic check,DSL,Yes,No,Yes,Yes,Yes,Yes,No,Yes,No
CUST-02145,Karen Flores,Female,0,54,Yes,No,5,Month-to-month,62.05,308.01,Bank transfer,DSL,Yes,No,Yes,No,No,Yes,No,No,No
CUST-02146,John Scott,Male,0,59,Yes,No,5,Month-to-month,79.31,364.85,Bank transfer,Fiber optic,Yes,No,No,No,No,No,No,Yes,No
CUST-02147,Paul Wilson,Female,0,53,Yes,No,28,One year,81.04,2294.53,Mailed check,DSL,Yes,No,No,No,Yes,Yes,No,Yes,No
CUST-02148,Andrew Nguyen,Male,0,50,No,Yes,51,Two year,108.93,5522.2,Credit card,Fiber optic,Yes,No,Yes,Yes,Yes,No,No,No,No
CUST-02149,Joseph Jackson,Male,0,18,Yes,Yes,15,One year,81.43,1213.88,Credit card,Fiber optic,Yes,No,No,No,No,Yes,No,No,Yes
CUST-02150,Elizabeth Flores,Male,0,22,No,No,30,Two year,36.03,1092.88,Electronic check,No,Yes,No internet service,No internet service,No internet service,No internet service,No internet service,No internet service,No,No
CUST-02151,Joshua Clark,Female,1,79,No,No,21,One year,79.59,1659.83,Mailed check,Fiber optic,No,No,No,No,No,Yes,No,No,No
CUST-02152,David Miller,Male,1,71,No,Yes,6,One year,91.59,537.73,Credit card,DSL,Yes,Yes,No,No,Yes,Yes,No,No,No
CUST-02153,Charles Lewis,Female,0,50,No,No,7,Month-to-month,81.34,582.65,Credit card,DSL,Yes,No,Yes,Yes,No,No,No,Yes,No
CUST-02154,Richard Robinson,Female,0,58,No,Yes,32,Two year,72.64,2336.02,Credit card,DSL,Yes,Yes,Yes,No,No,Yes,No,No,Yes
CUST-02155,Daniel Moore,Male,0,49,Yes,Yes,43,One year,32.49,1433.49,Credit card,No,Yes,No internet service,No internet service,No internet service,No internet service,No internet service,No internet service,Yes,No
CUST-02156,Donna Martin,Male,0,36,No,No,20,One year,109.08,2164.17,Credit card,Fiber optic,Yes,No,Yes,No,Yes,Yes,No,No,No
CUST-02157,Susan Jackson,Male,0,36,No,No,3,Month-to-month,87.91,227.32,Bank transfer,Fiber optic,Yes,Yes,No,No,No,Yes,No,No,Yes
CUST-02158,Joshua Rodriguez,Female,0,64,No,No,8,Month-to-month,61.51,481.74,Credit card,DSL,No,No,No,No,Yes,No,No,Yes,No
CUST-02159,David Robinson,Male,0,56,No,No,5,Month-to-month,91.1,458.13,Bank transfer,Fiber optic,Yes,Yes,No,No,No,No,Yes,Yes,Yes
CUST-02160,Patricia Martin,Male,0,23,Yes,No,20,Two year,106.21,2168.94,Mailed check,Fiber optic,Yes,Yes,No,No,No,Yes,Yes,No,Yes
CUST-02161,Michelle Sanchez,Male,0,54,No,Yes,64,Two year,84.54,5363.56,Electronic check,DSL,Yes,No,No,Yes,No,Yes,No,Yes,No
CUST-02162,Charles Davis,Male,0,55,No,Yes,8,Month-to-month,63.88,461.76,Credit card,DSL,Yes,No,No,No,No,Yes,No,No,Yes
CUST-02163,Joshua Garcia,Female,0,51,Yes,No,1,Month-to-month,104.36,104.36,Mailed check,Fiber optic,No,No,Yes,No,Yes,Yes,No,Yes,Yes
CUST-02164,Susan Young,Female,1,75,No,No,37,Two year,111.13,4126.5,Credit card,Fiber optic,Yes,No,No,Yes,Yes,Yes,Yes,Yes,No
CUST-02165,Jennifer Hill,Male,0,36,Yes,Yes,7,Month-to-month,33.5,192.92,Electronic check,No,Yes,No internet service,No internet service,No internet service,No internet service,No internet service,No internet service,Yes,Yes
CUST-02166,Karen Martin,Female,0,46,Yes,No,39,One year,28.14,1112.27,Mailed check,No,Yes,No internet service,No internet service,No internet service,No internet service,No internet service,No internet service,Yes,No
CUST-02167,Matthew White,Female,0,47,No,No,4,Month-to-month,65.05,297.76,Credit card,DSL,Yes,No,Yes,No,No,No,No,No,No
CUST-02168,Michael Hill,Female,0,41,Yes,No,4,Month-to-month,91.96,412.48,Mailed check,DSL,Yes,No,Yes,Yes,No,Yes,No,No,No
CUST-02169,Elizabeth Sanchez,Male,0,52,Yes,No,9,Month-to-month,82.65,713.0,Credit card,DSL,Yes,No,Yes,Yes,Yes,No,Yes,No,Yes
CUST-02170,Joshua King,Male,0,63,No,No,3,Month-to-month,39.67,107.12,Bank transfer,No,Yes,No internet service,No internet service,No internet service,No internet service,No internet service,No internet service,No,Yes
CUST-02171,Kimberly Robinson,Female,0,23,Yes,No,9,Month-to-month,79.49,668.88,Bank transfer,DSL,Yes,No,Yes,No,Yes,No,No,No,No
CUST-02172,Joshua Lewis,Male,0,44,No,No,5,Month-to-month,79.19,433.91,Credit card,DSL,Yes,No,No,Yes,Yes,Yes,No,No,No
CUST-02173,Barbara Young,Female,0,33,Yes,Yes,4,Month-to-month,95.93,382.69,Electronic check,Fiber optic,No,Yes,No,Yes,No,No,Yes,Yes,Yes
CUST-02174,Nancy Ramirez,Female,0,48,Yes,No,1,Month-to-month,100.53,100.53,Credit card,Fiber optic,Yes,Yes,No,Yes,No,No,Yes,Yes,Yes
CUST-02175,Susan Thomas,Male,1,83,Yes,No,4,Month-to-month,86.18,337.24,Bank transfer,DSL,Yes,Yes,No,Yes,No,No,Yes,Yes,No
CUST-02176,Christopher King,Male,0,23,No,No,1,Month-to-month,91.53,91.53,Electronic check,Fiber optic,Yes,No,No,Yes,Yes,No,No,No,Yes
CUST-02177,Anthony Jones,Female,0,25,Yes,Yes,7,Month-to-month,114.67,778.53,Credit card,Fiber optic,Yes,Yes,No,No,Yes,Yes,Yes,Yes,No
CUST-02178,Donna King,Female,0,41,Yes,Yes,9,Month-to-month,70.41,647.46,Bank transfer,DSL,Yes,Yes,Yes,No,No,No,No,No,No
CUST-02179,Richard Moore,Female,1,73,Yes,No,9,Month-to-month,29.23,235.86,Bank transfer,No,Yes,No internet service,No internet service,No internet service,No internet service,No internet service,No internet service,No,No
CUST-02180,Jennifer Jones,Female,0,40,No,Yes,4,Month-to-month,93.8,343.82,Credit card,Fiber optic,Yes,No,No,Yes,No,No,Yes,Yes,Yes
CUST-02181,Betty Lewis,Female,0,35,No,No,3,Month-to-month,70.72,229.25,Bank transfer,Fiber optic,Yes,No,No,No,No,No,No,Yes,No
CUST-02182,Nancy White,Male,0,40,Yes,No,11,Month-to-month,64.94,753.5,Electronic check,DSL,Yes,Yes,No,No,No,No,Yes,No,Yes
CUST-02183,Lisa Moore,Male,0,50,No,No,33,One year,105.55,3475.75,Mailed check,Fiber optic,Yes,No,Yes,No,Yes,No,Yes,Yes,No
CUST-02184,John Walker,Male,0,24,No,Yes,46,Two year,89.56,4072.78,Electronic check,Fiber optic,No,No,No,No,Yes,No,Yes,No,No
CUST-02185,John Perez,Male,0,54,No,No,9,Month-to-month,64.19,607.42,Bank transfer,DSL,No,Yes,No,No,No,Yes,No,No,No
CUST-02186,Mary Perez,Male,1,73,Yes,No,21,Two year,91.22,1951.14,Bank transfer,Fiber optic,Yes,No,Yes,No,No,No,No,Yes,No
CUST-02187,Nancy King,Female,0,25,No,Yes,45,One year,70.6,3140.94,Bank transfer,DSL,Yes,Yes,Yes,No,No,No,No,No,No
CUST-02188,John Nguyen,Female,0,19,Yes,No,5,Month-to-month,97.09,443.12,Mailed check,Fiber optic,Yes,No,No,No,No,Yes,Yes,Yes,No
CUST-02189,Sarah Brown,Female,1,80,Yes,No,5,Month-to-month,85.11,454.68,Mailed check,Fiber optic,Yes,No,No,No,No,Yes,No,No,Yes
CUST-02190,Patricia Jones,Female,0,30,Yes,No,8,Month-to-month,78.33,604.1,Credit card,DSL,Yes,Yes,Yes,No,No,No,No,No,Yes
CUST-02191,John White,Female,1,69,Yes,Yes,48,Two year,25.47,1234.7,Electronic check,No,Yes,No internet service,No internet service,No internet service,No internet service,No internet service,No internet service,Yes,No
CUST-02192,Daniel Sanchez,Male,0,41,No,Yes,3,Month-to-month,88.45,250.06,Electronic check,DSL,No,Yes,Yes,Yes,Yes,No,No,No,No
CUST-02193,Sarah Harris,Female,1,72,No,No,7,Month-to-month,35.24,204.84,Bank transfer,No,Yes,No internet service,No internet service,No internet service,No internet service,No internet service,No internet service,Yes,No
CUST-02194,Joseph Lewis,Male,0,22,Yes,No,6,Month-to-month,89.89,547.73,Credit card,DSL,Yes,Yes,No,No,Yes,No,Yes,Yes,Yes
CUST-02195,Joshua Martinez,Male,0,26,Yes,No,10,Month-to-month,110.3,1130.73,Electronic check,Fiber optic,Yes,No,No,Yes,Yes,No,Yes,Yes,No
CUST-02196,Joseph Hill,Male,0,35,Yes,No,30,Two year,39.68,1173.36,Bank transfer,No,Yes,No internet service,No internet service,No internet service,No internet service,No internet service,No internet service,Yes,No
CUST-02197,Donald Williams,Male,1,82,Yes,Yes,10,Month-to-month,28.82,266.85,Credit card,No,Yes,No internet service,No internet service,No internet service,No internet service,No internet service,No internet service,Yes,Yes
CUST-02198,Lisa Martinez,Female,1,65,No,No,1,Month-to-month,75.96,75.96,Mailed check,DSL,Yes,No,Yes,No,Yes,No,Yes,No,Yes
CUST-02199,Emily Clark,Male,0,48,No,No,26,One year,96.22,2480.49,Bank transfer,Fiber optic,Yes,Yes,Yes,No,No,No,No,Yes,Yes
CUST-02200,Patricia Garcia,Female,0,62,No,No,7,Month-to-month,88.45,623.04,Mailed check,DSL,Yes,No,Yes,No,Yes,Yes,Yes,No,No
CUST-02201,Mark Lewis,Female,0,57,Yes,No,40,One year,78.59,3161.73,Credit card,DSL,No,Yes,Yes,No,No,No,Yes,Yes,No
CUST-02202,Elizabeth Clark,Male,0,54,No,Yes,10,One year,75.31,744.46,Bank transfer,DSL,Yes,Yes,Yes,Yes,No,No,No,Yes,No
CUST-02203,Michelle Gonzalez,Male,0,53,Yes,Yes,4,Month-to-month,103.39,400.03,Bank transfer,Fiber optic,Yes,No,No,No,Yes,Yes,No,No,Yes
CUST-02204,Donna Jones,Female,0,27,No,No,27,Two year,104.81,2839.29,Mailed check,Fiber optic,Yes,Yes,No,Yes,Yes,No,No,No,No
CUST-02205,Daniel Smith,Male,0,63,Yes,No,1,Month-to-month,71.72,103.49,Electronic check,DSL,Yes,No,No,No,No,Yes,No,No,No
CUST-02206,Anthony Perez,Male,0,55,Yes,No,12,One year,100.29,1246.02,Mailed check,Fiber optic,Yes,Yes,No,No,Yes,No,No,No,No
CUST-02207,Donald Perez,Female,0,30,No,No,10,Month-to-month,84.26,808.79,Mailed check,Fiber optic,Yes,No,No,No,Yes,No,No,Yes,Yes
CUST-02208,David Garcia,Male,0,29,No,No,4,Month-to-month,98.48,422.71,Mailed check,Fiber optic,Yes,No,Yes,No,Yes,No,No,Yes,Yes
CUST-02209,Andrew Williams,Male,0,58,Yes,No,11,Month-to-month,117.03,1240.83,Bank transfer,Fiber optic,Yes,Yes,No,Yes,No,Yes,Yes,Yes,No
CUST-02210,Daniel Hernandez,Male,0,31,No,No,2,Month-to-month,86.97,163.57,Bank transfer,Fiber optic,Yes,No,Yes,No,Yes,No,No,Yes,No
CUST-02211,Charles Gonzalez,Male,0,40,Yes,No,14,One year,65.8,954.23,Mailed check,DSL,Yes,Yes,Yes,No,No,No,No,Yes,No
CUST-02212,Ashley Ramirez,Female,0,37,No,No,11,One year,100.3,1084.67,Electronic check,DSL,Yes,Yes,No,Yes,Yes,Yes,No,Yes,No
CUST-02213,Nancy Jones,Male,0,48,Yes,No,29,One year,87.63,2515.4,Electronic check,Fiber optic,Yes,Yes,No,No,No,Yes,No,Yes,Yes
CUST-02214,Barbara Garcia,Male,0,64,No,No,56,Two year,89.9,5073.27,Mailed check,Fiber optic,No,No,No,No,No,Yes,Yes,No,No
CUST-02215,Sarah Rodriguez,Female,0,57,No,Yes,35,One year,71.55,2483.8,Bank transfer,Fiber optic,No,No,No,No,Yes,No,No,No,No
CUST-02216,Matthew Gonzalez,Male,1,71,Yes,No,21,One year,96.53,2011.2,Electronic check,DSL,Yes,Yes,No,Yes,Yes,No,Yes,No,Yes
CUST-02217,Susan Young,Female,0,18,No,No,39,One year,25.31,968.32,Credit card,No,Yes,No internet service,No internet service,No internet service,No internet service,No internet service,No internet service,No,No
CUST-02218,Linda Thompson,Male,0,59,No,No,70,Two year,27.78,1934.78,Credit card,No,Yes,No internet service,No internet service,No internet service,No internet service,No internet service,No internet service,Yes,No
CUST-02219,Ashley Scott,Male,0,42,Yes,No,5,Month-to-month,77.47,349.43,Bank transfer,DSL,No,Yes,Yes,No,Yes,No,No,No,No
CUST-02220,Nancy Scott,Male,1,73,No,No,19,One year,56.47,1031.82,Bank transfer,DSL,No,No,Yes,No,No,Yes,No,Yes,Yes
CUST-02221,Michelle Scott,Female,0,19,No,No,41,Two year,26.8,1060.24,Electronic check,No,Yes,No internet service,No internet service,No internet service,No internet service,No internet service,No internet service,Yes,No
CUST-02222,Kimberly Brown,Male,0,23,Yes,Yes,37,Two year,90.4,3376.85,Mailed check,Fiber optic,Yes,Yes,No,No,No,No,No,Yes,Yes
CUST-02223,Emily King,Female,0,56,Yes,No,9,Month-to-month,97.99,861.09,Electronic check,Fiber optic,No,Yes,No,No,Yes,Yes,No,Yes,No
CUST-02224,Daniel Anderson,Male,0,51,No,Yes,9,Month-to-month,55.73,454.68,Electronic check,DSL,Yes,No,No,No,No,No,No,Yes,No
CUST-02225,Lisa Anderson,Male,0,40,Yes,No,20,One year,39.84,759.68,Mailed check,No,Yes,No internet service,No internet service,No internet service,No internet service,No internet service,No internet service,No,No
CUST-02226,Joshua Anderson,Female,0,62,Yes,No,60,Two year,104.59,6305.64,Bank transfer,Fiber optic,Yes,No,Yes,No,No,Yes,Yes,No,No
CUST-02227,Michael Harris,Male,1,65,Yes,No,16,One year,84.6,1329.74,Bank transfer,Fiber optic,Yes,No,No,Yes,No,No,No,Yes,Yes
CUST-02228,Sandra Thomas,Female,0,56,No,No,11,Month-to-month,98.47,1034.02,Mailed check,Fiber optic,Yes,No,Yes,Yes,No,No,No,Yes,Yes
CUST-02229,Michelle Jones,Female,0,32,No,Yes,8,Month-to-month,88.62,662.73,Credit card,Fiber optic,Yes,No,No,Yes,No,No,No,Yes,Yes
CUST-02230,Susan Torres,Female,0,53,No,No,10,Month-to-month,39.87,379.89,Bank transfer,No,Yes,No internet service,No internet service,No internet service,No internet service,No internet service,No internet service,Yes,No
CUST-02231,Andrew Gonzalez,Male,0,44,Yes,No,9,Month-to-month,83.88,782.88,Electronic check,DSL,Yes,Yes,No,No,No,Yes,Yes,No,No
CUST-02232,Lisa Harris,Male,0,51,Yes,No,17,One year,93.42,1556.47,Electronic check,Fiber optic,Yes,Yes,Yes,No,No,No,No,Yes,No
CUST-02233,Mark Miller,Female,0,22,Yes,Yes,8,Month-to-month,26.87,179.86,Mailed check,No,Yes,No internet service,No internet service,No internet service,No internet service,No internet service,No internet service,Yes,No
CUST-02234,William Scott,Male,1,83,Yes,No,7,Month-to-month,91.25,656.09,Credit card,Fiber optic,Yes,No,No,No,No,No,Yes,Yes,No
CUST-02235,Margaret Lopez,Female,1,81,Yes,Yes,51,Two year,25.8,1308.8,Bank transfer,No,Yes,No internet service,No internet service,No internet service,No internet service,No internet service,No internet service,No,No
CUST-02236,Kimberly Garcia,Male,0,35,Yes,No,4,Month-to-month,87.82,313.46,Credit card,DSL,Yes,Yes,Yes,Yes,No,No,No,No,Yes
CUST-02237,Michael Thomas,Female,1,72,Yes,Yes,1,Month-to-month,87.16,87.16,Bank transfer,Fiber optic,Yes,No,No,No,Yes,Yes,No,No,No
CUST-02238,Elizabeth Martinez,Male,1,70,No,No,8,Month-to-month,103.32,780.85,Electronic check,Fiber optic,Yes,No,Yes,Yes,Yes,No,No,Yes,No
CUST-02239,Patricia Perez,Female,0,57,No,Yes,10,One year,90.55,923.54,Bank transfer,DSL,Yes,Yes,Yes,Yes,No,Yes,No,No,Yes
CUST-02240,Linda King,Male,0,55,Yes,Yes,40,Two year,34.8,1409.88,Mailed check,No,Yes,No internet service,No internet service,No internet service,No internet service,No internet service,No internet service,No,No
CUST-02241,Mark Perez,Female,0,47,Yes,Yes,19,Two year,32.0,567.8,Credit card,No,Yes,No internet service,No internet service,No internet service,No internet service,No internet service,No internet service,No,No
CUST-02242,Emily Garcia,Male,1,71,No,No,55,Two year,94.39,5145.64,Bank transfer,Fiber optic,Yes,No,No,No,Yes,No,Yes,Yes,No
CUST-02243,Mary Hill,Female,0,27,No,Yes,67,Two year,115.45,7686.82,Credit card,Fiber optic,Yes,Yes,Yes,No,No,Yes,No,Yes,No
CUST-02244,Patricia Thompson,Female,0,52,Yes,No,15,One year,27.89,441.79,Electronic check,No,Yes,No internet service,No internet service,No internet service,No internet service,No internet service,No internet service,Yes,No
CUST-02245,Jessica Perez,Male,0,62,No,No,4,Month-to-month,96.02,396.75,Mailed check,Fiber optic,Yes,Yes,Yes,No,No,Yes,No,Yes,Yes
CUST-02246,Mark King,Female,0,34,Yes,No,27,Two year,93.06,2539.0,Credit card,DSL,Yes,Yes,No,Yes,Yes,No,No,Yes,No
CUST-02247,Robert Harris,Female,0,55,Yes,No,61,Two year,98.39,5961.95,Credit card,DSL,Yes,Yes,Yes,No,Yes,No,Yes,No,Yes
CUST-02248,Kimberly Jones,Male,0,35,Yes,No,2,Month-to-month,39.6,41.18,Credit card,No,Yes,No internet service,No internet service,No internet service,No internet service,No internet service,No internet service,No,No
CUST-02249,Charles Wilson,Female,0,31,No,No,6,Month-to-month,39.41,249.92,Mailed check,No,Yes,No internet service,No internet service,No internet service,No internet service,No internet service,No internet service,No,Yes
CUST-02250,Richard Harris,Female,0,51,No,Yes,11,Month-to-month,76.72,814.93,Bank transfer,DSL,Yes,Yes,No,Yes,No,No,No,Yes,No
CUST-02251,Michael King,Male,0,54,No,No,6,Month-to-month,92.13,512.44,Credit card,Fiber optic,Yes,Yes,No,No,No,No,No,No,No
CUST-02252,Christopher Johnson,Male,0,25,No,No,15,Two year,102.81,1571.31,Bank transfer,Fiber optic,Yes,No,Yes,No,Yes,No,No,No,No
CUST-02253,David Moore,Female,0,64,No,No,36,Two year,87.88,3119.16,Mailed check,Fiber optic,Yes,No,No,Yes,No,Yes,No,Yes,No
CUST-02254,Sandra Gonzalez,Male,0,18,Yes,No,9,Month-to-month,74.42,713.3,Electronic check,DSL,Yes,No,Yes,No,No,Yes,No,No,Yes
CUST-02255,Matthew Sanchez,Male,0,52,No,No,52,Two year,78.5,4062.33,Credit card,DSL,Yes,No,No,Yes,No,Yes,No,Yes,No
CUST-02256,Kimberly Ramirez,Male,1,75,No,No,10,Month-to-month,95.05,906.38,Credit card,Fiber optic,Yes,Yes,Yes,No,No,Yes,No,No,Yes
CUST-02257,Elizabeth Hill,Male,1,84,Yes,No,57,Two year,103.4,5845.65,Electronic check,Fiber optic,No,No,No,No,Yes,Yes,Yes,No,No
CUST-02258,Donald White,Female,0,43,Yes,No,1,Month-to-month,34.9,57.74,Bank transfer,No,Yes,No internet service,No internet service,No internet service,No internet service,No internet service,No internet service,Yes,Yes
CUST-02259,Donald Jackson,Female,0,41,Yes,Yes,8,Month-to-month,97.25,758.85,Electronic check,Fiber optic,Yes,No,Yes,No,No,Yes,No,Yes,No
CUST-02260,Mark Flores,Male,0,18,Yes,No,8,Month-to-month,95.47,719.09,Electronic check,Fiber optic,Yes,No,No,Yes,Yes,No,No,No,No
CUST-02261,Sandra Taylor,Female,0,20,Yes,No,6,Month-to-month,90.56,517.67,Electronic check,DSL,Yes,No,Yes,No,Yes,No,Yes,Yes,Yes
CUST-02262,William Rodriguez,Male,0,55,Yes,Yes,16,One year,117.02,1892.87,Credit card,Fiber optic,Yes,Yes,Yes,No,Yes,Yes,Yes,No,No
CUST-02263,David Miller,Male,0,59,No,Yes,7,Month-to-month,97.82,672.94,Electronic check,Fiber optic,Yes,Yes,Yes,No,No,No,No,Yes,No
CUST-02264,Jessica Rodriguez,Female,0,32,Yes,No,44,One year,83.04,3665.47,Credit card,Fiber optic,Yes,No,No,No,Yes,No,Yes,Yes,No
CUST-02265,Lisa Lopez,Female,0,45,Yes,No,71,Two year,36.42,2564.04,Bank transfer,No,Yes,No internet service,No internet service,No internet service,No internet service,No internet service,No internet service,Yes,No
CUST-02266,Paul Wright,Female,0,32,No,Yes,7,Month-to-month,94.61,645.91,Bank transfer,DSL,Yes,Yes,No,Yes,No,Yes,Yes,Yes,Yes
CUST-02267,Richard Ramirez,Female,0,46,Yes,Yes,36,Two year,76.43,2776.39,Electronic check,DSL,Yes,No,Yes,Yes,No,No,No,No,No
CUST-02268,Christopher Young,Male,0,53,No,No,6,Month-to-month,39.16,252.01,Electronic check,No,Yes,No internet service,No internet service,No internet service,No internet service,No internet service,No internet service,No,No
CUST-02269,Richard Lewis,Male,0,40,No,No,3,Month-to-month,31.73,85.15,Electronic check,No,Yes,No internet service,No internet service,No internet service,No internet service,No internet service,No internet service,No,No
CUST-02270,Mary Moore,Male,0,43,No,No,33,Two year,80.57,2616.82,Mailed check,DSL,Yes,No,Yes,Yes,Yes,No,No,No,No
CUST-02271,Sarah Harris,Male,0,45,No,No,31,One year,97.58,2984.81,Electronic check,Fiber optic,Yes,Yes,No,Yes,No,Yes,No,Yes,No
CUST-02272,Margaret Torres,Male,0,43,Yes,No,9,Month-to-month,85.87,764.18,Mailed check,DSL,Yes,Yes,Yes,Yes,Yes,No,No,Yes,No
CUST-02273,Donna White,Male,0,18,No,No,8,Month-to-month,83.42,630.67,Credit card,Fiber optic,No,Yes,No,No,No,Yes,No,No,Yes
CUST-02274,Emily Martinez,Female,0,27,Yes,Yes,14,One year,77.47,1117.35,Electronic check,DSL,Yes,No,No,No,Yes,Yes,Yes,No,No
CUST-02275,John Ramirez,Female,1,70,Yes,No,4,Month-to-month,26.96,85.1,Mailed check,No,No,No internet service,No internet service,No internet service,No internet service,No internet service,No internet service,No,No
CUST-02276,Thomas Taylor,Male,0,19,Yes,No,9,Month-to-month,110.25,1001.8,Electronic check,Fiber optic,Yes,Yes,No,No,Yes,No,Yes,No,Yes
CUST-02277,Charles Hill,Male,1,82,Yes,No,1,Month-to-month,79.98,111.84,Mailed check,Fiber optic,No,Yes,No,No,Yes,No,No,No,No
CUST-02278,Paul Hernandez,Female,0,49,Yes,Yes,15,Two year,92.28,1419.74,Mailed check,Fiber optic,Yes,Yes,No,No,No,No,No,Yes,No
CUST-02279,Andrew Smith,Female,1,75,Yes,Yes,8,Month-to-month,27.43,265.86,Mailed check,No,No,No internet service,No internet service,No internet service,No internet service,No internet service,No internet service,No,Yes
CUST-02280,Charles Torres,Male,0,59,Yes,No,17,One year,89.89,1492.27,Bank transfer,Fiber optic,Yes,No,Yes,No,No,No,Yes,Yes,No
CUST-02281,Margaret Young,Male,1,83,Yes,No,31,Two year,72.58,2264.92,Mailed check,DSL,Yes,No,Yes,Yes,No,No,No,Yes,No
CUST-02282,Mary Wilson,Female,0,34,No,No,1,Month-to-month,120.74,138.04,Bank transfer,Fiber optic,Yes,Yes,Yes,Yes,No,No,Yes,Yes,No
CUST-02283,James Martinez,Male,0,28,No,Yes,10,Month-to-month,25.16,233.49,Credit card,No,Yes,No internet service,No internet service,No internet service,No internet service,No internet service,No internet service,No,No
CUST-02284,John Lee,Male,0,57,No,No,10,Month-to-month,35.38,358.09,Bank transfer,No,Yes,No internet service,No internet service,No internet service,No internet service,No internet service,No internet service,Yes,No
CUST-02285,Joshua Martin,Male,0,59,Yes,Yes,29,One year,56.83,1618.23,Bank transfer,DSL,Yes,No,No,No,No,No,No,Yes,Yes
CUST-02286,Donna Jones,Female,0,49,No,No,8,Month-to-month,34.01,245.42,Credit card,No,Yes,No internet service,No internet service,No internet service,No internet service,No internet service,No internet service,Yes,No
CUST-02287,Margaret Nguyen,Male,0,26,Yes,No,4,Month-to-month,89.83,405.32,Mailed check,Fiber optic,Yes,No,No,No,No,Yes,No,No,Yes
CUST-02288,Matthew Wright,Male,0,40,No,Yes,5,Month-to-month,71.38,383.13,Electronic check,DSL,Yes,No,No,No,No,No,Yes,Yes,No
CUST-02289,Michelle Taylor,Female,0,19,Yes,Yes,49,Two year,94.34,4654.88,Electronic check,Fiber optic,Yes,Yes,No,Yes,No,No,No,No,No
CUST-02290,Andrew Smith,Male,1,75,No,No,2,Month-to-month,92.16,215.25,Electronic check,Fiber optic,Yes,No,No,No,Yes,No,No,Yes,Yes
CUST-02291,Patricia Rodriguez,Female,1,80,Yes,Yes,47,Two year,85.21,4027.06,Bank transfer,Fiber optic,Yes,Yes,No,Yes,No,No,No,Yes,No
CUST-02292,Andrew Young,Male,0,50,Yes,No,8,One year,76.53,622.74,Mailed check,Fiber optic,No,No,Yes,No,Yes,No,No,Yes,Yes
CUST-02293,Robert Wilson,Male,0,54,No,No,18,Two year,26.83,434.8,Mailed check,No,Yes,No internet service,No internet service,No internet service,No internet service,No internet service,No internet service,No,No
CUST-02294,Patricia Clark,Female,1,82,Yes,Yes,62,Two year,73.07,4506.7,Credit card,DSL,Yes,No,Yes,No,No,No,Yes,No,No
CUST-02295,Paul Perez,Male,0,63,Yes,No,4,Month-to-month,67.31,292.5,Bank transfer,DSL,Yes,Yes,No,No,No,No,Yes,No,No
CUST-02296,Nancy Walker,Female,0,54,No,No,11,One year,99.74,1109.83,Electronic check,Fiber optic,No,Yes,No,Yes,No,No,Yes,No,Yes
CUST-02297,Michael Brown,Male,1,84,No,No,23,Two year,83.03,1875.97,Credit card,Fiber optic,Yes,No,No,No,No,Yes,No,Yes,No
CUST-02298,Sarah King,Male,0,45,Yes,No,38,One year,31.67,1232.63,Mailed check,No,Yes,No internet service,No internet service,No internet service,No internet service,No internet service,No internet service,No,No
CUST-02299,Barbara Taylor,Male,1,84,No,No,10,Month-to-month,64.82,632.01,Bank transfer,DSL,Yes,No,No,No,No,Yes,No,No,No
CUST-02300,Mark Sanchez,Male,0,46,Yes,No,12,One year,30.44,396.29,Credit card,No,Yes,No internet service,No internet service,No internet service,No internet service,No internet service,No internet service,Yes,No
CUST-02301,Mary Miller,Male,0,31,Yes,No,7,Month-to-month,95.3,696.64,Electronic check,Fiber optic,Yes,Yes,No,No,Yes,No,Yes,Yes,Yes
CUST-02302,Patricia Hernandez,Male,0,54,Yes,Yes,24,One year,103.33,2460.36,Electronic check,Fiber optic,Yes,Yes,Yes,No,Yes,Yes,No,Yes,No
CUST-02303,Michelle Lopez,Female,0,33,Yes,No,11,Month-to-month,35.18,373.19,Mailed check,No,Yes,No internet service,No internet service,No internet service,No internet service,No internet service,No internet service,No,No
CUST-02304,Matthew Thompson,Female,0,27,No,Yes,7,Month-to-month,104.63,774.36,Mailed check,Fiber optic,Yes,Yes,Yes,Yes,Yes,No,No,Yes,Yes
CUST-02305,Elizabeth Anderson,Male,0,50,No,No,48,Two year,80.37,3847.68,Credit card,Fiber optic,Yes,No,No,No,No,No,No,Yes,No
CUST-02306,Emily Miller,Female,0,61,No,No,68,Two year,93.5,6367.79,Mailed check,DSL,Yes,Yes,No,Yes,No,Yes,Yes,Yes,No
CUST-02307,Linda Martinez,Male,0,38,Yes,No,10,Month-to-month,90.38,855.05,Mailed check,Fiber optic,Yes,Yes,No,No,No,Yes,No,Yes,Yes
CUST-02308,James Garcia,Male,0,54,Yes,No,16,One year,39.64,674.59,Electronic check,No,Yes,No internet service,No internet service,No internet service,No internet service,No internet service,No internet service,No,No
CUST-02309,Karen Walker,Male,0,26,No,No,1,Month-to-month,36.91,84.66,Credit card,No,Yes,No internet service,No internet service,No internet service,No internet service,No internet service,No internet service,Yes,Yes
CUST-02310,Michael Perez,Female,0,36,Yes,Yes,18,One year,29.26,546.91,Electronic check,No,Yes,No internet service,No internet service,No internet service,No internet service,No internet service,No internet service,Yes,No
CUST-02311,Margaret Wilson,Female,0,41,Yes,Yes,7,Month-to-month,107.2,791.24,Electronic check,Fiber optic,Yes,Yes,Yes,Yes,No,Yes,No,No,No
CUST-02312,Donald Hill,Female,0,36,Yes,Yes,11,Month-to-month,37.96,441.95,Electronic check,No,Yes,No internet service,No internet service,No internet service,No internet service,No internet service,No internet service,No,No
CUST-02313,Charles Hernandez,Male,0,58,Yes,No,47,Two year,37.15,1705.76,Bank transfer,No,Yes,No internet service,No internet service,No internet service,No internet service,No internet service,No internet service,Yes,No
CUST-02314,David Hernandez,Male,0,44,No,No,7,Month-to-month,80.06,600.98,Credit card,Fiber optic,Yes,No,No,No,No,No,No,No,No
CUST-02315,Mary Brown,Female,0,30,No,No,10,Month-to-month,94.03,963.07,Electronic check,DSL,Yes,Yes,Yes,No,No,No,Yes,Yes,Yes
CUST-02316,Linda Ramirez,Female,0,23,Yes,Yes,12,One year,99.73,1152.98,Credit card,Fiber optic,Yes,Yes,No,Yes,No,No,Yes,Yes,No
CUST-02317,William Smith,Male,0,58,No,No,7,Month-to-month,98.59,687.28,Electronic check,Fiber optic,Yes,Yes,No,No,Yes,Yes,No,Yes,Yes
CUST-02318,Joshua Jones,Male,1,79,Yes,No,25,One year,80.77,2035.96,Credit card,DSL,Yes,No,Yes,Yes,No,No,Yes,Yes,No
CUST-02319,Barbara Martin,Male,0,61,No,Yes,2,Month-to-month,35.98,35.98,Bank transfer,No,Yes,No internet service,No internet service,No internet service,No internet service,No internet service,No internet service,No,Yes
CUST-02320,Sandra Clark,Female,0,59,No,No,22,One year,75.78,1661.56,Credit card,Fiber optic,Yes,No,No,No,No,No,No,No,No
CUST-02321,Donald Hill,Male,0,61,Yes,No,4,Month-to-month,104.85,430.79,Credit card,Fiber optic,Yes,Yes,No,Yes,Yes,No,No,Yes,Yes
CUST-02322,William Garcia,Female,0,55,Yes,No,39,One year,93.78,3661.12,Credit card,Fiber optic,Yes,Yes,Yes,No,No,No,No,No,No
CUST-02323,Jennifer Robinson,Male,0,41,No,No,32,One year,36.01,1123.24,Bank transfer,No,Yes,No internet service,No internet service,No internet service,No internet service,No internet service,No internet service,No,No
CUST-02324,John Garcia,Male,0,57,No,No,11,Month-to-month,89.75,993.03,Bank transfer,Fiber optic,Yes,No,No,No,Yes,Yes,No,Yes,Yes
CUST-02325,Michelle Martin,Female,0,18,No,No,11,Month-to-month,86.39,989.18,Electronic check,Fiber optic,No,Yes,No,No,No,Yes,No,No,Yes
CUST-02326,Karen Thomas,Female,0,48,Yes,No,42,Two year,73.6,3050.97,Bank transfer,DSL,No,No,Yes,No,Yes,Yes,Yes,No,No
CUST-02327,Daniel Scott,Male,0,47,No,No,10,Month-to-month,92.0,910.67,Mailed check,Fiber optic,Yes,Yes,No,No,No,No,Yes,Yes,Yes
CUST-02328,Mark Garcia,Male,0,21,Yes,No,1,Month-to-month,29.22,29.22,Electronic check,No,Yes,No internet service,No internet service,No internet service,No internet service,No internet service,No internet service,No,No
CUST-02329,Joshua Torres,Male,0,55,Yes,Yes,39,One year,103.34,4038.67,Bank transfer,DSL,Yes,No,Yes,Yes,Yes,Yes,Yes,No,No
CUST-02330,Christopher Walker,Male,0,40,Yes,No,42,Two year,64.23,2653.2,Bank transfer,DSL,Yes,No,Yes,No,No,No,No,Yes,No
CUST-02331,Charles Nguyen,Male,1,79,No,No,1,Month-to-month,104.63,135.01,Mailed check,Fiber optic,Yes,No,Yes,Yes,Yes,No,No,No,Yes
CUST-02332,Elizabeth Miller,Female,0,46,Yes,No,38,One year,99.98,3834.12,Bank transfer,Fiber optic,Yes,Yes,No,No,Yes,No,Yes,No,No
CUST-02333,Ashley Taylor,Male,0,49,Yes,Yes,33,One year,90.36,2955.73,Mailed check,DSL,Yes,Yes,Yes,No,Yes,No,No,Yes,No
CUST-02334,Charles Young,Male,0,31,Yes,Yes,3,Month-to-month,27.62,132.59,Mailed check,No,Yes,No internet service,No internet service,No internet service,No internet service,No internet service,No internet service,No,No
CUST-02335,Anthony Brown,Female,0,46,No,No,4,Month-to-month,107.93,392.15,Bank transfer,Fiber optic,Yes,No,Yes,Yes,Yes,No,Yes,Yes,No
CUST-02336,Barbara Thompson,Female,0,22,No,No,5,Month-to-month,83.01,390.4,Electronic check,Fiber optic,Yes,No,No,No,No,No,Yes,No,Yes
CUST-02337,Margaret Robinson,Male,1,67,No,No,7,Month-to-month,96.38,670.43,Mailed check,DSL,Yes,Yes,Yes,Yes,Yes,No,No,No,No
CUST-02338,Nancy Rodriguez,Male,0,64,No,No,48,Two year,64.02,3103.3,Bank transfer,DSL,Yes,No,Yes,No,Yes,No,No,Yes,No
CUST-02339,William Thompson,Male,0,32,Yes,No,9,Month-to-month,94.56,861.87,Mailed check,Fiber optic,Yes,No,No,No,Yes,Yes,No,No,Yes
CUST-02340,Mark Gonzalez,Male,1,82,Yes,No,8,One year,70.3,553.78,Bank transfer,DSL,Yes,No,Yes,No,No,No,Yes,No,No
CUST-02341,Mark Gonzalez,Female,0,52,Yes,No,4,Month-to-month,93.96,414.41,Bank transfer,Fiber optic,Yes,Yes,Yes,Yes,No,No,No,No,Yes
CUST-02342,Jessica Thomas,Female,0,51,Yes,Yes,4,Month-to-month,28.97,135.47,Mailed check,No,Yes,No internet service,No internet service,No internet service,No internet service,No internet service,No internet service,Yes,Yes
CUST-02343,Paul Wilson,Male,0,20,Yes,Yes,43,Two year,37.66,1654.02,Electronic check,No,Yes,No internet service,No internet service,No internet service,No internet service,No internet service,No internet service,No,No
CUST-02344,Elizabeth Taylor,Female,1,66,Yes,No,58,Two year,85.18,4891.38,Mailed check,DSL,Yes,Yes,Yes,No,No,Yes,Yes,Yes,No
CUST-02345,Susan Walker,Female,0,33,Yes,Yes,19,One year,81.99,1567.86,Credit card,DSL,Yes,No,Yes,Yes,Yes,No,No,Yes,No
CUST-02346,Mark Brown,Female,0,50,No,No,21,Two year,76.35,1632.38,Electronic check,DSL,Yes,No,Yes,No,Yes,No,No,No,Yes
CUST-02347,Richard Martin,Female,0,48,Yes,Yes,34,Two year,99.03,3325.53,Electronic check,Fiber optic,Yes,Yes,No,Yes,No,Yes,Yes,Yes,Yes
CUST-02348,Karen Flores,Female,0,48,Yes,No,9,Month-to-month,103.82,925.73,Bank transfer,Fiber optic,Yes,Yes,Yes,Yes,No,No,No,Yes,No
CUST-02349,Margaret Sanchez,Female,0,32,No,Yes,9,Month-to-month,82.61,759.55,Bank transfer,DSL,Yes,No,No,No,Yes,Yes,No,Yes,No
CUST-02350,Donna Davis,Female,0,40,No,Yes,60,Two year,112.25,6721.74,Mailed check,Fiber optic,Yes,No,No,No,Yes,Yes,Yes,Yes,No
CUST-02351,Matthew Nguyen,Female,0,50,No,No,10,Month-to-month,111.27,1101.2,Bank transfer,Fiber optic,Yes,Yes,Yes,No,Yes,No,No,Yes,Yes
CUST-02352,Kimberly Wright,Male,0,45,No,No,4,Month-to-month,84.07,317.31,Credit card,DSL,No,Yes,Yes,No,No,Yes,Yes,Yes,No
CUST-02353,Lisa Allen,Female,0,54,Yes,No,43,Two year,75.04,3239.1,Mailed check,DSL,Yes,No,Yes,Yes,Yes,No,No,Yes,No
CUST-02354,Richard Wilson,Male,0,59,Yes,No,23,One year,105.42,2391.86,Electronic check,Fiber optic,Yes,Yes,Yes,Yes,Yes,No,No,Yes,Yes
CUST-02355,Patricia Lewis,Female,1,71,No,Yes,57,Two year,37.29,2168.19,Electronic check,No,Yes,No internet service,No internet service,No internet service,No internet service,No internet service,No internet service,Yes,Yes
CUST-02356,Michelle Jackson,Female,0,56,Yes,Yes,13,One year,30.23,438.13,Bank transfer,No,Yes,No internet service,No internet service,No internet service,No internet service,No internet service,No internet service,No,No
CUST-02357,Christopher Jones,Male,0,54,No,Yes,23,Two year,28.18,658.89,Electronic check,No,Yes,No internet service,No internet service,No internet service,No internet service,No internet service,No internet service,Yes,No
CUST-02358,Susan Thompson,Male,0,26,No,Yes,2,Month-to-month,100.59,171.64,Electronic check,Fiber optic,Yes,No,No,Yes,No,Yes,No,Yes,Yes
CUST-02359,Sandra Torres,Female,1,69,Yes,No,4,Month-to-month,96.16,374.45,Credit card,Fiber optic,No,No,Yes,Yes,No,Yes,No,Yes,No
CUST-02360,Daniel Hernandez,Female,0,56,No,No,25,One year,87.68,2156.18,Electronic check,Fiber optic,No,No,Yes,No,No,Yes,No,No,Yes
CUST-02361,Linda Smith,Male,0,40,Yes,Yes,1,Month-to-month,38.05,57.36,Credit card,No,Yes,No internet service,No internet service,No internet service,No internet service,No internet service,No internet service,Yes,Yes
CUST-02362,Ashley Williams,Male,1,77,No,Yes,10,Month-to-month,99.36,979.54,Mailed check,Fiber optic,Yes,Yes,No,Yes,No,Yes,No,No,Yes
CUST-02363,Charles Flores,Female,0,36,No,No,2,Month-to-month,95.51,172.49,Electronic check,DSL,Yes,Yes,Yes,No,Yes,Yes,No,No,Yes
CUST-02364,Jessica Jones,Female,0,45,No,Yes,1,Month-to-month,104.69,104.69,Mailed check,Fiber optic,Yes,No,Yes,No,Yes,Yes,No,Yes,No
CUST-02365,Christopher Hill,Male,1,72,Yes,Yes,7,Month-to-month,70.11,454.35,Mailed check,DSL,Yes,Yes,No,No,Yes,No,No,Yes,Yes
CUST-02366,Michelle Davis,Female,0,28,Yes,Yes,8,Month-to-month,113.06,900.99,Electronic check,Fiber optic,No,Yes,Yes,Yes,No,No,Yes,No,No
CUST-02367,Barbara Jones,Male,0,50,No,Yes,12,Two year,75.71,927.24,Electronic check,DSL,Yes,No,No,Yes,No,No,Yes,Yes,No
CUST-02368,Anthony Thompson,Male,0,48,No,No,6,Month-to-month,38.65,211.93,Credit card,No,Yes,No internet service,No internet service,No internet service,No internet service,No internet service,No internet service,Yes,No
CUST-02369,Andrew White,Female,0,37,No,Yes,2,Month-to-month,32.36,67.01,Electronic check,No,Yes,No internet service,No internet service,No internet service,No internet service,No internet service,No internet service,No,Yes
CUST-02370,Elizabeth Johnson,Male,0,20,Yes,No,18,One year,96.35,1772.06,Credit card,Fiber optic,Yes,Yes,Yes,No,No,No,No,Yes,No
CUST-02371,Richard Brown,Female,0,47,No,Yes,7,One year,95.71,639.27,Bank transfer,Fiber optic,Yes,Yes,No,No,Yes,No,No,Yes,No
CUST-02372,Sandra Clark,Male,1,77,Yes,No,9,Month-to-month,93.07,859.79,Bank transfer,Fiber optic,Yes,No,Yes,No,Yes,Yes,No,Yes,Yes
CUST-02373,Charles Martinez,Female,0,46,Yes,Yes,15,Two year,97.65,1467.05,Bank transfer,DSL,Yes,Yes,Yes,No,Yes,Yes,No,Yes,Yes
CUST-02374,Michelle Allen,Male,0,28,Yes,Yes,1,Month-to-month,78.37,112.48,Electronic check,DSL,Yes,No,Yes,No,No,Yes,No,Yes,No
CUST-02375,Karen Martin,Female,0,33,Yes,No,19,One year,110.15,2057.7,Credit card,Fiber optic,No,Yes,Yes,Yes,Yes,No,Yes,Yes,No
CUST-02376,Susan Nguyen,Female,0,20,Yes,No,9,Month-to-month,97.52,884.48,Mailed check,Fiber optic,No,Yes,Yes,Yes,No,No,No,No,Yes
CUST-02377,James Walker,Female,0,20,No,No,29,Two year,89.28,2571.52,Mailed check,DSL,Yes,No,Yes,No,Yes,Yes,No,No,No
CUST-02378,Barbara Lee,Male,1,74,Yes,No,15,Two year,91.87,1344.37,Mailed check,Fiber optic,Yes,No,Yes,No,No,Yes,No,Yes,No
CUST-02379,Mark Torres,Male,0,56,Yes,No,9,Month-to-month,69.2,626.83,Electronic check,DSL,Yes,Yes,No,No,No,No,No,Yes,Yes
CUST-02380,Karen Lee,Male,0,35,No,No,8,Month-to-month,119.22,936.61,Electronic check,Fiber optic,Yes,Yes,Yes,Yes,Yes,Yes,No,Yes,No
CUST-02381,Matthew Torres,Female,0,39,Yes,No,3,Month-to-month,60.58,174.47,Credit card,DSL,Yes,No,No,No,No,Yes,No,Yes,Yes
CUST-02382,Jennifer Sanchez,Female,0,29,Yes,Yes,47,One year,92.32,4386.9,Credit card,Fiber optic,Yes,No,No,Yes,Yes,Yes,No,Yes,No
CUST-02383,Jessica Ramirez,Female,0,60,Yes,Yes,11,One year,94.21,1080.7,Electronic check,Fiber optic,Yes,No,Yes,Yes,No,Yes,No,No,No
CUST-02384,Donna Young,Male,0,48,Yes,No,10,Month-to-month,28.57,315.74,Credit card,No,Yes,No internet service,No internet service,No internet service,No internet service,No internet service,No internet service,Yes,No
CUST-02385,Emily Flores,Male,0,59,Yes,No,2,Month-to-month,101.52,232.81,Credit card,Fiber optic,Yes,No,No,No,Yes,Yes,Yes,No,Yes
CUST-02386,Charles Lopez,Female,0,39,Yes,No,24,One year,30.92,762.81,Mailed check,No,Yes,No internet service,No internet service,No internet service,No internet service,No internet service,No internet service,Yes,No
CUST-02387,Matthew Jackson,Male,0,41,Yes,Yes,5,Month-to-month,74.52,361.18,Electronic check,DSL,Yes,No,Yes,Yes,No,Yes,No,Yes,No
CUST-02388,Sarah Harris,Female,0,45,No,No,5,Month-to-month,95.7,517.82,Bank transfer,Fiber optic,Yes,Yes,Yes,No,No,No,No,Yes,Yes
CUST-02389,Matthew Torres,Female,0,24,No,Yes,3,Month-to-month,85.91,222.71,Electronic check,DSL,Yes,Yes,Yes,No,No,Yes,No,No,Yes
CUST-02390,Mark Thompson,Female,0,51,Yes,No,6,Month-to-month,32.27,209.96,Bank transfer,No,Yes,No internet service,No internet service,No internet service,No internet service,No internet service,No internet service,No,No
CUST-02391,Lisa Ramirez,Female,0,63,No,Yes,20,Two year,93.88,1834.58,Bank transfer,Fiber optic,Yes,No,Yes,No,No,No,Yes,No,Yes
CUST-02392,Joshua Taylor,Female,0,20,Yes,No,38,One year,74.06,2845.77,Bank transfer,DSL,Yes,Yes,Yes,No,No,Yes,No,Yes,No
CUST-02393,Andrew Thomas,Female,0,42,No,No,10,Month-to-month,37.93,423.14,Bank transfer,No,Yes,No internet service,No internet service,No internet service,No internet service,No internet service,No internet service,Yes,No
CUST-02394,Michael Moore,Male,1,78,Yes,No,8,Month-to-month,96.33,730.19,Credit card,Fiber optic,Yes,No,No,Yes,No,No,Yes,Yes,Yes
CUST-02395,Mark Brown,Male,0,31,No,No,33,One year,103.02,3437.08,Bank transfer,Fiber optic,Yes,Yes,No,No,No,Yes,No,Yes,No
CUST-02396,William Brown,Male,0,57,Yes,No,16,Two year,96.61,1555.62,Electronic check,Fiber optic,Yes,No,Yes,Yes,No,Yes,No,Yes,No
CUST-02397,Jennifer Lopez,Female,0,18,No,No,8,Month-to-month,35.75,244.3,Electronic check,No,Yes,No internet service,No internet service,No internet service,No internet service,No internet service,No internet service,No,No
CUST-02398,Christopher Lewis,Female,0,28,Yes,No,2,Month-to-month,95.77,167.22,Bank transfer,Fiber optic,Yes,No,No,Yes,Yes,Yes,No,Yes,Yes
CUST-02399,Patricia Torres,Female,0,52,Yes,Yes,40,One year,62.73,2508.6,Electronic check,DSL,Yes,No,No,No,No,Yes,No,Yes,No
CUST-02400,Joseph Allen,Female,1,83,Yes,No,5,Month-to-month,59.04,308.08,Electronic check,DSL,Yes,No,No,No,Yes,No,No,No,Yes
CUST-02401,Paul Thomas,Male,0,44,No,No,19,One year,69.95,1349.95,Credit card,Fiber optic,Yes,No,No,No,No,No,No,Yes,Yes
CUST-02402,Ashley Miller,Male,0,34,Yes,No,31,Two year,96.28,2958.57,Mailed check,DSL,Yes,No,Yes,No,Yes,Yes,Yes,No,No
CUST-02403,Richard Ramirez,Male,0,58,No,Yes,8,Month-to-month,101.68,820.35,Bank transfer,Fiber optic,Yes,Yes,No,No,No,No,Yes,No,No
CUST-02404,John Clark,Male,0,46,Yes,No,33,One year,84.43,2762.65,Credit card,Fiber optic,Yes,Yes,No,No,No,No,No,No,No
CUST-02405,Andrew Lopez,Female,0,51,No,Yes,7,Month-to-month,82.93,547.87,Mailed check,DSL,Yes,No,Yes,Yes,No,No,Yes,No,Yes
CUST-02406,Thomas Brown,Female,0,28,No,No,53,Two year,66.45,3471.93,Bank transfer,DSL,Yes,Yes,No,No,No,No,No,Yes,No
CUST-02407,Paul Perez,Male,0,23,Yes,No,10,Month-to-month,108.33,1061.63,Bank transfer,Fiber optic,Yes,Yes,No,Yes,Yes,Yes,No,No,Yes
CUST-02408,Patricia Lewis,Male,0,36,No,No,27,Two year,94.63,2535.23,Credit card,Fiber optic,Yes,No,Yes,No,No,No,No,No,No
CUST-02409,Mark Hernandez,Female,0,58,Yes,No,2,Month-to-month,69.51,115.2,Bank transfer,DSL,Yes,Yes,No,No,No,Yes,No,No,No
CUST-02410,Margaret Walker,Female,0,26,Yes,Yes,8,Month-to-month,85.04,691.28,Credit card,Fiber optic,Yes,Yes,No,No,No,Yes,No,No,No
CUST-02411,John Martin,Female,0,44,Yes,Yes,41,One year,28.87,1225.77,Credit card,No,No,No internet service,No internet service,No internet service,No internet service,No internet service,No internet service,Yes,No
CUST-02412,Robert Wilson,Male,0,39,No,No,4,Month-to-month,90.99,413.28,Mailed check,Fiber optic,No,No,No,No,No,Yes,Yes,Yes,Yes
CUST-02413,Donna Miller,Male,0,44,Yes,No,4,Month-to-month,34.03,125.37,Mailed check,No,Yes,No internet service,No internet service,No internet service,No internet service,No internet service,No internet service,Yes,No
CUST-02414,James Clark,Male,1,68,Yes,No,38,One year,86.76,3291.37,Electronic check,Fiber optic,Yes,Yes,No,No,Yes,No,No,No,Yes
CUST-02415,Charles Thomas,Male,0,63,No,Yes,8,Month-to-month,99.07,809.01,Mailed check,Fiber optic,Yes,No,Yes,No,No,Yes,Yes,No,Yes
CUST-02416,Michael Jones,Female,1,68,No,No,11,Month-to-month,93.06,1062.46,Electronic check,Fiber optic,No,No,No,Yes,No,Yes,Yes,No,No
CUST-02417,Donna White,Male,0,56,No,No,5,Month-to-month,80.82,399.76,Electronic check,DSL,Yes,Yes,No,No,No,Yes,No,Yes,Yes
CUST-02418,Sandra Davis,Female,0,64,No,No,1,Month-to-month,82.54,82.54,Credit card,DSL,Yes,Yes,No,Yes,No,No,Yes,Yes,No
CUST-02419,Elizabeth Davis,Female,0,59,No,Yes,20,Two year,119.34,2416.86,Credit card,Fiber optic,Yes,Yes,Yes,No,Yes,No,Yes,Yes,No
CUST-02420,Sarah Jackson,Male,0,35,No,No,33,One year,81.38,2650.24,Credit card,DSL,Yes,Yes,Yes,No,Yes,No,No,Yes,No
CUST-02421,Linda Ramirez,Female,0,47,Yes,No,5,Month-to-month,78.06,411.29,Electronic check,DSL,Yes,No,Yes,Yes,No,Yes,No,No,No
CUST-02422,John Moore,Male,0,26,No,No,40,One year,29.27,1137.69,Bank transfer,No,Yes,No internet service,No internet service,No internet service,No internet service,No internet service,No internet service,No,No
CUST-02423,Betty Hernandez,Male,0,38,No,No,7,Month-to-month,92.75,682.69,Electronic check,Fiber optic,Yes,No,No,No,No,Yes,Yes,No,Yes
CUST-02424,Matthew Thomas,Male,1,82,Yes,No,31,One year,56.69,1770.56,Bank transfer,DSL,Yes,No,No,No,Yes,No,No,No,No
CUST-02425,Mary Gonzalez,Female,0,43,Yes,No,4,Month-to-month,72.16,296.25,Credit card,DSL,Yes,No,No,No,Yes,No,No,Yes,No
CUST-02426,Donna Taylor,Male,0,38,No,No,6,Month-to-month,99.28,596.19,Mailed check,Fiber optic,Yes,No,No,No,Yes,Yes,No,Yes,No
CUST-02427,Michelle Davis,Female,0,40,Yes,Yes,71,Two year,98.96,6995.8,Credit card,Fiber optic,Yes,No,No,Yes,Yes,Yes,No,No,No
CUST-02428,Michelle Lewis,Female,0,63,Yes,No,10,Month-to-month,80.53,799.36,Electronic check,DSL,Yes,No,No,Yes,No,Yes,Yes,Yes,No
CUST-02429,Charles Anderson,Male,0,63,No,No,7,Month-to-month,94.96,668.11,Electronic check,Fiber optic,Yes,Yes,No,No,No,No,No,No,No
CUST-02430,Thomas Ramirez,Female,0,49,Yes,Yes,22,Two year,118.0,2606.51,Mailed check,Fiber optic,Yes,Yes,Yes,Yes,Yes,No,No,No,No
CUST-02431,Paul Flores,Female,0,28,Yes,No,59,Two year,77.12,4503.24,Credit card,DSL,Yes,Yes,Yes,No,No,Yes,No,Yes,No
CUST-02432,Daniel Hernandez,Female,0,32,Yes,Yes,19,One year,104.37,1951.23,Mailed check,DSL,Yes,Yes,Yes,No,Yes,Yes,Yes,No,No
CUST-02433,Richard Thomas,Male,0,39,Yes,Yes,9,Month-to-month,23.92,209.88,Mailed check,No,No,No internet service,No internet service,No internet service,No internet service,No internet service,No internet service,No,Yes
CUST-02434,Michael King,Male,0,19,Yes,Yes,2,Month-to-month,94.94,231.51,Credit card,DSL,Yes,No,Yes,Yes,Yes,Yes,No,No,No
CUST-02435,Karen Robinson,Female,1,69,Yes,No,63,Two year,72.61,4555.48,Electronic check,DSL,No,No,Yes,No,Yes,Yes,No,Yes,No
CUST-02436,Robert Brown,Female,0,55,Yes,Yes,50,Two year,90.94,4506.53,Credit card,Fiber optic,Yes,No,No,No,Yes,No,No,Yes,No
CUST-02437,Susan Hill,Female,0,52,Yes,No,7,Month-to-month,95.66,716.55,Credit card,Fiber optic,Yes,Yes,Yes,No,No,Yes,No,Yes,No
CUST-02438,Charles Harris,Female,0,63,No,No,9,Month-to-month,67.69,614.81,Bank transfer,Fiber optic,No,Yes,No,No,No,No,No,No,Yes
CUST-02439,Michael Clark,Male,0,57,No,Yes,31,Two year,30.07,918.49,Credit card,No,Yes,No internet service,No internet service,No internet service,No internet service,No internet service,No internet service,No,No
CUST-02440,Emily Perez,Female,0,52,No,No,5,Month-to-month,37.89,217.19,Mailed check,No,Yes,No internet service,No internet service,No internet service,No internet service,No internet service,No internet service,Yes,Yes
CUST-02441,Richard Davis,Male,0,57,Yes,No,20,Two year,93.44,1900.01,Mailed check,Fiber optic,Yes,No,Yes,Yes,No,No,No,Yes,No
CUST-02442,Christopher Allen,Male,0,57,Yes,No,46,Two year,97.0,4448.46,Electronic check,Fiber optic,Yes,No,No,Yes,Yes,Yes,No,Yes,No
CUST-02443,Christopher Garcia,Male,0,36,Yes,No,4,Month-to-month,77.76,308.89,Bank transfer,DSL,Yes,Yes,No,Yes,No,Yes,No,Yes,No
CUST-02444,Patricia Smith,Male,0,40,No,Yes,70,Two year,83.29,5850.84,Bank transfer,DSL,Yes,Yes,Yes,No,Yes,No,No,No,Yes
CUST-02445,Michelle King,Male,1,77,No,No,15,Two year,100.38,1526.24,Bank transfer,Fiber optic,Yes,No,Yes,No,No,Yes,No,Yes,No
CUST-02446,Steven Davis,Male,0,56,Yes,Yes,25,Two year,85.75,2157.25,Credit card,Fiber optic,Yes,No,No,No,No,Yes,No,Yes,Yes
CUST-02447,Kimberly Walker,Male,0,18,No,No,10,Month-to-month,27.74,272.11,Credit card,No,Yes,No internet service,No internet service,No internet service,No internet service,No internet service,No internet service,Yes,No
CUST-02448,Steven King,Male,0,46,No,No,10,Month-to-month,35.46,357.79,Mailed check,No,Yes,No internet service,No internet service,No internet service,No internet service,No internet service,No internet service,Yes,No
CUST-02449,Anthony Williams,Female,0,33,No,Yes,31,One year,33.74,1020.03,Mailed check,No,Yes,No internet service,No internet service,No internet service,No internet service,No internet service,No internet service,Yes,No
CUST-02450,Jennifer King,Male,0,31,Yes,No,11,Month-to-month,36.05,388.47,Electronic check,No,Yes,No internet service,No internet service,No internet service,No internet service,No internet service,No internet service,Yes,Yes
CUST-02451,Margaret Torres,Female,0,48,Yes,No,38,One year,96.9,3681.25,Mailed check,Fiber optic,Yes,Yes,No,No,No,Yes,Yes,Yes,No
CUST-02452,Betty Jackson,Male,0,60,Yes,No,9,Month-to-month,112.15,981.39,Credit card,Fiber optic,Yes,No,Yes,Yes,No,No,Yes,No,No
CUST-02453,Emily Taylor,Female,0,43,No,No,20,One year,99.22,2002.04,Mailed check,Fiber optic,Yes,No,Yes,No,Yes,No,Yes,No,No
CUST-02454,Lisa Robinson,Female,0,53,No,Yes,3,Month-to-month,86.26,254.46,Bank transfer,Fiber optic,Yes,No,No,No,Yes,No,No,Yes,No
CUST-02455,Kimberly Miller,Male,0,37,No,No,8,One year,80.47,606.98,Bank transfer,DSL,Yes,No,Yes,Yes,Yes,No,No,No,No
CUST-02456,Elizabeth Walker,Male,0,38,No,No,11,Month-to-month,90.65,1028.94,Electronic check,Fiber optic,Yes,No,No,Yes,No,Yes,No,No,Yes
CUST-02457,Michael White,Female,0,57,Yes,No,15,Two year,39.42,551.95,Credit card,No,Yes,No internet service,No internet service,No internet service,No internet service,No internet service,No internet service,Yes,No
CUST-02458,Thomas Lopez,Male,0,26,Yes,Yes,5,Month-to-month,100.6,526.66,Credit card,DSL,Yes,No,Yes,Yes,No,Yes,Yes,Yes,No
CUST-02459,Andrew Thomas,Male,0,23,Yes,No,11,One year,91.87,1025.66,Bank transfer,DSL,Yes,Yes,Yes,No,Yes,Yes,Yes,Yes,No
CUST-02460,Sarah Lewis,Female,0,43,Yes,No,31,Two year,91.31,2849.43,Bank transfer,Fiber optic,Yes,No,No,Yes,No,No,Yes,Yes,No
CUST-02461,Betty Davis,Female,0,30,Yes,No,6,Month-to-month,30.78,179.01,Electronic check,No,Yes,No internet service,No internet service,No internet service,No internet service,No internet service,No internet service,No,No
CUST-02462,David Anderson,Male,0,25,No,No,2,Month-to-month,79.81,190.48,Electronic check,DSL,Yes,Yes,Yes,Yes,No,No,No,No,Yes
CUST-02463,Donald Harris,Female,0,64,Yes,No,10,Month-to-month,107.11,1048.71,Electronic check,Fiber optic,Yes,Yes,Yes,No,Yes,No,No,Yes,No
CUST-02464,Anthony Rodriguez,Female,1,84,Yes,Yes,9,Month-to-month,36.14,346.49,Electronic check,No,Yes,No internet service,No internet service,No internet service,No internet service,No internet service,No internet service,Yes,Yes
CUST-02465,Mary Young,Male,0,48,No,No,1,Month-to-month,87.08,128.59,Credit card,Fiber optic,Yes,No,No,No,No,Yes,No,Yes,No
CUST-02466,Michelle Taylor,Male,0,61,No,Yes,5,Month-to-month,82.47,397.43,Electronic check,DSL,Yes,Yes,No,No,Yes,No,Yes,No,Yes
CUST-02467,Michael White,Female,1,83,No,No,6,Month-to-month,87.65,511.65,Credit card,DSL,Yes,Yes,No,Yes,No,No,Yes,Yes,No
CUST-02468,Charles Thomas,Male,0,32,No,No,5,Month-to-month,108.24,554.06,Credit card,Fiber optic,Yes,Yes,No,No,Yes,Yes,Yes,Yes,Yes
CUST-02469,Kimberly Martinez,Male,0,18,Yes,No,26,Two year,88.25,2314.78,Mailed check,DSL,Yes,Yes,Yes,No,Yes,No,Yes,Yes,No
CUST-02470,Daniel Rodriguez,Female,0,43,Yes,No,10,Month-to-month,112.37,1131.0,Mailed check,Fiber optic,Yes,Yes,No,Yes,Yes,No,No,Yes,Yes
CUST-02471,Andrew Torres,Male,0,38,No,No,10,Month-to-month,62.53,603.12,Bank transfer,DSL,No,Yes,No,No,Yes,No,No,Yes,No
CUST-02472,William Perez,Female,0,61,No,No,19,Two year,83.82,1575.66,Bank transfer,Fiber optic,Yes,No,No,No,Yes,No,No,No,No
CUST-02473,Paul Johnson,Male,0,62,No,Yes,17,One year,80.01,1345.89,Electronic check,DSL,Yes,Yes,No,No,Yes,Yes,Yes,Yes,Yes
CUST-02474,Donald Martin,Female,0,34,Yes,No,6,Month-to-month,85.84,562.66,Electronic check,DSL,Yes,No,Yes,No,Yes,Yes,No,Yes,No
CUST-02475,Jessica White,Male,0,51,Yes,No,23,One year,92.89,2175.97,Bank transfer,Fiber optic,Yes,Yes,Yes,No,No,No,No,Yes,Yes
CUST-02476,Matthew Young,Female,0,40,Yes,No,1,Month-to-month,83.93,95.94,Mailed check,DSL,Yes,Yes,Yes,No,Yes,Yes,No,Yes,No
CUST-02477,Michelle Davis,Female,0,33,Yes,No,23,One year,85.7,1987.0,Electronic check,Fiber optic,Yes,No,No,No,Yes,No,Yes,Yes,No
CUST-02478,Jessica Young,Female,0,60,Yes,No,31,One year,33.55,1059.12,Electronic check,No,Yes,No internet service,No internet service,No internet service,No internet service,No internet service,No internet service,No,No
CUST-02479,Linda Young,Male,0,25,Yes,No,3,Month-to-month,110.9,348.57,Electronic check,Fiber optic,Yes,Yes,Yes,No,No,Yes,No,No,Yes
CUST-02480,Mark Lewis,Male,0,61,Yes,No,68,Two year,73.01,4962.71,Electronic check,DSL,Yes,Yes,Yes,No,No,Yes,No,No,Yes
CUST-02481,Sarah Clark,Male,0,43,Yes,No,9,Month-to-month,108.49,935.35,Credit card,Fiber optic,Yes,No,Yes,Yes,No,Yes,No,Yes,Yes
CUST-02482,David King,Female,0,55,No,No,9,Month-to-month,82.86,714.73,Credit card,DSL,Yes,Yes,No,Yes,Yes,No,No,Yes,No
CUST-02483,Barbara Brown,Male,0,54,No,No,66,Two year,36.33,2411.05,Credit card,No,Yes,No internet service,No internet service,No internet service,No internet service,No internet service,No internet service,No,No
CUST-02484,Linda Wilson,Female,0,21,Yes,Yes,10,Month-to-month,108.44,1102.3,Mailed check,Fiber optic,Yes,No,Yes,No,Yes,Yes,No,Yes,Yes
CUST-02485,John Martinez,Male,0,28,No,No,4,Month-to-month,37.09,194.12,Bank transfer,No,Yes,No internet service,No internet service,No internet service,No internet service,No internet service,No internet service,Yes,Yes
CUST-02486,Anthony Anderson,Male,0,21,Yes,Yes,29,One year,31.38,927.86,Electronic check,No,Yes,No internet service,No internet service,No internet service,No internet service,No internet service,No internet service,Yes,Yes
CUST-02487,Andrew Thomas,Female,0,26,Yes,Yes,7,Month-to-month,87.79,648.3,Mailed check,DSL,Yes,No,Yes,Yes,Yes,No,No,No,No
CUST-02488,Patricia Lewis,Male,0,40,No,Yes,9,Month-to-month,76.91,672.59,Electronic check,DSL,Yes,Yes,No,No,No,No,Yes,Yes,No
CUST-02489,Joshua Thomas,Female,0,61,No,Yes,7,Month-to-month,26.32,212.57,Bank transfer,No,Yes,No internet service,No internet service,No internet service,No internet service,No internet service,No internet service,Yes,Yes
CUST-02490,Christopher Gonzalez,Male,0,62,No,No,44,Two year,39.72,1705.8,Credit card,No,Yes,No internet service,No internet service,No internet service,No internet service,No internet service,No internet service,Yes,No
CUST-02491,David Brown,Female,0,55,No,No,8,Month-to-month,90.86,750.43,Electronic check,Fiber optic,Yes,No,No,No,Yes,Yes,No,No,No
CUST-02492,Donna Lopez,Male,0,32,Yes,No,8,Month-to-month,102.26,847.06,Bank transfer,Fiber optic,Yes,Yes,No,No,No,Yes,No,No,Yes
CUST-02493,Jennifer Davis,Male,0,31,No,Yes,8,Month-to-month,114.77,894.43,Bank transfer,Fiber optic,Yes,Yes,Yes,Yes,No,Yes,No,Yes,No
CUST-02494,Nancy King,Male,0,63,No,Yes,33,One year,91.71,2986.88,Credit card,DSL,Yes,Yes,Yes,No,No,Yes,No,No,No
CUST-02495,John Wilson,Male,1,84,No,No,56,Two year,32.9,1857.73,Bank transfer,No,Yes,No internet service,No internet service,No internet service,No internet service,No internet service,No internet service,Yes,No
CUST-02496,Kimberly Lee,Female,0,42,No,No,31,One year,91.73,2858.45,Bank transfer,Fiber optic,No,Yes,Yes,Yes,No,No,No,Yes,No
CUST-02497,Jessica Miller,Male,0,63,Yes,No,10,Month-to-month,100.35,1029.18,Mailed check,DSL,Yes,Yes,Yes,Yes,Yes,Yes,Yes,No,No
CUST-02498,Donna Hill,Male,0,63,No,Yes,12,One year,36.14,451.67,Mailed check,No,Yes,No internet service,No internet service,No internet service,No internet service,No internet service,No internet service,No,No
CUST-02499,John Brown,Female,0,58,No,No,46,One year,29.43,1356.29,Mailed check,No,Yes,No internet service,No internet service,No internet service,No internet service,No internet service,No internet service,Yes,No
CUST-02500,Kimberly Scott,Female,0,56,No,No,45,One year,98.48,4439.77,Electronic check,Fiber optic,Yes,Yes,No,Yes,No,No,No,No,No
CUST-02501,Michelle Williams,Female,0,36,No,Yes,6,Month-to-month,28.8,202.45,Bank transfer,No,Yes,No internet service,No internet service,No internet service,No internet service,No internet service,No internet service,Yes,Yes
CUST-02502,Joshua Lewis,Male,0,63,No,No,11,Month-to-month,32.64,325.78,Credit card,No,Yes,No internet service,No internet service,No internet service,No internet service,No internet service,No internet service,Yes,No
CUST-02503,Emily Lewis,Male,0,57,No,No,59,Two year,69.69,4138.82,Bank transfer,DSL,Yes,No,No,Yes,No,No,Yes,Yes,No
CUST-02504,James Anderson,Male,1,71,Yes,No,35,Two year,87.41,3101.69,Credit card,Fiber optic,Yes,No,No,No,No,Yes,Yes,Yes,No
CUST-02505,Margaret Hill,Female,0,58,Yes,No,8,Month-to-month,107.32,809.56,Mailed check,Fiber optic,Yes,Yes,Yes,No,Yes,No,No,No,No
CUST-02506,Elizabeth Johnson,Female,1,72,No,Yes,13,Two year,93.02,1203.16,Bank transfer,Fiber optic,No,No,Yes,Yes,No,Yes,No,Yes,No
CUST-02507,Kimberly Miller,Female,1,80,No,No,62,Two year,92.0,5724.28,Mailed check,Fiber optic,Yes,Yes,No,No,Yes,No,No,No,No
CUST-02508,Sarah Lopez,Female,0,63,Yes,No,5,Month-to-month,33.81,144.51,Electronic check,No,Yes,No internet service,No internet service,No internet service,No internet service,No internet service,No internet service,Yes,No
CUST-02509,Sarah Allen,Female,0,59,No,No,43,One year,26.06,1120.75,Credit card,No,Yes,No internet service,No internet service,No internet service,No internet service,No internet service,No internet service,No,No
CUST-02510,Paul Clark,Female,0,44,No,Yes,7,Month-to-month,67.06,493.51,Mailed check,DSL,No,Yes,Yes,No,No,No,Yes,Yes,Yes
CUST-02511,Paul Sanchez,Male,1,75,No,Yes,3,Month-to-month,83.07,280.29,Mailed check,DSL,Yes,No,Yes,Yes,Yes,No,No,No,No
CUST-02512,Matthew Rodriguez,Female,0,44,No,No,9,Month-to-month,81.15,771.55,Mailed check,DSL,Yes,Yes,Yes,No,No,No,Yes,Yes,Yes
CUST-02513,David Gonzalez,Male,0,20,No,No,8,Month-to-month,32.63,228.06,Credit card,No,Yes,No internet service,No internet service,No internet service,No internet service,No internet service,No internet service,Yes,Yes
CUST-02514,Donna White,Female,0,42,Yes,No,7,Month-to-month,32.86,265.12,Electronic check,No,Yes,No internet service,No internet service,No internet service,No internet service,No internet service,No internet service,Yes,No
CUST-02515,Charles Clark,Male,0,56,Yes,No,46,One year,39.68,1817.41,Electronic check,No,Yes,No internet service,No internet service,No internet service,No internet service,No internet service,No internet service,Yes,No
CUST-02516,Paul Miller,Female,0,35,Yes,Yes,4,Month-to-month,107.0,474.29,Electronic check,Fiber optic,Yes,Yes,No,Yes,No,Yes,No,Yes,Yes
CUST-02517,Paul Lewis,Male,0,20,Yes,No,17,One year,73.61,1274.06,Mailed check,DSL,Yes,Yes,Yes,No,No,No,No,Yes,No
CUST-02518,Betty Torres,Male,0,23,Yes,No,6,Month-to-month,71.19,457.23,Mailed check,DSL,Yes,No,Yes,No,No,Yes,No,No,No
CUST-02519,Susan Harris,Female,0,47,No,No,26,One year,31.24,828.15,Electronic check,No,Yes,No internet service,No internet service,No internet service,No internet service,No internet service,No internet service,Yes,No
CUST-02520,Jennifer Martinez,Male,0,42,No,No,22,One year,72.71,1597.23,Mailed check,DSL,Yes,Yes,No,No,No,No,Yes,Yes,No
CUST-02521,William Robinson,Female,0,32,No,No,17,One year,97.34,1625.57,Mailed check,Fiber optic,Yes,No,Yes,Yes,No,No,No,Yes,Yes
CUST-02522,Matthew Perez,Male,0,63,No,No,10,Month-to-month,27.65,239.06,Mailed check,No,Yes,No internet service,No internet service,No internet service,No internet service,No internet service,No internet service,Yes,No
CUST-02523,Jennifer Martin,Female,0,21,Yes,Yes,11,Month-to-month,36.56,388.94,Bank transfer,No,Yes,No internet service,No internet service,No internet service,No internet service,No internet service,No internet service,Yes,No
CUST-02524,Sarah Flores,Female,0,44,Yes,Yes,44,One year,113.52,4999.2,Credit card,DSL,Yes,Yes,Yes,Yes,Yes,Yes,Yes,Yes,No
CUST-02525,David Sanchez,Female,0,64,Yes,No,8,Month-to-month,108.93,826.99,Mailed check,Fiber optic,Yes,Yes,Yes,No,Yes,No,Yes,Yes,Yes
CUST-02526,Lisa Anderson,Male,0,23,Yes,Yes,1,Month-to-month,34.88,82.08,Mailed check,No,Yes,No internet service,No internet service,No internet service,No internet service,No internet service,No internet service,No,Yes
CUST-02527,John Perez,Male,0,52,Yes,No,24,Two year,95.86,2340.33,Mailed check,DSL,Yes,No,Yes,Yes,No,No,Yes,No,No
CUST-02528,Sarah Walker,Male,0,61,No,No,14,Two year,80.16,1151.71,Credit card,Fiber optic,Yes,No,No,No,No,No,Yes,Yes,Yes
CUST-02529,Nancy Martin,Female,0,58,No,Yes,3,Month-to-month,72.45,207.57,Mailed check,DSL,Yes,Yes,No,Yes,No,No,No,Yes,No
CUST-02530,Thomas Hernandez,Male,0,18,Yes,Yes,17,One year,74.84,1248.41,Mailed check,Fiber optic,No,Yes,No,No,No,Yes,No,Yes,No
CUST-02531,Christopher Hernandez,Female,0,43,Yes,Yes,38,One year,92.03,3522.92,Credit card,DSL,Yes,No,Yes,Yes,Yes,Yes,No,No,No
CUST-02532,Jessica Lopez,Male,0,32,No,Yes,39,One year,64.14,2536.1,Bank transfer,DSL,Yes,No,No,No,No,Yes,No,Yes,No
CUST-02533,John Young,Female,0,56,No,No,54,Two year,27.21,1431.74,Bank transfer,No,Yes,No internet service,No internet service,No internet service,No internet service,No internet service,No internet service,Yes,No
CUST-02534,Ashley Taylor,Female,0,59,Yes,No,10,Month-to-month,89.54,936.84,Mailed check,Fiber optic,Yes,Yes,No,Yes,No,Yes,No,Yes,No
CUST-02535,Christopher Torres,Female,1,78,Yes,No,11,Month-to-month,60.05,666.17,Bank transfer,DSL,Yes,No,No,No,No,No,No,Yes,Yes
CUST-02536,Susan Williams,Female,0,46,Yes,No,13,Two year,37.72,530.94,Electronic check,No,Yes,No internet service,No internet service,No internet service,No internet service,No internet service,No internet service,Yes,No
CUST-02537,Mary Allen,Female,0,59,Yes,No,5,Month-to-month,67.48,342.26,Bank transfer,DSL,Yes,No,No,No,Yes,Yes,No,No,Yes
CUST-02538,Karen Davis,Male,0,25,No,Yes,6,Month-to-month,39.59,196.34,Bank transfer,No,Yes,No internet service,No internet service,No internet service,No internet service,No internet service,No internet service,No,Yes
CUST-02539,Sandra Robinson,Male,0,19,Yes,No,41,One year,63.49,2602.41,Bank transfer,DSL,Yes,Yes,No,No,No,No,No,No,Yes
CUST-02540,Charles Rodriguez,Male,1,83,Yes,No,11,One year,61.91,655.72,Credit card,DSL,Yes,No,No,No,No,No,Yes,Yes,No
CUST-02541,Mark Taylor,Male,0,60,No,No,14,Two year,84.52,1172.34,Bank transfer,DSL,Yes,No,Yes,No,No,Yes,Yes,No,No
CUST-02542,Matthew Anderson,Male,0,27,Yes,Yes,3,Month-to-month,84.54,206.67,Electronic check,Fiber optic,No,Yes,No,Yes,No,No,No,No,No
CUST-02543,Paul Ramirez,Male,0,48,No,No,4,Month-to-month,120.49,459.12,Electronic check,Fiber optic,Yes,No,Yes,Yes,Yes,Yes,Yes,No,No
CUST-02544,Ashley Wilson,Male,0,23,No,No,66,Two year,37.41,2468.41,Bank transfer,No,Yes,No internet service,No internet service,No internet service,No internet service,No internet service,No internet service,No,No
CUST-02545,Emily Torres,Female,0,45,Yes,Yes,1,Month-to-month,117.27,166.36,Mailed check,Fiber optic,Yes,No,Yes,Yes,Yes,Yes,No,Yes,No
CUST-02546,Donna Smith,Female,0,32,No,No,11,Month-to-month,21.62,268.25,Bank transfer,No,No,No internet service,No internet service,No internet service,No internet service,No internet service,No internet service,No,No
CUST-02547,Jessica Ramirez,Female,0,38,No,No,5,Month-to-month,98.04,441.96,Credit card,DSL,Yes,No,No,Yes,Yes,Yes,Yes,No,No
CUST-02548,Donald Jackson,Male,0,29,No,No,15,Two year,82.2,1272.07,Credit card,DSL,Yes,Yes,Yes,No,Yes,Yes,No,Yes,No
CUST-02549,Linda Jackson,Male,1,74,Yes,No,3,Month-to-month,77.6,275.22,Credit card,Fiber optic,Yes,No,No,No,No,No,No,Yes,No
CUST-02550,Barbara Anderson,Female,0,32,Yes,No,33,Two year,65.34,2128.2,Mailed check,DSL,Yes,Yes,No,No,No,No,Yes,No,No
CUST-02551,Karen Wilson,Male,0,20,No,No,52,Two year,78.72,4136.21,Credit card,DSL,Yes,No,No,No,No,Yes,Yes,No,No
CUST-02552,Elizabeth Jones,Male,0,27,Yes,Yes,32,Two year,99.6,3169.14,Credit card,Fiber optic,Yes,No,Yes,No,Yes,Yes,No,Yes,No
CUST-02553,Patricia Martin,Female,1,73,Yes,No,67,Two year,38.29,2570.0,Bank transfer,No,Yes,No internet service,No internet service,No internet service,No internet service,No internet service,No internet service,Yes,No
CUST-02554,Linda Young,Male,1,66,No,No,6,Month-to-month,36.22,254.27,Mailed check,No,Yes,No internet service,No internet service,No internet service,No internet service,No internet service,No internet service,Yes,No
CUST-02555,Elizabeth Miller,Female,1,72,Yes,No,14,Two year,69.65,964.48,Bank transfer,DSL,Yes,Yes,No,No,No,No,Yes,No,No
CUST-02556,Michelle Ramirez,Male,0,27,Yes,Yes,38,One year,99.33,3764.55,Electronic check,Fiber optic,Yes,No,No,Yes,No,Yes,No,Yes,Yes
CUST-02557,Anthony Brown,Male,0,43,Yes,No,42,Two year,105.29,4426.46,Bank transfer,Fiber optic,Yes,Yes,Yes,No,No,Yes,Yes,No,No
CUST-02558,Anthony Scott,Male,0,27,Yes,No,20,Two year,27.16,505.13,Bank transfer,No,Yes,No internet service,No internet service,No internet service,No internet service,No internet service,No internet service,No,No
CUST-02559,Charles Williams,Female,0,32,Yes,No,1,Month-to-month,90.4,90.4,Bank transfer,Fiber optic,Yes,No,No,No,No,Yes,No,Yes,Yes
CUST-02560,Karen Thomas,Female,0,61,Yes,Yes,5,Month-to-month,85.43,392.72,Credit card,DSL,Yes,Yes,No,No,Yes,Yes,No,No,Yes
CUST-02561,Charles Perez,Female,0,28,Yes,No,12,Two year,87.82,1044.36,Bank transfer,DSL,Yes,Yes,Yes,Yes,No,Yes,No,No,No
CUST-02562,Linda Ramirez,Female,0,64,No,Yes,14,One year,100.35,1357.46,Bank transfer,Fiber optic,Yes,No,Yes,Yes,No,Yes,No,Yes,No
CUST-02563,Mark Scott,Female,0,36,Yes,No,5,Month-to-month,78.01,413.79,Electronic check,DSL,Yes,Yes,Yes,No,No,No,Yes,No,No
CUST-02564,Patricia Robinson,Female,0,47,No,No,3,Month-to-month,27.24,126.52,Credit card,No,Yes,No internet service,No internet service,No internet service,No internet service,No internet service,No internet service,Yes,No
CUST-02565,Matthew Jackson,Male,0,63,Yes,No,5,Month-to-month,110.04,509.01,Electronic check,Fiber optic,Yes,Yes,Yes,No,Yes,Yes,Yes,Yes,No
CUST-02566,Margaret Thompson,Female,0,24,No,No,10,Month-to-month,86.92,876.83,Mailed check,Fiber optic,Yes,No,No,No,No,No,Yes,Yes,No
CUST-02567,Betty Torres,Male,0,47,No,No,62,Two year,90.93,5662.64,Mailed check,Fiber optic,Yes,No,Yes,No,No,Yes,No,Yes,No
CUST-02568,Steven Hernandez,Female,0,45,Yes,Yes,11,Month-to-month,58.11,631.16,Mailed check,DSL,Yes,Yes,No,No,No,No,No,Yes,No
CUST-02569,Michelle Nguyen,Female,0,30,Yes,No,13,Two year,107.85,1406.65,Credit card,Fiber optic,Yes,Yes,Yes,No,Yes,Yes,No,Yes,No
CUST-02570,Robert Wilson,Male,0,60,No,No,37,One year,66.56,2460.46,Bank transfer,DSL,Yes,No,No,No,No,Yes,No,Yes,Yes
CUST-02571,Michael Wright,Female,0,62,Yes,No,3,Month-to-month,39.85,127.17,Credit card,No,Yes,No internet service,No internet service,No internet service,No internet service,No internet service,No internet service,Yes,No
CUST-02572,Mary Miller,Male,0,30,Yes,No,10,Month-to-month,81.34,811.99,Credit card,DSL,Yes,Yes,No,No,No,No,Yes,Yes,Yes
CUST-02573,Sarah Wilson,Female,0,41,No,No,54,Two year,102.04,5479.82,Electronic check,Fiber optic,Yes,Yes,No,No,Yes,No,Yes,Yes,No
CUST-02574,Paul Thomas,Male,0,35,Yes,Yes,38,One year,75.75,2915.13,Credit card,DSL,Yes,No,Yes,No,Yes,No,No,Yes,No
CUST-02575,Joseph Scott,Female,0,26,No,No,22,One year,89.4,1944.72,Bank transfer,Fiber optic,Yes,No,No,No,Yes,No,Yes,Yes,No
CUST-02576,Nancy Lopez,Female,0,42,Yes,Yes,1,Month-to-month,30.66,41.42,Bank transfer,No,Yes,No internet service,No internet service,No internet service,No internet service,No internet service,No internet service,Yes,No
CUST-02577,Anthony Wilson,Female,0,19,Yes,No,6,Month-to-month,27.24,195.72,Credit card,No,Yes,No internet service,No internet service,No internet service,No internet service,No internet service,No internet service,Yes,Yes
CUST-02578,John Miller,Male,0,39,No,No,3,Month-to-month,121.1,354.18,Credit card,Fiber optic,Yes,Yes,Yes,No,No,Yes,Yes,Yes,Yes
CUST-02579,Elizabeth King,Female,0,45,No,No,4,Month-to-month,103.64,420.76,Electronic check,Fiber optic,Yes,Yes,Yes,No,No,Yes,No,Yes,Yes
CUST-02580,Sandra Lee,Female,0,56,Yes,No,36,One year,32.41,1183.73,Bank transfer,No,Yes,No internet service,No internet service,No internet service,No internet service,No internet service,No internet service,Yes,No
CUST-02581,Betty Lopez,Male,0,64,No,Yes,5,Month-to-month,104.13,554.07,Electronic check,Fiber optic,Yes,No,Yes,Yes,No,Yes,No,Yes,No
CUST-02582,Linda Hill,Male,0,62,Yes,Yes,3,Month-to-month,25.22,84.26,Electronic check,No,Yes,No internet service,No internet service,No internet service,No internet service,No internet service,No internet service,Yes,Yes
CUST-02583,Mary Allen,Male,0,63,Yes,No,2,Month-to-month,122.26,229.96,Bank transfer,Fiber optic,Yes,Yes,Yes,Yes,No,Yes,Yes,Yes,Yes
CUST-02584,Mary Taylor,Female,0,25,No,No,1,Month-to-month,89.5,89.5,Mailed check,Fiber optic,Yes,No,No,No,Yes,No,Yes,No,Yes
CUST-02585,Patricia Perez,Male,0,31,Yes,No,2,Month-to-month,96.5,221.44,Mailed check,Fiber optic,Yes,No,No,Yes,Yes,No,No,Yes,Yes
CUST-02586,Margaret Wilson,Female,0,29,No,No,3,Month-to-month,79.81,260.2,Bank transfer,DSL,Yes,Yes,Yes,No,No,No,Yes,Yes,Yes
CUST-02587,Mark Young,Female,1,66,Yes,Yes,32,Two year,96.81,3083.07,Electronic check,DSL,Yes,Yes,Yes,No,Yes,No,No,Yes,No
CUST-02588,Steven Davis,Female,0,47,Yes,No,3,Month-to-month,34.09,54.52,Mailed check,No,Yes,No internet service,No internet service,No internet service,No internet service,No internet service,No internet service,No,Yes
CUST-02589,Robert Miller,Male,0,60,Yes,No,46,Two year,86.69,3995.74,Mailed check,Fiber optic,Yes,Yes,No,No,No,No,No,No,No
CUST-02590,Donna Martinez,Male,0,39,Yes,No,43,One year,74.15,3192.56,Electronic check,DSL,Yes,Yes,Yes,No,Yes,No,No,Yes,No
CUST-02591,Elizabeth Walker,Female,0,48,No,No,6,Month-to-month,83.95,508.55,Electronic check,Fiber optic,Yes,No,Yes,No,No,No,No,Yes,Yes
CUST-02592,Nancy Nguyen,Male,1,74,Yes,Yes,51,Two year,114.24,5846.69,Credit card,Fiber optic,Yes,Yes,Yes,Yes,No,Yes,Yes,No,No
CUST-02593,Christopher Ramirez,Female,0,23,No,No,11,Month-to-month,92.32,1043.06,Credit card,Fiber optic,Yes,No,No,No,Yes,No,Yes,No,Yes
CUST-02594,Robert Jackson,Male,0,38,No,No,2,Month-to-month,85.8,126.52,Electronic check,Fiber optic,Yes,No,No,Yes,No,No,No,Yes,No
CUST-02595,Kimberly Ramirez,Female,1,76,Yes,No,12,Two year,81.84,1006.5,Credit card,DSL,Yes,Yes,No,Yes,Yes,No,No,No,No
CUST-02596,Michael Taylor,Female,0,58,Yes,No,18,One year,36.73,670.76,Mailed check,No,Yes,No internet service,No internet service,No internet service,No internet service,No internet service,No internet service,No,No
CUST-02597,Betty Thompson,Female,0,22,No,No,17,One year,87.8,1489.81,Bank transfer,Fiber optic,Yes,No,No,Yes,Yes,No,No,Yes,No
CUST-02598,Barbara Harris,Male,1,80,No,Yes,10,Month-to-month,18.89,222.38,Credit card,No,No,No internet service,No internet service,No internet service,No internet service,No internet service,No internet service,Yes,No
CUST-02599,Patricia Flores,Female,0,43,No,Yes,7,One year,26.89,234.2,Credit card,No,Yes,No internet service,No internet service,No internet service,No internet service,No internet service,No internet service,Yes,No
CUST-02600,Jessica Thompson,Male,0,30,No,No,9,Month-to-month,74.58,634.87,Electronic check,DSL,Yes,No,Yes,No,No,No,Yes,Yes,Yes
CUST-02601,Emily Nguyen,Male,0,21,Yes,Yes,5,Month-to-month,27.81,178.02,Electronic check,No,Yes,No internet service,No internet service,No internet service,No internet service,No internet service,No internet service,No,No
CUST-02602,Donna Thomas,Female,0,57,No,No,8,Month-to-month,84.31,660.33,Electronic check,DSL,Yes,No,No,Yes,Yes,No,Yes,Yes,No
CUST-02603,Elizabeth Flores,Female,0,50,Yes,No,14,Two year,89.69,1240.31,Electronic check,DSL,Yes,Yes,Yes,No,Yes,No,Yes,Yes,No
CUST-02604,Jessica Young,Male,1,66,Yes,No,8,Month-to-month,112.9,873.69,Electronic check,Fiber optic,Yes,No,No,Yes,Yes,Yes,Yes,Yes,Yes
CUST-02605,William Taylor,Male,0,47,Yes,Yes,15,One year,99.94,1483.69,Bank transfer,Fiber optic,Yes,Yes,No,No,Yes,Yes,No,Yes,No
CUST-02606,Kimberly Martin,Male,0,61,No,Yes,1,Month-to-month,83.1,83.1,Mailed check,DSL,Yes,No,Yes,No,No,Yes,Yes,No,Yes
CUST-02607,Susan Lewis,Female,0,59,No,No,60,Two year,109.41,6569.36,Bank transfer,Fiber optic,Yes,No,Yes,No,Yes,No,Yes,Yes,No
CUST-02608,Lisa Hernandez,Female,0,24,No,Yes,27,Two year,85.57,2329.89,Electronic check,DSL,Yes,No,Yes,Yes,No,No,Yes,Yes,No
CUST-02609,Anthony Gonzalez,Female,0,43,Yes,No,10,One year,94.49,926.72,Mailed check,Fiber optic,Yes,Yes,Yes,Yes,No,No,No,Yes,Yes
CUST-02610,Barbara Thompson,Male,0,32,No,No,7,Month-to-month,83.08,532.35,Bank transfer,DSL,Yes,Yes,No,Yes,No,Yes,No,No,No
CUST-02611,Donald Allen,Male,0,31,Yes,No,13,Two year,39.63,484.4,Electronic check,No,Yes,No internet service,No internet service,No internet service,No internet service,No internet service,No internet service,Yes,Yes
CUST-02612,Sandra Robinson,Male,0,40,Yes,No,7,Month-to-month,90.12,650.14,Credit card,Fiber optic,Yes,No,Yes,No,Yes,No,No,Yes,No
CUST-02613,Steven White,Male,0,30,No,Yes,1,Month-to-month,100.38,100.38,Mailed check,Fiber optic,Yes,Yes,Yes,Yes,No,Yes,No,No,No
CUST-02614,Paul Walker,Female,0,44,Yes,No,20,One year,30.22,557.83,Bank transfer,No,Yes,No internet service,No internet service,No internet service,No internet service,No internet service,No internet service,Yes,No
CUST-02615,David Wright,Female,0,47,No,No,3,Month-to-month,111.26,350.88,Bank transfer,Fiber optic,Yes,No,Yes,Yes,Yes,Yes,No,No,No
CUST-02616,David Gonzalez,Female,0,57,No,No,3,Month-to-month,33.12,98.08,Credit card,No,Yes,No internet service,No internet service,No internet service,No internet service,No internet service,No internet service,No,No
CUST-02617,James Young,Male,0,63,Yes,No,4,Month-to-month,68.34,315.64,Mailed check,DSL,No,No,No,No,Yes,No,Yes,No,No
CUST-02618,William Williams,Female,1,84,Yes,No,2,Month-to-month,103.53,246.09,Credit card,Fiber optic,Yes,No,No,No,No,Yes,Yes,Yes,Yes
CUST-02619,Elizabeth Moore,Female,0,37,No,Yes,71,Two year,88.24,6236.22,Mailed check,Fiber optic,Yes,Yes,Yes,No,No,No,No,No,Yes
CUST-02620,Michael Moore,Female,0,58,Yes,No,8,Month-to-month,76.51,592.97,Mailed check,Fiber optic,Yes,No,No,No,No,No,Yes,Yes,Yes
CUST-02621,Matthew Young,Female,0,41,No,Yes,8,One year,106.75,822.6,Bank transfer,Fiber optic,Yes,Yes,Yes,No,No,Yes,No,No,Yes
CUST-02622,Linda Lopez,Female,0,35,Yes,Yes,9,Month-to-month,62.24,580.91,Bank transfer,DSL,Yes,No,No,No,No,Yes,No,Yes,No
CUST-02623,Thomas Davis,Female,0,41,No,Yes,5,Month-to-month,36.35,189.56,Credit card,No,Yes,No internet service,No internet service,No internet service,No internet service,No internet service,No internet service,Yes,No
CUST-02624,Barbara Hill,Female,0,22,No,No,9,One year,62.68,585.19,Bank transfer,DSL,Yes,No,No,No,No,No,No,Yes,No
CUST-02625,William Harris,Female,1,79,No,No,31,One year,96.25,3000.78,Mailed check,Fiber optic,Yes,No,No,No,Yes,No,Yes,Yes,No
CUST-02626,Susan Perez,Male,0,20,No,No,2,Month-to-month,105.99,186.77,Bank transfer,Fiber optic,Yes,Yes,Yes,Yes,No,No,No,No,Yes
CUST-02627,Joseph Martin,Male,0,32,Yes,No,24,One year,94.9,2320.26,Credit card,Fiber optic,Yes,Yes,No,Yes,No,Yes,No,Yes,No
CUST-02628,Michelle Ramirez,Female,0,46,Yes,No,16,Two year,73.04,1189.18,Electronic check,DSL,Yes,No,No,No,Yes,No,No,No,No
CUST-02629,Andrew Johnson,Female,0,63,Yes,No,9,Month-to-month,73.73,675.72,Credit card,DSL,No,Yes,Yes,No,Yes,No,No,Yes,No
CUST-02630,Margaret Wilson,Female,0,56,No,No,42,Two year,99.46,4139.28,Bank transfer,Fiber optic,Yes,No,Yes,No,Yes,Yes,No,Yes,No
CUST-02631,William Flores,Male,0,44,No,No,6,Month-to-month,80.54,479.42,Bank transfer,Fiber optic,Yes,No,Yes,No,No,No,No,Yes,Yes
CUST-02632,Andrew Rodriguez,Female,0,25,No,No,2,Month-to-month,33.56,63.76,Electronic check,No,Yes,No internet service,No internet service,No internet service,No internet service,No internet service,No internet service,Yes,No
CUST-02633,David Nguyen,Male,0,46,Yes,No,14,One year,82.15,1175.63,Bank transfer,DSL,Yes,No,No,No,No,Yes,Yes,Yes,No
CUST-02634,Jessica Brown,Female,0,32,No,Yes,70,Two year,31.54,2245.81,Bank transfer,No,Yes,No internet service,No internet service,No internet service,No internet service,No internet service,No internet service,Yes,No
CUST-02635,Joshua Taylor,Male,1,68,No,No,4,Month-to-month,90.66,313.31,Credit card,Fiber optic,Yes,No,No,Yes,No,Yes,No,No,Yes
CUST-02636,Barbara Thomas,Male,0,52,Yes,No,8,Month-to-month,81.0,645.39,Credit card,DSL,Yes,Yes,Yes,No,No,No,Yes,No,Yes
CUST-02637,Ashley Anderson,Male,0,41,No,No,46,One year,63.85,2907.41,Mailed check,DSL,Yes,Yes,No,No,No,No,No,No,No
CUST-02638,Michael Smith,Female,0,52,No,No,8,Month-to-month,34.32,230.29,Electronic check,No,Yes,No internet service,No internet service,No internet service,No internet service,No internet service,No internet service,Yes,No
CUST-02639,Charles Scott,Female,0,52,No,Yes,2,Month-to-month,96.91,236.1,Mailed check,Fiber optic,Yes,Yes,No,No,No,Yes,No,No,No
CUST-02640,Patricia Wilson,Female,0,21,No,No,20,One year,88.84,1770.01,Electronic check,Fiber optic,No,No,No,Yes,Yes,No,No,No,No
CUST-02641,Daniel Wright,Female,0,27,No,No,20,Two year,100.44,1989.62,Bank transfer,Fiber optic,Yes,Yes,No,No,No,Yes,Yes,Yes,No
CUST-02642,Christopher Nguyen,Female,0,56,Yes,Yes,63,Two year,79.34,5000.06,Bank transfer,Fiber optic,Yes,Yes,No,No,No,No,No,No,No
CUST-02643,Donald Martinez,Male,0,30,No,No,10,Month-to-month,83.49,839.14,Bank transfer,Fiber optic,Yes,No,No,No,No,No,No,Yes,No
CUST-02644,John Young,Female,0,60,Yes,No,36,One year,97.85,3473.29,Credit card,Fiber optic,Yes,No,Yes,No,No,Yes,Yes,Yes,No
CUST-02645,Betty Robinson,Male,0,35,Yes,No,40,One year,82.18,3297.7,Electronic check,DSL,Yes,Yes,Yes,Yes,No,No,No,No,No
CUST-02646,Lisa White,Male,0,63,No,No,5,Month-to-month,81.08,378.65,Mailed check,DSL,Yes,Yes,No,No,No,No,Yes,Yes,No
CUST-02647,Charles Taylor,Female,0,50,Yes,No,6,Month-to-month,32.71,243.33,Bank transfer,No,Yes,No internet service,No internet service,No internet service,No internet service,No internet service,No internet service,Yes,Yes
CUST-02648,Margaret Scott,Female,0,26,Yes,No,24,One year,17.29,454.38,Bank transfer,No,No,No internet service,No internet service,No internet service,No internet service,No internet service,No internet service,No,No
CUST-02649,Nancy Thompson,Male,0,63,No,No,3,Month-to-month,83.81,296.02,Mailed check,Fiber optic,Yes,No,No,No,Yes,No,No,No,Yes
CUST-02650,Susan Harris,Female,0,61,Yes,Yes,8,Month-to-month,72.49,550.58,Electronic check,DSL,Yes,Yes,No,No,Yes,No,Yes,Yes,Yes
CUST-02651,Linda Lee,Male,0,47,No,Yes,8,Month-to-month,90.85,754.84,Bank transfer,DSL,Yes,Yes,Yes,No,Yes,Yes,No,No,Yes
CUST-02652,Emily Gonzalez,Male,0,46,Yes,Yes,47,Two year,27.81,1263.34,Mailed check,No,Yes,No internet service,No internet service,No internet service,No internet service,No internet service,No internet service,Yes,No
CUST-02653,Michelle Lewis,Female,0,41,Yes,No,3,Month-to-month,75.48,221.16,Bank transfer,Fiber optic,No,No,No,Yes,Yes,No,No,No,No
CUST-02654,Sarah King,Female,0,51,No,Yes,36,Two year,100.5,3576.33,Credit card,Fiber optic,Yes,Yes,No,Yes,No,Yes,No,No,No
CUST-02655,Michael Young,Female,1,71,No,No,31,Two year,32.79,1020.45,Credit card,No,Yes,No internet service,No internet service,No internet service,No internet service,No internet service,No internet service,No,No
CUST-02656,Anthony Lee,Male,0,64,No,Yes,55,Two year,88.35,4894.27,Electronic check,DSL,Yes,No,Yes,No,Yes,Yes,No,No,Yes
CUST-02657,Ashley Flores,Female,0,59,No,No,4,Month-to-month,84.87,313.52,Electronic check,Fiber optic,Yes,Yes,No,No,No,No,No,Yes,Yes
CUST-02658,Anthony Allen,Female,0,43,No,No,7,Month-to-month,105.76,743.47,Mailed check,Fiber optic,Yes,No,Yes,Yes,No,No,Yes,No,Yes
CUST-02659,Betty Allen,Female,0,56,No,No,9,Month-to-month,82.04,726.16,Electronic check,DSL,Yes,Yes,No,Yes,No,Yes,No,Yes,No
CUST-02660,Donna Young,Female,0,32,Yes,Yes,5,Month-to-month,72.91,398.81,Mailed check,DSL,Yes,Yes,No,No,No,No,Yes,Yes,No
CUST-02661,Karen Flores,Male,0,18,Yes,No,1,Month-to-month,111.3,124.52,Credit card,Fiber optic,Yes,Yes,No,Yes,Yes,No,No,No,No
CUST-02662,Matthew Williams,Male,1,83,No,No,41,Two year,90.15,3652.44,Mailed check,DSL,Yes,Yes,Yes,No,No,No,Yes,Yes,No
CUST-02663,Betty Williams,Male,0,18,Yes,No,6,Month-to-month,27.44,132.16,Mailed check,No,Yes,No internet service,No internet service,No internet service,No internet service,No internet service,No internet service,Yes,Yes
CUST-02664,Donna Flores,Male,1,83,Yes,No,1,Month-to-month,92.4,92.4,Bank transfer,DSL,Yes,Yes,Yes,Yes,No,No,Yes,No,No
CUST-02665,Elizabeth Brown,Male,0,19,No,No,6,Month-to-month,59.31,310.5,Credit card,DSL,Yes,Yes,No,No,No,No,No,Yes,No
CUST-02666,Joshua Martinez,Female,0,29,Yes,Yes,4,Month-to-month,97.34,366.19,Credit card,Fiber optic,Yes,Yes,No,No,Yes,Yes,No,No,Yes
CUST-02667,Robert Torres,Female,0,32,Yes,No,33,One year,74.96,2472.11,Electronic check,DSL,Yes,Yes,No,No,Yes,No,No,No,No
CUST-02668,James Scott,Female,0,47,No,No,18,One year,111.48,1958.65,Electronic check,Fiber optic,Yes,Yes,Yes,Yes,Yes,No,No,No,No
CUST-02669,Joseph Sanchez,Female,0,40,Yes,Yes,7,One year,30.85,204.5,Credit card,No,Yes,No internet service,No internet service,No internet service,No internet service,No internet service,No internet service,Yes,Yes
CUST-02670,Michelle Martinez,Female,1,82,Yes,Yes,10,Month-to-month,117.3,1213.23,Mailed check,Fiber optic,Yes,Yes,Yes,Yes,Yes,Yes,No,No,Yes
CUST-02671,Jessica Clark,Male,0,48,Yes,No,56,Two year,101.02,5652.27,Credit card,Fiber optic,Yes,No,Yes,Yes,Yes,Yes,No,No,No
CUST-02672,Daniel Johnson,Male,0,47,No,No,20,One year,91.79,1855.25,Credit card,DSL,Yes,Yes,Yes,No,Yes,No,Yes,Yes,No
CUST-02673,Joseph Martinez,Female,0,44,Yes,No,18,One year,38.93,729.49,Electronic check,No,Yes,No internet service,No internet service,No internet service,No internet service,No internet service,No internet service,No,No
CUST-02674,Anthony Clark,Female,0,22,Yes,No,43,One year,89.28,3848.42,Mailed check,DSL,Yes,Yes,Yes,No,No,No,Yes,No,Yes
CUST-02675,David Hill,Male,1,71,Yes,No,12,Two year,34.95,404.52,Mailed check,No,Yes,No internet service,No internet service,No internet service,No internet service,No internet service,No internet service,No,No
CUST-02676,Andrew Scott,Female,0,37,No,No,51,Two year,31.01,1532.35,Electronic check,No,Yes,No internet service,No internet service,No internet service,No internet service,No internet service,No internet service,No,No
CUST-02677,Steven Wilson,Male,0,39,No,No,5,Month-to-month,81.16,384.17,Mailed check,DSL,Yes,No,Yes,Yes,Yes,No,No,No,Yes
CUST-02678,Paul Johnson,Male,1,77,Yes,No,28,One year,105.84,2982.44,Credit card,Fiber optic,Yes,Yes,Yes,Yes,No,No,No,Yes,Yes
CUST-02679,Christopher Garcia,Female,0,36,Yes,No,9,One year,99.05,860.52,Credit card,Fiber optic,Yes,No,Yes,No,Yes,Yes,No,No,No
CUST-02680,Anthony Scott,Male,0,40,Yes,No,58,Two year,101.93,5921.73,Electronic check,Fiber optic,Yes,Yes,Yes,Yes,Yes,No,No,Yes,Yes
CUST-02681,Paul Brown,Male,0,53,No,No,10,Month-to-month,100.22,1012.55,Bank transfer,Fiber optic,Yes,No,Yes,Yes,Yes,No,No,No,Yes
CUST-02682,Elizabeth Ramirez,Female,1,68,No,Yes,8,Month-to-month,83.73,694.32,Credit card,Fiber optic,No,Yes,No,No,No,Yes,No,Yes,Yes
CUST-02683,Susan Moore,Female,0,46,No,No,21,Two year,71.44,1536.31,Bank transfer,DSL,Yes,No,Yes,No,No,No,Yes,Yes,Yes
CUST-02684,William Torres,Male,0,36,No,No,4,Month-to-month,39.13,118.36,Mailed check,No,Yes,No internet service,No internet service,No internet service,No internet service,No internet service,No internet service,Yes,No
CUST-02685,Barbara Robinson,Female,0,40,No,No,1,Month-to-month,127.47,140.48,Credit card,Fiber optic,Yes,Yes,Yes,Yes,Yes,Yes,Yes,Yes,Yes
CUST-02686,Margaret Garcia,Male,0,53,No,No,20,One year,69.0,1382.77,Credit card,DSL,No,No,No,Yes,Yes,No,No,Yes,No
CUST-02687,Sarah Sanchez,Female,0,30,Yes,No,5,Month-to-month,90.73,483.23,Electronic check,Fiber optic,Yes,No,No,No,No,Yes,No,No,Yes
CUST-02688,Joshua Thompson,Male,0,37,Yes,No,2,Month-to-month,32.53,84.0,Electronic check,No,Yes,No internet service,No internet service,No internet service,No internet service,No internet service,No internet service,Yes,Yes
CUST-02689,Margaret Lee,Male,0,30,Yes,No,1,Month-to-month,89.89,89.89,Mailed check,Fiber optic,No,No,No,Yes,No,Yes,Yes,Yes,Yes
CUST-02690,David Wilson,Female,1,70,Yes,No,10,Month-to-month,72.86,745.32,Mailed check,DSL,Yes,Yes,No,No,No,No,No,Yes,Yes
CUST-02691,Lisa Hill,Male,0,60,No,No,8,Month-to-month,39.2,265.93,Bank transfer,No,Yes,No internet service,No internet service,No internet service,No internet service,No internet service,No internet service,Yes,No
CUST-02692,Donna Wright,Female,0,24,Yes,No,10,One year,85.28,883.73,Electronic check,Fiber optic,Yes,No,No,Yes,No,No,No,Yes,Yes
CUST-02693,Kimberly Martinez,Male,1,70,No,No,8,Month-to-month,21.74,179.27,Electronic check,No,No,No internet service,No internet service,No internet service,No internet service,No internet service,No internet service,No,Yes
CUST-02694,Anthony Perez,Male,1,69,Yes,Yes,4,Month-to-month,100.98,399.23,Mailed check,Fiber optic,Yes,No,Yes,No,Yes,No,Yes,Yes,Yes
CUST-02695,Mary Torres,Female,0,26,Yes,No,23,One year,91.6,2120.48,Electronic check,DSL,Yes,Yes,No,Yes,Yes,Yes,No,Yes,No
CUST-02696,Andrew Scott,Female,1,84,No,No,3,Month-to-month,108.39,309.4,Mailed check,Fiber optic,Yes,No,Yes,Yes,No,No,Yes,No,No
CUST-02697,Nancy Flores,Female,0,39,Yes,No,9,Month-to-month,36.76,370.22,Credit card,No,Yes,No internet service,No internet service,No internet service,No internet service,No internet service,No internet service,No,No
CUST-02698,Elizabeth Martin,Male,1,72,Yes,No,27,One year,30.22,768.67,Credit card,No,Yes,No internet service,No internet service,No internet service,No internet service,No internet service,No internet service,Yes,No
CUST-02699,Elizabeth Wright,Female,0,34,Yes,No,30,One year,92.41,2771.56,Mailed check,Fiber optic,Yes,Yes,No,Yes,No,No,No,No,No
CUST-02700,Lisa Williams,Male,0,50,Yes,No,50,Two year,87.24,4371.17,Credit card,Fiber optic,Yes,No,Yes,No,Yes,No,No,Yes,No
CUST-02701,Steven Young,Male,0,48,Yes,No,54,Two year,70.11,3797.65,Credit card,DSL,Yes,Yes,No,Yes,No,No,No,Yes,No
CUST-02702,Sandra King,Male,0,21,No,No,17,Two year,86.95,1486.81,Bank transfer,Fiber optic,Yes,Yes,No,No,No,No,No,Yes,No
CUST-02703,Michael Jones,Female,1,80,Yes,No,11,Month-to-month,32.87,375.63,Mailed check,No,Yes,No internet service,No internet service,No internet service,No internet service,No internet service,No internet service,Yes,Yes
CUST-02704,Mary Davis,Female,0,47,No,No,8,Month-to-month,75.41,640.55,Electronic check,DSL,Yes,No,No,No,No,Yes,Yes,No,No
CUST-02705,Michelle Lee,Female,1,66,No,No,46,Two year,30.7,1362.48,Mailed check,No,Yes,No internet service,No internet service,No internet service,No internet service,No internet service,No internet service,No,No
CUST-02706,Betty Martin,Male,0,26,No,Yes,9,Month-to-month,72.82,704.47,Mailed check,DSL,Yes,No,Yes,No,No,No,No,No,No
CUST-02707,Steven Allen,Male,0,26,No,No,43,One year,77.84,3359.22,Credit card,DSL,Yes,Yes,Yes,No,Yes,No,No,Yes,No
CUST-02708,Joshua Martin,Female,0,53,No,No,7,Month-to-month,34.21,218.92,Mailed check,No,Yes,No internet service,No internet service,No internet service,No internet service,No internet service,No internet service,Yes,No
CUST-02709,Paul Johnson,Female,0,31,Yes,No,13,Two year,108.2,1408.58,Credit card,Fiber optic,Yes,No,Yes,Yes,Yes,No,Yes,No,No
CUST-02710,Ashley Hernandez,Male,0,58,Yes,Yes,67,Two year,94.19,6320.86,Bank transfer,Fiber optic,Yes,Yes,Yes,No,No,No,No,No,Yes
CUST-02711,David Lee,Female,0,59,Yes,No,9,Month-to-month,36.51,330.95,Credit card,No,Yes,No internet service,No internet service,No internet service,No internet service,No internet service,No internet service,Yes,Yes
CUST-02712,Jessica Harris,Female,0,46,No,Yes,7,Month-to-month,96.56,696.98,Credit card,Fiber optic,Yes,Yes,Yes,No,Yes,No,No,Yes,No
CUST-02713,Mark Williams,Female,0,35,Yes,Yes,22,One year,69.62,1512.65,Mailed check,DSL,Yes,No,Yes,No,No,No,No,No,Yes
CUST-02714,Matthew Hill,Female,0,64,Yes,Yes,28,Two year,96.86,2748.6,Bank transfer,Fiber optic,Yes,No,Yes,Yes,No,No,No,No,No
CUST-02715,Ashley Martinez,Male,1,79,No,No,11,Month-to-month,100.97,1086.37,Credit card,Fiber optic,Yes,Yes,No,Yes,No,Yes,No,No,No
CUST-02716,William Young,Male,0,48,Yes,No,23,One year,94.33,2217.12,Electronic check,Fiber optic,Yes,No,No,No,No,Yes,No,No,No
CUST-02717,Lisa Perez,Male,0,49,No,No,5,Month-to-month,78.94,373.79,Bank transfer,DSL,Yes,Yes,No,Yes,No,No,Yes,Yes,Yes
CUST-02718,Mary Taylor,Female,0,61,Yes,No,5,Month-to-month,37.77,149.03,Credit card,No,Yes,No internet service,No internet service,No internet service,No internet service,No internet service,No internet service,No,No
CUST-02719,Joseph Jones,Male,0,19,Yes,Yes,3,Month-to-month,39.03,74.47,Mailed check,No,Yes,No internet service,No internet service,No internet service,No internet service,No internet service,No internet service,Yes,No
CUST-02720,David Jones,Male,0,34,No,Yes,6,Month-to-month,105.44,602.03,Mailed check,Fiber optic,Yes,Yes,No,No,Yes,Yes,No,No,Yes
CUST-02721,Margaret Wright,Female,0,26,Yes,Yes,40,One year,89.45,3621.72,Bank transfer,DSL,Yes,No,Yes,Yes,No,Yes,No,Yes,No
CUST-02722,Jessica Thompson,Male,0,60,Yes,No,2,Month-to-month,114.42,211.97,Electronic check,Fiber optic,Yes,Yes,Yes,No,No,Yes,No,Yes,Yes
CUST-02723,Anthony Lee,Male,0,54,No,Yes,9,Month-to-month,31.53,244.44,Credit card,No,Yes,No internet service,No internet service,No internet service,No internet service,No internet service,No internet service,Yes,No
CUST-02724,Sandra Williams,Female,0,22,Yes,No,8,Month-to-month,78.11,658.32,Mailed check,DSL,No,Yes,Yes,Yes,No,No,Yes,Yes,No
CUST-02725,Nancy Thomas,Male,0,46,Yes,No,10,Month-to-month,97.39,931.79,Mailed check,Fiber optic,Yes,Yes,Yes,No,Yes,No,No,Yes,No
CUST-02726,James Jones,Male,0,46,Yes,Yes,29,One year,82.72,2442.33,Bank transfer,Fiber optic,Yes,No,Yes,No,No,No,No,Yes,No
CUST-02727,Linda Clark,Male,0,21,Yes,Yes,30,One year,84.84,2591.06,Credit card,DSL,Yes,Yes,Yes,No,Yes,No,No,Yes,No
CUST-02728,Paul Scott,Female,0,57,Yes,No,3,Month-to-month,82.31,257.1,Credit card,Fiber optic,Yes,No,No,Yes,No,No,No,No,Yes
CUST-02729,Susan Ramirez,Female,0,52,No,No,39,One year,84.7,3261.54,Bank transfer,Fiber optic,Yes,Yes,No,No,No,No,No,No,No
CUST-02730,Andrew Harris,Female,0,36,No,No,2,Month-to-month,70.0,91.58,Electronic check,Fiber optic,Yes,No,No,No,No,No,No,Yes,Yes
CUST-02731,Matthew Davis,Female,0,36,No,No,6,Month-to-month,79.73,470.09,Credit card,DSL,Yes,Yes,No,No,Yes,Yes,Yes,Yes,No
CUST-02732,Michael Thomas,Male,0,47,No,No,3,Month-to-month,97.2,272.54,Credit card,Fiber optic,Yes,No,No,No,No,Yes,Yes,Yes,No
CUST-02733,Kimberly Lopez,Male,1,84,No,No,34,One year,72.73,2484.32,Mailed check,DSL,Yes,Yes,No,No,Yes,No,No,Yes,Yes
CUST-02734,William Wright,Male,0,54,No,No,6,Month-to-month,33.98,192.83,Mailed check,No,Yes,No internet service,No internet service,No internet service,No internet service,No internet service,No internet service,Yes,No
CUST-02735,Betty Wright,Male,0,25,Yes,Yes,62,Two year,91.03,5674.23,Credit card,Fiber optic,Yes,No,No,No,Yes,No,No,No,No
CUST-02736,William Jones,Female,1,71,No,No,12,Two year,29.99,354.6,Credit card,No,Yes,No internet service,No internet service,No internet service,No internet service,No internet service,No internet service,No,No
CUST-02737,Kimberly Lewis,Male,1,77,Yes,Yes,6,Month-to-month,29.3,141.19,Bank transfer,No,Yes,No internet service,No internet service,No internet service,No internet service,No internet service,No internet service,Yes,No
CUST-02738,Charles Thomas,Male,0,48,Yes,No,11,Month-to-month,37.9,418.12,Mailed check,No,Yes,No internet service,No internet service,No internet service,No internet service,No internet service,No internet service,Yes,No
CUST-02739,Mark Brown,Male,1,68,Yes,No,6,Month-to-month,90.06,578.14,Credit card,Fiber optic,Yes,No,Yes,Yes,No,No,No,Yes,No
CUST-02740,Thomas Lee,Male,0,62,No,No,41,Two year,107.38,4437.91,Mailed check,Fiber optic,Yes,Yes,No,No,Yes,Yes,Yes,No,No
CUST-02741,Steven Williams,Male,0,62,No,No,35,One year,80.81,2840.37,Credit card,DSL,Yes,No,Yes,Yes,Yes,No,No,Yes,No
CUST-02742,James Torres,Male,0,27,Yes,Yes,26,One year,84.16,2215.87,Mailed check,DSL,Yes,No,No,No,Yes,Yes,Yes,No,No
CUST-02743,Charles Gonzalez,Male,0,25,Yes,No,64,Two year,79.94,5144.97,Credit card,Fiber optic,Yes,No,No,No,Yes,No,No,Yes,No
CUST-02744,Jessica Hernandez,Male,0,52,Yes,No,24,One year,96.79,2322.22,Bank transfer,Fiber optic,Yes,No,Yes,No,No,No,Yes,Yes,Yes
CUST-02745,Michelle Clark,Female,1,65,Yes,No,9,Month-to-month,91.49,820.03,Bank transfer,DSL,Yes,Yes,Yes,No,Yes,No,No,Yes,No
CUST-02746,David Nguyen,Female,0,49,Yes,No,4,Month-to-month,87.8,333.52,Electronic check,Fiber optic,Yes,Yes,No,Yes,No,No,No,No,Yes
CUST-02747,Patricia Wright,Female,0,59,Yes,Yes,16,One year,34.13,504.19,Credit card,No,Yes,No internet service,No internet service,No internet service,No internet service,No internet service,No internet service,No,No
CUST-02748,Elizabeth Garcia,Female,0,40,No,Yes,6,Month-to-month,49.44,329.59,Credit card,DSL,No,No,No,No,No,No,Yes,Yes,No
CUST-02749,Anthony Wright,Female,0,59,No,Yes,9,Month-to-month,85.67,766.64,Bank transfer,DSL,Yes,Yes,Yes,No,No,Yes,No,No,No
CUST-02750,Andrew Wright,Female,0,62,No,Yes,7,Month-to-month,113.11,759.03,Bank transfer,Fiber optic,Yes,Yes,Yes,Yes,No,Yes,Yes,Yes,No
CUST-02751,Robert Jackson,Female,1,66,No,Yes,10,Month-to-month,35.43,362.73,Electronic check,No,Yes,No internet service,No internet service,No internet service,No internet service,No internet service,No internet service,No,Yes
CUST-02752,Charles Davis,Female,0,53,Yes,No,5,Month-to-month,76.91,401.58,Electronic check,DSL,Yes,No,No,Yes,Yes,No,No,Yes,No
CUST-02753,Ashley Rodriguez,Female,0,52,No,No,1,Month-to-month,103.27,152.01,Mailed check,Fiber optic,Yes,No,No,Yes,No,Yes,Yes,Yes,Yes
CUST-02754,Ashley Walker,Male,0,24,Yes,No,7,One year,104.61,755.53,Electronic check,Fiber optic,Yes,Yes,No,No,No,Yes,Yes,No,Yes
CUST-02755,Barbara Wilson,Male,1,71,Yes,No,21,One year,127.3,2633.33,Electronic check,Fiber optic,Yes,Yes,Yes,Yes,Yes,Yes,Yes,Yes,No
CUST-02756,Joseph Garcia,Male,0,22,No,Yes,68,Two year,113.38,7739.54,Electronic check,Fiber optic,Yes,Yes,Yes,Yes,Yes,Yes,No,No,No
CUST-02757,Emily Wilson,Female,1,83,No,Yes,25,One year,107.44,2728.9,Credit card,Fiber optic,Yes,Yes,Yes,No,No,Yes,No,No,Yes
CUST-02758,Emily Johnson,Female,0,55,No,No,4,Month-to-month,98.35,437.59,Bank transfer,Fiber optic,Yes,Yes,No,No,No,No,Yes,Yes,Yes
CUST-02759,Karen Hernandez,Male,0,55,Yes,No,41,Two year,27.34,1147.84,Credit card,No,Yes,No internet service,No internet service,No internet service,No internet service,No internet service,No internet service,Yes,No
CUST-02760,Donald Clark,Female,0,21,Yes,No,15,One year,30.42,489.77,Mailed check,No,Yes,No internet service,No internet service,No internet service,No internet service,No internet service,No internet service,Yes,No
CUST-02761,Steven Harris,Male,0,62,Yes,No,9,Month-to-month,99.84,920.06,Bank transfer,DSL,Yes,Yes,No,Yes,Yes,Yes,No,No,Yes
CUST-02762,Daniel Hernandez,Female,0,62,No,No,6,Month-to-month,89.16,508.71,Mailed check,Fiber optic,Yes,Yes,Yes,No,No,No,No,Yes,Yes
CUST-02763,Richard Miller,Male,0,31,No,Yes,11,Month-to-month,75.4,833.94,Electronic check,DSL,Yes,Yes,No,No,No,Yes,No,Yes,Yes
CUST-02764,Steven Clark,Male,0,35,Yes,No,2,Month-to-month,100.06,234.52,Credit card,Fiber optic,Yes,No,Yes,Yes,Yes,No,No,Yes,Yes
CUST-02765,Nancy Martin,Male,0,22,Yes,Yes,42,One year,106.24,4412.48,Electronic check,Fiber optic,Yes,No,Yes,No,No,Yes,Yes,Yes,No
CUST-02766,Daniel Jackson,Female,0,58,No,No,64,Two year,34.27,2187.55,Mailed check,No,Yes,No internet service,No internet service,No internet service,No internet service,No internet service,No internet service,Yes,No
CUST-02767,Barbara Moore,Male,0,27,Yes,No,1,Month-to-month,86.16,127.67,Credit card,Fiber optic,Yes,Yes,Yes,No,No,No,No,Yes,Yes
CUST-02768,Nancy Taylor,Male,0,54,Yes,Yes,11,Month-to-month,33.3,336.43,Bank transfer,No,Yes,No internet service,No internet service,No internet service,No internet service,No internet service,No internet service,No,No
CUST-02769,Paul Jackson,Male,1,80,No,No,5,Month-to-month,69.25,322.53,Electronic check,DSL,Yes,Yes,No,No,No,No,No,No,Yes
CUST-02770,William Smith,Female,0,38,Yes,No,39,Two year,99.7,3897.6,Bank transfer,Fiber optic,Yes,No,Yes,Yes,Yes,No,No,No,No
CUST-02771,Andrew Clark,Male,0,63,No,No,5,Month-to-month,102.75,528.48,Bank transfer,Fiber optic,Yes,Yes,Yes,No,No,No,Yes,No,Yes
CUST-02772,Linda Nguyen,Female,0,42,No,Yes,9,Month-to-month,97.21,833.43,Mailed check,DSL,Yes,Yes,Yes,Yes,No,Yes,No,No,Yes
CUST-02773,Joseph Thompson,Female,0,23,Yes,No,2,Month-to-month,119.9,267.65,Bank transfer,Fiber optic,Yes,No,Yes,Yes,Yes,Yes,No,No,Yes
CUST-02774,Steven Gonzalez,Male,0,25,Yes,Yes,5,Month-to-month,96.93,526.83,Credit card,Fiber optic,Yes,Yes,Yes,Yes,No,No,No,No,Yes
CUST-02775,Joseph Thompson,Male,0,56,Yes,Yes,10,Month-to-month,89.99,928.87,Bank transfer,Fiber optic,Yes,Yes,No,No,No,No,No,Yes,No
CUST-02776,Sarah Sanchez,Male,0,51,No,No,3,Month-to-month,34.59,68.45,Electronic check,No,Yes,No internet service,No internet service,No internet service,No internet service,No internet service,No internet service,Yes,Yes
CUST-02777,James Wilson,Female,0,31,Yes,No,13,Two year,112.82,1433.75,Credit card,Fiber optic,Yes,No,Yes,Yes,Yes,No,No,Yes,Yes
CUST-02778,Thomas Lee,Male,0,44,No,No,10,Month-to-month,70.56,678.73,Mailed check,DSL,Yes,No,No,No,No,Yes,No,No,No
CUST-02779,Jessica Harris,Female,0,20,No,Yes,6,Month-to-month,76.74,429.9,Bank transfer,DSL,Yes,No,Yes,No,Yes,Yes,No,Yes,No
CUST-02780,David Williams,Female,0,29,No,No,8,Month-to-month,117.28,947.77,Credit card,Fiber optic,Yes,Yes,Yes,No,Yes,Yes,No,Yes,No
CUST-02781,William Rodriguez,Male,0,51,No,Yes,6,Month-to-month,29.95,195.95,Bank transfer,No,Yes,No internet service,No internet service,No internet service,No internet service,No internet service,No internet service,Yes,Yes
CUST-02782,Karen Lopez,Female,1,72,Yes,No,43,Two year,119.13,5083.69,Electronic check,Fiber optic,Yes,Yes,Yes,No,No,Yes,Yes,No,No
CUST-02783,James Lewis,Female,0,64,No,No,2,Month-to-month,71.08,189.8,Credit card,DSL,Yes,No,No,No,No,No,Yes,No,No
CUST-02784,Jennifer Torres,Male,0,41,No,No,6,Month-to-month,110.75,629.01,Electronic check,Fiber optic,Yes,Yes,Yes,No,No,Yes,No,No,No
CUST-02785,Matthew White,Female,0,50,No,Yes,1,Month-to-month,64.27,93.72,Mailed check,DSL,Yes,Yes,No,No,No,No,No,No,No
CUST-02786,Sandra Martin,Male,1,81,No,No,19,One year,100.59,1927.03,Credit card,Fiber optic,Yes,Yes,Yes,Yes,Yes,No,No,No,No
CUST-02787,Steven Taylor,Female,0,30,Yes,No,8,Month-to-month,100.01,755.53,Electronic check,Fiber optic,Yes,Yes,No,No,Yes,No,No,Yes,Yes
CUST-02788,Jennifer Miller,Male,0,45,No,Yes,24,Two year,78.18,1891.35,Bank transfer,DSL,Yes,Yes,Yes,No,No,No,No,No,No
CUST-02789,Thomas Flores,Male,0,25,Yes,Yes,10,Month-to-month,80.32,847.94,Electronic check,Fiber optic,Yes,No,No,No,No,No,Yes,No,No
CUST-02790,Donna Sanchez,Female,0,21,Yes,No,11,Month-to-month,81.84,921.73,Credit card,Fiber optic,Yes,No,No,Yes,No,No,No,Yes,No
CUST-02791,Michelle Jones,Female,1,66,Yes,No,9,Month-to-month,60.95,560.74,Mailed check,DSL,Yes,No,No,No,No,No,No,Yes,No
CUST-02792,David Taylor,Female,0,33,Yes,No,7,Month-to-month,73.77,564.2,Electronic check,DSL,Yes,Yes,Yes,No,No,No,No,Yes,Yes
CUST-02793,Elizabeth White,Female,0,22,Yes,No,43,One year,70.89,3094.58,Electronic check,DSL,Yes,No,Yes,No,No,Yes,No,Yes,No
CUST-02794,Mary Moore,Male,0,64,Yes,No,43,One year,38.47,1636.75,Electronic check,No,Yes,No internet service,No internet service,No internet service,No internet service,No internet service,No internet service,Yes,No
CUST-02795,Margaret Johnson,Female,0,61,No,No,13,One year,32.77,414.07,Electronic check,No,Yes,No internet service,No internet service,No internet service,No internet service,No internet service,No internet service,No,No
CUST-02796,Barbara Rodriguez,Male,0,39,Yes,No,15,One year,89.66,1363.08,Electronic check,Fiber optic,Yes,Yes,No,No,No,No,Yes,Yes,Yes
CUST-02797,Sarah Williams,Male,0,52,Yes,No,2,Month-to-month,95.98,195.97,Electronic check,DSL,Yes,Yes,Yes,No,No,Yes,Yes,No,Yes
CUST-02798,David Smith,Female,0,35,Yes,Yes,25,Two year,27.72,644.18,Electronic check,No,Yes,No internet service,No internet service,No internet service,No internet service,No internet service,No internet service,Yes,No
CUST-02799,Andrew Thomas,Male,0,62,No,No,8,Month-to-month,31.53,207.71,Electronic check,No,Yes,No internet service,No internet service,No internet service,No internet service,No internet service,No internet service,Yes,Yes
CUST-02800,Jessica Brown,Female,0,50,No,No,33,One year,69.02,2320.46,Mailed check,DSL,No,No,No,No,No,Yes,Yes,No,No
CUST-02801,Elizabeth Lopez,Female,0,31,No,Yes,1,Month-to-month,62.32,75.0,Credit card,DSL,Yes,No,No,No,No,Yes,No,No,No
CUST-02802,Joshua Lewis,Male,0,58,Yes,No,7,Month-to-month,85.01,556.66,Mailed check,Fiber optic,Yes,No,Yes,Yes,No,No,No,Yes,No
CUST-02803,Matthew Miller,Male,1,74,Yes,No,26,Two year,99.15,2543.94,Credit card,Fiber optic,Yes,Yes,Yes,No,No,Yes,No,No,Yes
CUST-02804,Anthony Jackson,Female,0,57,No,No,8,Month-to-month,92.33,731.41,Bank transfer,DSL,Yes,Yes,No,No,No,Yes,Yes,Yes,Yes
CUST-02805,John Rodriguez,Female,0,38,No,Yes,44,One year,112.91,4965.47,Bank transfer,Fiber optic,Yes,No,Yes,Yes,Yes,No,Yes,Yes,No
CUST-02806,Michael Robinson,Male,0,59,Yes,No,38,One year,99.98,3761.22,Bank transfer,Fiber optic,Yes,Yes,No,No,Yes,No,Yes,Yes,No
CUST-02807,Jennifer Taylor,Female,0,22,No,No,1,Month-to-month,102.45,111.28,Electronic check,Fiber optic,Yes,No,Yes,Yes,Yes,Yes,No,No,No
CUST-02808,John Anderson,Male,0,31,Yes,No,39,One year,81.25,3131.37,Electronic check,Fiber optic,Yes,No,No,No,Yes,No,No,Yes,No
CUST-02809,William Ramirez,Male,0,63,Yes,Yes,1,Month-to-month,85.07,116.59,Credit card,DSL,Yes,Yes,No,Yes,No,Yes,No,No,Yes
CUST-02810,Christopher Walker,Male,0,34,No,No,4,Month-to-month,96.26,369.48,Bank transfer,Fiber optic,Yes,Yes,Yes,No,Yes,No,No,Yes,Yes
CUST-02811,Mary Torres,Male,0,63,No,No,29,One year,94.34,2783.89,Bank transfer,Fiber optic,No,Yes,No,Yes,Yes,No,Yes,No,No
CUST-02812,Ashley Scott,Male,0,63,No,No,9,Month-to-month,82.64,753.6,Bank transfer,DSL,Yes,Yes,Yes,No,No,Yes,No,Yes,No
CUST-02813,Richard Jones,Male,1,68,No,No,8,Month-to-month,115.11,953.83,Electronic check,Fiber optic,Yes,Yes,Yes,Yes,No,Yes,Yes,No,Yes
CUST-02814,Michelle Davis,Female,0,24,No,Yes,23,Two year,112.96,2604.99,Bank transfer,Fiber optic,Yes,Yes,Yes,No,Yes,Yes,No,No,No
CUST-02815,Sandra Jackson,Male,1,75,No,No,48,Two year,92.7,4406.51,Credit card,Fiber optic,Yes,Yes,Yes,Yes,No,No,No,Yes,No
CUST-02816,Kimberly Harris,Male,0,47,No,Yes,65,Two year,78.25,5103.89,Credit card,Fiber optic,Yes,No,No,Yes,No,No,No,No,No
CUST-02817,Barbara Sanchez,Female,0,40,Yes,No,43,One year,33.98,1492.85,Electronic check,No,Yes,No internet service,No internet service,No internet service,No internet service,No internet service,No internet service,No,No
CUST-02818,Joseph Davis,Male,0,57,Yes,No,22,Two year,69.23,1491.57,Mailed check,DSL,Yes,No,Yes,No,No,No,No,Yes,No
CUST-02819,Michelle Nguyen,Male,0,56,No,No,11,Month-to-month,91.28,1053.31,Credit card,DSL,Yes,Yes,No,No,Yes,Yes,Yes,No,No
CUST-02820,Christopher Allen,Male,0,26,No,No,9,Month-to-month,33.37,300.8,Mailed check,No,Yes,No internet service,No internet service,No internet service,No internet service,No internet service,No internet service,Yes,Yes
CUST-02821,Michelle Wright,Female,0,22,Yes,No,29,One year,25.89,779.89,Electronic check,No,Yes,No internet service,No internet service,No internet service,No internet service,No internet service,No internet service,Yes,No
CUST-02822,Robert Smith,Male,0,26,No,No,8,Month-to-month,80.1,688.46,Credit card,Fiber optic,Yes,No,No,No,No,No,No,Yes,No
CUST-02823,Jennifer Gonzalez,Female,0,41,No,No,1,Month-to-month,81.2,119.91,Mailed check,DSL,Yes,No,Yes,No,Yes,Yes,No,Yes,Yes
CUST-02824,Joshua Ramirez,Male,0,19,No,No,13,Two year,101.75,1341.89,Mailed check,Fiber optic,Yes,No,No,Yes,Yes,No,No,Yes,No
CUST-02825,Richard Sanchez,Male,0,28,No,No,62,Two year,62.11,3885.98,Mailed check,Fiber optic,No,No,No,No,No,No,No,Yes,No
CUST-02826,Donna Lopez,Male,0,43,No,Yes,41,Two year,89.99,3696.82,Electronic check,DSL,Yes,Yes,Yes,Yes,Yes,No,No,No,No
CUST-02827,Sarah Jackson,Female,0,35,No,No,20,One year,75.85,1528.21,Credit card,DSL,Yes,Yes,Yes,No,No,No,No,Yes,No
CUST-02828,Betty Jones,Female,0,62,No,No,11,Month-to-month,81.14,922.21,Credit card,Fiber optic,No,No,Yes,No,Yes,No,No,No,No
CUST-02829,Betty Ramirez,Male,0,56,No,Yes,6,Month-to-month,86.95,516.58,Mailed check,DSL,Yes,Yes,No,Yes,Yes,No,No,Yes,No
CUST-02830,Donald Young,Female,0,64,Yes,Yes,11,Month-to-month,57.45,681.94,Mailed check,DSL,No,No,Yes,No,No,No,No,No,Yes
CUST-02831,Matthew White,Female,0,46,Yes,No,10,Month-to-month,95.96,953.53,Electronic check,Fiber optic,Yes,Yes,No,Yes,No,No,Yes,Yes,Yes
CUST-02832,Kimberly Wilson,Male,0,40,No,Yes,11,Month-to-month,52.45,620.94,Credit card,DSL,Yes,No,No,No,No,No,No,Yes,Yes
CUST-02833,Nancy Nguyen,Male,0,45,No,No,5,Month-to-month,57.87,290.27,Credit card,DSL,Yes,No,No,No,No,No,No,Yes,Yes
CUST-02834,Andrew Nguyen,Female,0,54,Yes,No,7,Month-to-month,28.47,194.33,Electronic check,No,Yes,No internet service,No internet service,No internet service,No internet service,No internet service,No internet service,Yes,No
CUST-02835,David Young,Male,0,55,No,Yes,8,Month-to-month,36.71,259.49,Electronic check,No,Yes,No internet service,No internet service,No internet service,No internet service,No internet service,No internet service,Yes,No
CUST-02836,Kimberly Taylor,Male,1,68,Yes,No,6,Month-to-month,80.58,520.91,Mailed check,Fiber optic,Yes,No,Yes,No,No,Yes,No,Yes,No
CUST-02837,Nancy Scott,Female,0,57,Yes,Yes,4,Month-to-month,113.06,437.84,Bank transfer,Fiber optic,Yes,Yes,Yes,No,Yes,No,No,Yes,No
CUST-02838,Robert Martin,Female,0,50,Yes,No,18,One year,81.77,1447.96,Credit card,DSL,Yes,Yes,Yes,No,No,Yes,No,Yes,Yes
CUST-02839,Elizabeth Williams,Female,0,59,Yes,Yes,45,Two year,98.59,4459.79,Mailed check,Fiber optic,Yes,Yes,No,Yes,No,No,No,Yes,No
CUST-02840,David Nguyen,Male,0,35,Yes,No,34,One year,91.48,3121.9,Mailed check,Fiber optic,Yes,No,No,No,No,Yes,No,Yes,No
CUST-02841,Charles King,Female,0,19,No,No,55,Two year,28.31,1565.97,Mailed check,No,Yes,No internet service,No internet service,No internet service,No internet service,No internet service,No internet service,Yes,No
CUST-02842,William Taylor,Male,0,61,Yes,No,22,Two year,96.94,2153.13,Mailed check,Fiber optic,No,Yes,No,No,Yes,Yes,No,Yes,No
CUST-02843,Margaret Williams,Female,0,38,Yes,No,30,Two year,25.39,763.05,Credit card,No,Yes,No internet service,No internet service,No internet service,No internet service,No internet service,No internet service,No,No
CUST-02844,Elizabeth Wilson,Female,0,22,Yes,Yes,11,Month-to-month,87.65,940.44,Electronic check,DSL,No,Yes,Yes,No,No,Yes,Yes,Yes,Yes
CUST-02845,Jessica Allen,Male,0,40,No,Yes,21,One year,85.92,1761.07,Credit card,DSL,Yes,Yes,Yes,Yes,No,No,Yes,Yes,No
CUST-02846,Betty Wright,Female,1,76,Yes,Yes,4,Month-to-month,103.33,388.43,Credit card,Fiber optic,Yes,Yes,Yes,No,Yes,No,Yes,Yes,Yes
CUST-02847,Karen Scott,Male,0,48,No,No,23,One year,101.92,2349.43,Mailed check,Fiber optic,Yes,No,No,Yes,Yes,Yes,No,No,No
CUST-02848,Daniel Young,Female,0,64,No,No,32,Two year,67.07,2192.51,Credit card,DSL,Yes,No,No,No,No,No,Yes,Yes,No
CUST-02849,Jessica Walker,Male,0,54,No,No,7,Month-to-month,95.19,658.3,Bank transfer,Fiber optic,Yes,No,Yes,No,No,Yes,No,Yes,Yes
CUST-02850,Jessica Anderson,Male,0,43,Yes,No,27,One year,86.82,2341.51,Credit card,DSL,Yes,No,Yes,Yes,No,Yes,No,No,Yes
CUST-02851,James Robinson,Female,0,22,No,No,27,One year,72.38,1984.04,Bank transfer,Fiber optic,Yes,No,No,No,No,No,No,Yes,No
CUST-02852,Karen Young,Male,0,43,Yes,Yes,10,Month-to-month,31.32,282.07,Mailed check,No,Yes,No internet service,No internet service,No internet service,No internet service,No internet service,No internet service,No,No
CUST-02853,Robert Sanchez,Male,0,41,Yes,No,3,Month-to-month,28.13,51.2,Bank transfer,No,Yes,No internet service,No internet service,No internet service,No internet service,No internet service,No internet service,Yes,No
CUST-02854,Paul Moore,Male,0,29,Yes,No,32,One year,36.5,1202.99,Bank transfer,No,Yes,No internet service,No internet service,No internet service,No internet service,No internet service,No internet service,Yes,No
CUST-02855,Christopher Clark,Male,1,74,Yes,No,9,Month-to-month,72.37,669.22,Mailed check,DSL,Yes,No,No,No,No,No,Yes,Yes,Yes
CUST-02856,Ashley King,Female,0,21,Yes,No,36,One year,75.74,2681.46,Electronic check,DSL,No,Yes,No,Yes,Yes,No,Yes,Yes,No
CUST-02857,William Nguyen,Female,0,38,No,Yes,3,Month-to-month,65.42,239.68,Bank transfer,DSL,Yes,Yes,Yes,No,No,No,No,Yes,No
CUST-02858,Donald White,Female,0,52,No,Yes,30,One year,79.93,2357.05,Electronic check,Fiber optic,Yes,Yes,No,No,No,No,No,Yes,No
CUST-02859,William Garcia,Male,0,37,No,No,70,Two year,87.89,6176.25,Bank transfer,DSL,Yes,Yes,Yes,Yes,No,Yes,No,Yes,No
CUST-02860,William Sanchez,Male,0,49,No,No,31,One year,100.98,3146.42,Mailed check,Fiber optic,Yes,Yes,Yes,Yes,No,No,No,No,No
CUST-02861,Jennifer Nguyen,Male,0,42,Yes,No,17,One year,70.83,1194.36,Electronic check,DSL,Yes,No,Yes,Yes,No,Yes,No,No,No
CUST-02862,Sandra Clark,Female,0,60,No,Yes,39,One year,114.76,4440.86,Mailed check,DSL,Yes,Yes,Yes,Yes,Yes,Yes,Yes,Yes,No
CUST-02863,Margaret Scott,Male,0,40,No,No,46,Two year,100.52,4652.72,Bank transfer,Fiber optic,Yes,No,No,Yes,Yes,Yes,No,Yes,No
CUST-02864,Mark Thompson,Male,0,48,No,No,63,Two year,28.32,1807.77,Bank transfer,No,Yes,No internet service,No internet service,No internet service,No internet service,No internet service,No internet service,No,No
CUST-02865,Christopher Torres,Female,0,27,No,No,41,One year,84.49,3432.4,Electronic check,Fiber optic,Yes,Yes,No,No,No,No,No,No,No
CUST-02866,Sandra Clark,Male,0,51,Yes,No,33,One year,89.82,2921.62,Bank transfer,Fiber optic,Yes,Yes,Yes,No,No,No,No,Yes,No
CUST-02867,Elizabeth Perez,Female,1,84,No,No,9,Month-to-month,89.08,780.18,Mailed check,Fiber optic,Yes,Yes,No,Yes,No,No,No,No,Yes
CUST-02868,Jennifer Taylor,Female,0,23,No,No,10,Month-to-month,89.27,858.2,Credit card,DSL,Yes,Yes,No,No,Yes,Yes,Yes,No,Yes
CUST-02869,Donna Anderson,Male,0,41,Yes,No,10,Month-to-month,86.5,893.3,Electronic check,Fiber optic,No,No,Yes,Yes,No,Yes,No,Yes,No
CUST-02870,Anthony Jackson,Male,0,64,No,No,16,One year,120.74,1935.38,Credit card,Fiber optic,Yes,Yes,Yes,Yes,Yes,Yes,No,No,No
CUST-02871,Steven Taylor,Male,0,39,No,No,6,One year,31.09,176.63,Mailed check,No,Yes,No internet service,No internet service,No internet service,No internet service,No internet service,No internet service,Yes,No
CUST-02872,Karen Wilson,Female,0,56,No,No,53,Two year,103.25,5517.59,Credit card,Fiber optic,Yes,Yes,Yes,No,No,Yes,No,No,No
CUST-02873,David Wilson,Female,1,68,Yes,No,8,Month-to-month,39.11,343.16,Electronic check,No,Yes,No internet service,No internet service,No internet service,No internet service,No internet service,No internet service,Yes,Yes
CUST-02874,Andrew Wilson,Male,0,44,No,No,8,Month-to-month,67.64,507.67,Electronic check,DSL,Yes,No,No,Yes,No,No,No,Yes,No
CUST-02875,Lisa Jackson,Female,0,60,No,Yes,10,Month-to-month,81.71,782.08,Credit card,Fiber optic,Yes,No,No,No,No,No,Yes,Yes,Yes
CUST-02876,Michael Lewis,Male,0,39,Yes,No,10,Month-to-month,75.58,784.08,Electronic check,DSL,Yes,Yes,No,No,Yes,No,No,No,Yes
CUST-02877,Kimberly White,Male,1,75,Yes,No,7,One year,76.2,491.3,Electronic check,DSL,Yes,No,Yes,Yes,No,No,No,Yes,Yes
CUST-02878,Lisa Martinez,Female,0,49,No,No,1,Month-to-month,107.56,107.56,Mailed check,Fiber optic,Yes,No,Yes,No,Yes,Yes,No,No,Yes
CUST-02879,Anthony Johnson,Male,0,56,Yes,Yes,12,Two year,81.39,935.06,Mailed check,DSL,Yes,No,Yes,No,Yes,Yes,No,Yes,No
CUST-02880,Lisa Allen,Female,0,20,No,No,3,Month-to-month,25.56,125.08,Electronic check,No,Yes,No internet service,No internet service,No internet service,No internet service,No internet service,No internet service,Yes,Yes
CUST-02881,Thomas Anderson,Female,0,49,Yes,No,2,Month-to-month,90.99,156.33,Mailed check,Fiber optic,Yes,Yes,No,No,Yes,Yes,No,Yes,Yes
CUST-02882,James Taylor,Female,0,34,Yes,No,1,Month-to-month,70.07,70.07,Bank transfer,Fiber optic,Yes,No,No,No,No,No,No,Yes,Yes
CUST-02883,Andrew Garcia,Female,1,83,No,No,25,Two year,83.44,2073.15,Electronic check,DSL,Yes,No,Yes,No,No,Yes,No,Yes,No
CUST-02884,Thomas Johnson,Female,0,27,No,No,34,One year,78.71,2667.53,Electronic check,DSL,Yes,Yes,No,Yes,No,Yes,No,Yes,No
CUST-02885,Lisa Hernandez,Female,0,47,No,Yes,7,Month-to-month,62.38,461.88,Electronic check,DSL,Yes,No,No,No,No,No,No,Yes,Yes
CUST-02886,Thomas Johnson,Male,0,39,Yes,No,2,Month-to-month,118.67,209.34,Mailed check,Fiber optic,Yes,Yes,Yes,No,No,Yes,Yes,Yes,No
CUST-02887,David Jones,Female,0,48,Yes,No,61,Two year,105.27,6455.74,Electronic check,DSL,Yes,No,Yes,Yes,Yes,Yes,Yes,Yes,No
CUST-02888,Barbara Sanchez,Male,0,41,No,No,7,Month-to-month,122.86,872.99,Electronic check,Fiber optic,Yes,Yes,No,Yes,No,Yes,Yes,Yes,Yes
CUST-02889,Lisa Ramirez,Male,0,42,Yes,Yes,41,Two year,92.76,3805.83,Electronic check,Fiber optic,Yes,Yes,Yes,No,No,No,No,No,No
CUST-02890,Daniel Hernandez,Female,0,26,No,No,7,Month-to-month,73.36,539.73,Bank transfer,DSL,Yes,No,Yes,Yes,No,No,No,Yes,No
CUST-02891,Joshua Perez,Male,0,40,Yes,Yes,7,Month-to-month,72.48,530.22,Bank transfer,DSL,Yes,No,Yes,No,No,No,No,No,No
CUST-02892,Donald Martin,Male,0,19,No,Yes,3,Month-to-month,93.11,328.47,Bank transfer,DSL,Yes,Yes,Yes,Yes,No,Yes,No,Yes,Yes
CUST-02893,Thomas Martinez,Male,0,38,No,Yes,9,One year,105.43,977.11,Electronic check,Fiber optic,Yes,Yes,Yes,No,No,No,Yes,Yes,Yes
CUST-02894,Patricia Flores,Male,0,27,Yes,No,39,Two year,27.5,1096.06,Electronic check,No,Yes,No internet service,No internet service,No internet service,No internet service,No internet service,No internet service,Yes,Yes
CUST-02895,Nancy Taylor,Male,1,78,No,Yes,3,Month-to-month,55.87,166.79,Mailed check,DSL,Yes,No,No,No,No,No,No,Yes,No
CUST-02896,Michael Nguyen,Female,0,50,Yes,No,24,One year,31.2,762.88,Electronic check,No,Yes,No internet service,No internet service,No internet service,No internet service,No internet service,No internet service,Yes,No
CUST-02897,Betty Taylor,Female,0,51,Yes,Yes,4,Month-to-month,94.13,352.42,Electronic check,Fiber optic,Yes,Yes,No,No,Yes,No,No,Yes,Yes
CUST-02898,Susan Hernandez,Female,0,42,Yes,No,8,Month-to-month,65.88,545.43,Electronic check,DSL,Yes,Yes,No,Yes,No,No,No,Yes,Yes
CUST-02899,Christopher Garcia,Male,0,51,No,No,3,Month-to-month,76.76,193.64,Mailed check,DSL,Yes,No,Yes,No,No,Yes,No,No,Yes
CUST-02900,Karen Robinson,Male,0,56,Yes,Yes,45,One year,88.73,4024.74,Electronic check,DSL,Yes,Yes,Yes,No,No,No,Yes,No,Yes
CUST-02901,Patricia Taylor,Female,0,52,Yes,Yes,1,Month-to-month,29.54,53.85,Mailed check,No,Yes,No internet service,No internet service,No internet service,No internet service,No internet service,No internet service,No,Yes
CUST-02902,Andrew Flores,Female,0,44,No,No,6,Month-to-month,91.96,572.19,Electronic check,Fiber optic,Yes,No,No,No,No,Yes,Yes,Yes,Yes
CUST-02903,William Hernandez,Female,0,42,No,No,5,Month-to-month,106.99,567.42,Bank transfer,Fiber optic,Yes,No,No,Yes,No,Yes,Yes,Yes,Yes
CUST-02904,Elizabeth Jones,Male,0,51,Yes,Yes,9,Month-to-month,85.26,725.13,Bank transfer,DSL,Yes,No,Yes,No,Yes,Yes,No,Yes,No
CUST-02905,Paul Smith,Male,1,71,Yes,No,3,Month-to-month,120.52,387.23,Credit card,Fiber optic,Yes,Yes,Yes,No,No,Yes,Yes,Yes,Yes
CUST-02906,Kimberly Jones,Female,0,63,No,No,24,One year,89.93,2132.57,Credit card,Fiber optic,Yes,No,No,No,No,Yes,Yes,Yes,No
CUST-02907,Jessica Ramirez,Male,0,19,No,Yes,55,Two year,82.24,4519.14,Bank transfer,DSL,Yes,No,Yes,No,Yes,No,Yes,Yes,No
CUST-02908,Anthony Taylor,Male,0,18,No,Yes,3,Month-to-month,94.46,243.5,Electronic check,Fiber optic,No,No,Yes,Yes,Yes,No,Yes,Yes,Yes
CUST-02909,Donald Flores,Male,0,50,No,No,1,Month-to-month,23.17,60.28,Bank transfer,No,No,No internet service,No internet service,No internet service,No internet service,No internet service,No internet service,Yes,No
CUST-02910,Richard Williams,Female,0,49,Yes,No,10,Month-to-month,77.88,767.73,Mailed check,Fiber optic,Yes,No,No,Yes,No,No,No,Yes,Yes
CUST-02911,Karen Taylor,Male,0,28,No,No,9,One year,74.16,666.76,Bank transfer,DSL,Yes,No,No,No,Yes,Yes,No,Yes,No
CUST-02912,Mark Davis,Male,0,64,No,Yes,1,Month-to-month,99.86,143.46,Bank transfer,Fiber optic,Yes,No,No,Yes,Yes,No,No,Yes,Yes
CUST-02913,Nancy Nguyen,Female,0,57,No,Yes,7,Month-to-month,76.31,548.92,Electronic check,DSL,Yes,Yes,No,No,No,Yes,No,No,No
CUST-02914,Jennifer Hernandez,Male,0,56,Yes,No,29,Two year,38.73,1105.51,Bank transfer,No,Yes,No internet service,No internet service,No internet service,No internet service,No internet service,No internet service,Yes,No
CUST-02915,Susan Ramirez,Male,0,56,No,Yes,41,Two year,100.09,4134.79,Credit card,Fiber optic,Yes,Yes,Yes,No,Yes,No,No,No,No
CUST-02916,Mary Moore,Female,0,32,Yes,No,13,Two year,88.88,1166.37,Electronic check,DSL,Yes,Yes,No,Yes,Yes,Yes,No,Yes,No
CUST-02917,Donald Clark,Male,0,64,No,No,28,One year,84.63,2342.93,Bank transfer,DSL,Yes,Yes,Yes,No,No,No,Yes,Yes,No
CUST-02918,Steven Jones,Female,0,33,Yes,No,8,Month-to-month,101.16,844.64,Bank transfer,Fiber optic,Yes,No,No,No,Yes,Yes,Yes,No,Yes
CUST-02919,David Davis,Female,0,31,No,Yes,7,Month-to-month,89.18,601.23,Electronic check,DSL,Yes,Yes,Yes,Yes,No,No,No,Yes,No
CUST-02920,Karen Ramirez,Male,0,27,No,No,1,Month-to-month,105.14,105.14,Mailed check,Fiber optic,Yes,Yes,Yes,Yes,No,No,Yes,No,Yes
CUST-02921,Joshua Flores,Male,0,34,No,No,4,Month-to-month,108.8,423.03,Bank transfer,Fiber optic,Yes,Yes,Yes,Yes,No,No,Yes,Yes,Yes
CUST-02922,Elizabeth Walker,Male,0,56,No,No,66,Two year,83.55,5468.1,Mailed check,Fiber optic,Yes,No,No,No,No,No,No,Yes,Yes
CUST-02923,Matthew Johnson,Female,0,47,No,No,65,Two year,105.62,6823.75,Bank transfer,Fiber optic,Yes,Yes,No,Yes,Yes,No,No,No,No
CUST-02924,Daniel Miller,Female,1,78,Yes,No,30,Two year,101.49,3070.11,Credit card,DSL,Yes,Yes,Yes,Yes,Yes,Yes,Yes,Yes,No
CUST-02925,Joshua Brown,Male,0,55,Yes,No,6,Month-to-month,125.29,706.16,Mailed check,Fiber optic,Yes,Yes,Yes,No,Yes,Yes,Yes,No,Yes
CUST-02926,Anthony Nguyen,Female,0,47,Yes,No,33,Two year,26.67,927.0,Credit card,No,Yes,No internet service,No internet service,No internet service,No internet service,No internet service,No internet service,No,No
CUST-02927,Michelle Thomas,Female,0,61,No,Yes,4,Month-to-month,95.69,407.68,Electronic check,DSL,Yes,Yes,Yes,No,Yes,No,No,No,No
CUST-02928,Mary Anderson,Female,0,59,Yes,Yes,12,One year,111.96,1303.11,Electronic check,Fiber optic,Yes,No,Yes,No,No,Yes,Yes,No,No
CUST-02929,Michelle Flores,Male,0,26,No,Yes,9,Month-to-month,93.81,891.04,Mailed check,Fiber optic,Yes,No,Yes,Yes,No,No,No,No,Yes
CUST-02930,Donald Robinson,Female,0,32,No,No,26,Two year,96.65,2523.38,Credit card,Fiber optic,No,No,Yes,Yes,No,Yes,No,No,No
CUST-02931,Donald Flores,Female,0,19,Yes,Yes,9,Month-to-month,91.87,835.63,Mailed check,DSL,Yes,Yes,Yes,No,Yes,Yes,Yes,Yes,Yes
CUST-02932,Mark Lee,Female,0,31,Yes,No,1,Month-to-month,34.87,34.87,Credit card,No,Yes,No internet service,No internet service,No internet service,No internet service,No internet service,No internet service,Yes,Yes
CUST-02933,Charles Davis,Male,0,41,No,No,9,Month-to-month,87.28,808.18,Electronic check,Fiber optic,Yes,No,No,Yes,No,No,Yes,No,Yes
CUST-02934,Joshua Lopez,Male,0,56,No,Yes,11,Month-to-month,75.72,811.09,Credit card,DSL,Yes,No,Yes,No,No,Yes,No,No,No
CUST-02935,Robert Smith,Female,0,40,Yes,No,9,Month-to-month,31.65,295.64,Electronic check,No,Yes,No internet service,No internet service,No internet service,No internet service,No internet service,No internet service,Yes,Yes
CUST-02936,Paul Williams,Male,0,64,Yes,Yes,4,Month-to-month,106.24,430.82,Mailed check,Fiber optic,Yes,No,Yes,Yes,Yes,No,No,No,Yes
CUST-02937,Joseph Scott,Male,0,42,Yes,Yes,8,Month-to-month,52.33,402.77,Mailed check,DSL,Yes,No,No,No,No,No,No,Yes,Yes
CUST-02938,Mark Smith,Male,0,35,No,No,11,Month-to-month,30.27,299.02,Bank transfer,No,Yes,No internet service,No internet service,No internet service,No internet service,No internet service,No internet service,No,No
CUST-02939,Patricia Thompson,Female,0,42,No,No,40,One year,70.96,2857.23,Electronic check,DSL,Yes,No,Yes,Yes,No,Yes,No,Yes,No
CUST-02940,Elizabeth Miller,Male,0,52,Yes,No,18,Two year,110.48,1970.96,Bank transfer,Fiber optic,Yes,Yes,Yes,Yes,No,Yes,No,Yes,No
CUST-02941,Mark Johnson,Male,0,46,No,No,20,Two year,30.69,618.64,Electronic check,No,Yes,No internet service,No internet service,No internet service,No internet service,No internet service,No internet service,No,No
CUST-02942,John Martin,Male,0,56,Yes,No,59,Two year,22.1,1255.02,Electronic check,No,No,No internet service,No internet service,No internet service,No internet service,No internet service,No internet service,Yes,No
CUST-02943,Nancy Garcia,Male,0,38,Yes,No,8,Month-to-month,94.96,749.06,Credit card,DSL,Yes,Yes,No,No,Yes,Yes,Yes,Yes,Yes
CUST-02944,William Moore,Male,0,29,No,Yes,11,Month-to-month,113.74,1217.12,Credit card,Fiber optic,Yes,Yes,Yes,Yes,No,Yes,No,No,Yes
CUST-02945,Barbara Martinez,Female,0,30,Yes,Yes,37,One year,75.13,2776.74,Credit card,DSL,Yes,No,No,No,Yes,Yes,No,Yes,No
CUST-02946,Elizabeth Flores,Male,0,52,Yes,No,11,Month-to-month,94.05,1024.22,Bank transfer,Fiber optic,Yes,Yes,Yes,Yes,No,No,No,Yes,Yes
CUST-02947,Patricia Martinez,Male,1,77,No,No,38,Two year,74.25,2818.32,Bank transfer,Fiber optic,Yes,No,No,No,No,No,No,Yes,Yes
CUST-02948,Lisa Nguyen,Female,0,64,No,No,8,Month-to-month,96.53,757.73,Electronic check,Fiber optic,Yes,Yes,Yes,No,No,Yes,No,Yes,Yes
CUST-02949,Susan Perez,Male,0,21,No,Yes,9,Month-to-month,31.25,295.81,Electronic check,No,Yes,No internet service,No internet service,No internet service,No internet service,No internet service,No internet service,Yes,Yes
CUST-02950,Linda Miller,Female,1,80,Yes,No,15,One year,90.44,1319.65,Electronic check,Fiber optic,Yes,No,No,Yes,No,No,No,No,No
CUST-02951,Steven Hernandez,Female,1,73,Yes,No,6,Month-to-month,25.58,132.94,Bank transfer,No,No,No internet service,No internet service,No internet service,No internet service,No internet service,No internet service,Yes,Yes
CUST-02952,Elizabeth Thompson,Male,0,52,Yes,No,5,Month-to-month,37.15,199.8,Credit card,No,Yes,No internet service,No internet service,No internet service,No internet service,No internet service,No internet service,Yes,Yes
CUST-02953,Donald Thomas,Female,0,34,Yes,No,10,Month-to-month,70.69,677.15,Mailed check,DSL,Yes,No,No,No,No,Yes,No,No,No
CUST-02954,Ashley Martinez,Female,1,80,Yes,No,6,Month-to-month,93.74,553.42,Credit card,DSL,Yes,Yes,No,No,No,Yes,Yes,No,No
CUST-02955,Christopher Davis,Female,0,49,No,Yes,17,One year,96.1,1616.48,Mailed check,DSL,Yes,Yes,No,Yes,Yes,Yes,Yes,No,No
CUST-02956,Betty Jackson,Male,1,68,Yes,Yes,26,One year,91.72,2429.5,Bank transfer,Fiber optic,Yes,Yes,No,No,No,No,Yes,No,No
CUST-02957,Jessica Miller,Male,0,38,Yes,No,11,One year,105.19,1199.18,Credit card,Fiber optic,Yes,No,Yes,Yes,Yes,No,Yes,No,No
CUST-02958,Sandra White,Female,0,49,Yes,No,4,Month-to-month,59.76,208.22,Credit card,DSL,Yes,No,No,No,No,Yes,No,No,Yes
CUST-02959,Jessica Sanchez,Male,0,58,No,No,3,Month-to-month,89.61,249.98,Mailed check,Fiber optic,Yes,Yes,No,No,No,No,No,No,No
CUST-02960,Michael Martin,Male,0,63,No,Yes,4,Month-to-month,115.11,445.07,Mailed check,Fiber optic,Yes,No,Yes,Yes,Yes,Yes,Yes,No,No
CUST-02961,Andrew Wright,Female,0,30,Yes,No,9,Month-to-month,32.61,325.07,Mailed check,No,Yes,No internet service,No internet service,No internet service,No internet service,No internet service,No internet service,Yes,No
CUST-02962,Christopher Davis,Female,0,46,No,Yes,8,Month-to-month,90.76,715.6,Bank transfer,Fiber optic,Yes,Yes,No,Yes,No,Yes,No,No,Yes
CUST-02963,Emily Allen,Female,0,62,Yes,Yes,5,Month-to-month,107.11,545.55,Credit card,Fiber optic,No,Yes,Yes,Yes,No,No,No,No,Yes
CUST-02964,Thomas Clark,Female,0,41,No,No,2,Month-to-month,86.03,168.0,Credit card,Fiber optic,Yes,No,No,Yes,No,No,No,No,Yes
CUST-02965,Matthew Scott,Male,0,37,Yes,No,23,One year,61.07,1431.09,Mailed check,DSL,Yes,No,No,No,No,No,No,Yes,No
CUST-02966,Paul Taylor,Male,0,20,Yes,No,11,Month-to-month,71.61,801.9,Electronic check,Fiber optic,Yes,No,No,No,No,No,No,No,Yes
CUST-02967,Daniel Miller,Male,0,58,No,Yes,26,Two year,28.42,703.01,Credit card,No,Yes,No internet service,No internet service,No internet service,No internet service,No internet service,No internet service,No,No
CUST-02968,Jennifer Moore,Female,0,62,Yes,Yes,26,One year,101.64,2595.97,Mailed check,Fiber optic,Yes,No,Yes,No,No,Yes,No,Yes,Yes
CUST-02969,Kimberly Allen,Male,0,38,No,No,4,Month-to-month,30.3,90.96,Mailed check,No,Yes,No internet service,No internet service,No internet service,No internet service,No internet service,No internet service,No,No
CUST-02970,Michael Wilson,Male,0,56,Yes,No,24,One year,89.3,2192.4,Credit card,DSL,Yes,Yes,Yes,No,Yes,Yes,No,No,No
CUST-02971,Jennifer Taylor,Female,0,28,No,No,23,One year,50.52,1181.97,Electronic check,DSL,Yes,No,No,No,No,No,No,Yes,No
CUST-02972,Michael Lopez,Female,1,74,No,No,9,Month-to-month,95.65,893.03,Credit card,Fiber optic,Yes,Yes,No,No,Yes,No,Yes,No,No
CUST-02973,Patricia Nguyen,Female,1,78,Yes,No,2,Month-to-month,87.38,127.62,Electronic check,Fiber optic,Yes,No,No,No,Yes,No,No,No,Yes
CUST-02974,Linda Hill,Female,0,51,Yes,Yes,45,One year,84.46,3848.48,Credit card,Fiber optic,Yes,No,No,No,No,Yes,No,Yes,Yes
CUST-02975,Emily Hill,Male,0,63,Yes,No,4,Month-to-month,60.15,210.31,Mailed check,DSL,Yes,Yes,No,No,No,No,No,Yes,No
CUST-02976,Andrew Thomas,Male,0,50,No,No,26,One year,98.68,2515.74,Mailed check,Fiber optic,Yes,No,Yes,No,Yes,No,No,Yes,No
CUST-02977,Michelle Gonzalez,Male,1,68,Yes,No,3,Month-to-month,101.08,290.38,Credit card,Fiber optic,Yes,Yes,Yes,No,No,No,Yes,Yes,Yes
CUST-02978,Mark Young,Male,1,65,Yes,No,4,Month-to-month,86.89,356.71,Electronic check,DSL,Yes,Yes,Yes,No,Yes,No,No,Yes,No
CUST-02979,William Walker,Female,0,44,Yes,No,25,One year,92.79,2318.33,Electronic check,DSL,Yes,No,Yes,Yes,Yes,Yes,No,Yes,No
CUST-02980,Michael Lopez,Female,0,42,Yes,No,2,Month-to-month,38.83,119.58,Credit card,No,Yes,No internet service,No internet service,No internet service,No internet service,No internet service,No internet service,No,Yes
CUST-02981,Susan Miller,Female,0,41,Yes,Yes,4,Month-to-month,98.09,438.28,Credit card,Fiber optic,Yes,No,Yes,No,No,Yes,Yes,Yes,No
CUST-02982,David Flores,Female,0,46,No,No,34,One year,80.16,2698.98,Credit card,Fiber optic,Yes,No,No,No,No,Yes,No,No,Yes
CUST-02983,Paul White,Male,0,36,No,No,1,Month-to-month,98.57,98.57,Electronic check,Fiber optic,Yes,No,Yes,Yes,No,Yes,No,Yes,Yes
CUST-02984,Christopher Robinson,Male,0,64,Yes,No,2,Month-to-month,81.03,193.14,Mailed check,DSL,Yes,No,No,Yes,Yes,No,Yes,Yes,Yes
CUST-02985,Margaret Jackson,Male,0,56,Yes,Yes,56,Two year,77.83,4334.03,Mailed check,Fiber optic,Yes,No,Yes,No,No,No,No,Yes,No
CUST-02986,Matthew Taylor,Male,1,72,No,No,10,Month-to-month,36.39,365.54,Mailed check,No,Yes,No internet service,No internet service,No internet service,No internet service,No internet service,No internet service,Yes,No
CUST-02987,Barbara King,Female,0,33,Yes,No,3,Month-to-month,75.43,206.96,Bank transfer,DSL,No,No,Yes,Yes,Yes,No,No,No,No
CUST-02988,Joseph Hill,Female,1,79,Yes,No,50,Two year,87.7,4376.66,Credit card,DSL,Yes,Yes,No,No,Yes,Yes,No,No,No
CUST-02989,John Hill,Female,0,37,No,No,46,One year,93.24,4324.26,Mailed check,DSL,Yes,Yes,No,Yes,No,Yes,Yes,Yes,Yes
CUST-02990,Sarah Wright,Male,0,55,Yes,No,9,One year,82.45,726.87,Bank transfer,DSL,Yes,No,No,Yes,Yes,No,No,No,Yes
CUST-02991,Karen Hill,Female,1,83,No,No,5,Month-to-month,102.28,559.71,Mailed check,Fiber optic,Yes,No,No,Yes,Yes,Yes,No,No,Yes
CUST-02992,Sandra Lopez,Male,0,26,No,No,11,Month-to-month,32.19,324.33,Credit card,No,Yes,No internet service,No internet service,No internet service,No internet service,No internet service,No internet service,No,No
CUST-02993,Kimberly Wright,Female,0,50,No,No,16,Two year,36.88,540.41,Electronic check,No,Yes,No internet service,No internet service,No internet service,No internet service,No internet service,No internet service,Yes,No
CUST-02994,Donna Martinez,Male,0,30,Yes,No,2,Month-to-month,85.53,163.0,Electronic check,Fiber optic,Yes,No,Yes,No,No,No,No,No,No
CUST-02995,Linda Martinez,Female,0,25,Yes,Yes,52,Two year,111.45,5842.18,Electronic check,Fiber optic,Yes,Yes,Yes,No,Yes,Yes,Yes,Yes,No
CUST-02996,Jessica Garcia,Female,1,80,Yes,No,6,One year,93.27,517.78,Credit card,Fiber optic,Yes,No,No,Yes,Yes,No,Yes,Yes,No
CUST-02997,Christopher Lee,Female,0,52,No,No,16,Two year,94.95,1486.02,Electronic check,DSL,Yes,No,No,Yes,Yes,Yes,Yes,No,No
CUST-02998,Robert Thompson,Male,0,36,Yes,No,3,Month-to-month,33.94,90.02,Bank transfer,No,Yes,No internet service,No internet service,No internet service,No internet service,No internet service,No internet service,No,No
CUST-02999,Richard Allen,Male,1,68,No,No,11,Month-to-month,99.95,1122.52,Bank transfer,Fiber optic,Yes,No,Yes,Yes,Yes,Yes,No,No,Yes
CUST-03000,Margaret Hill,Male,0,41,Yes,No,57,Two year,82.43,4719.57,Credit card,DSL,Yes,Yes,Yes,Yes,No,Yes,No,No,No
CUST-04001,Andrew Wilson,Male,0,29,No,Yes,31,One year,34.29,1017.11,Bank transfer,No,Yes,No internet service,No internet service,No internet service,No internet service,No internet service,No internet service,Yes,No
CUST-04002,Susan Martinez,Female,0,59,Yes,No,29,Two year,69.93,2010.4,Bank transfer,DSL,Yes,No,No,No,Yes,No,No,Yes,No
CUST-04003,Matthew Wilson,Male,1,76,No,No,38,Two year,108.92,4122.51,Bank transfer,Fiber optic,Yes,Yes,No,No,No,Yes,Yes,Yes,No
CUST-04004,Robert Martinez,Female,0,46,No,No,3,Month-to-month,74.2,208.75,Mailed check,DSL,Yes,Yes,No,Yes,No,No,No,Yes,Yes
CUST-04005,Joshua Johnson,Female,0,37,Yes,No,5,Month-to-month,77.99,379.5,Mailed check,Fiber optic,No,No,Yes,No,No,No,No,Yes,Yes
CUST-04006,Anthony Perez,Female,1,84,No,No,38,Two year,85.88,3251.07,Credit card,Fiber optic,Yes,No,No,Yes,No,No,No,Yes,Yes
CUST-04007,Sandra Martin,Female,1,80,Yes,Yes,1,Month-to-month,81.87,120.01,Mailed check,DSL,Yes,Yes,Yes,No,No,No,Yes,Yes,Yes
CUST-04008,Michael Ramirez,Female,0,24,Yes,No,40,One year,71.39,2878.66,Mailed check,DSL,Yes,No,Yes,No,No,No,Yes,No,Yes
CUST-04009,Daniel Lewis,Male,0,37,No,No,9,One year,109.58,961.14,Bank transfer,Fiber optic,Yes,Yes,Yes,No,Yes,No,No,Yes,No
CUST-04010,Jennifer Williams,Male,0,30,No,No,64,Two year,82.5,5284.61,Credit card,Fiber optic,Yes,No,Yes,No,No,No,No,Yes,No
CUST-04011,Emily Nguyen,Male,0,42,Yes,No,41,One year,83.63,3389.28,Electronic check,DSL,Yes,Yes,Yes,Yes,No,Yes,No,Yes,No
CUST-04012,Emily Torres,Female,0,31,No,No,35,One year,86.02,3003.14,Credit card,DSL,Yes,No,Yes,No,Yes,Yes,Yes,Yes,No
CUST-04013,Christopher Taylor,Male,0,61,No,Yes,37,Two year,97.71,3663.48,Mailed check,Fiber optic,Yes,No,No,No,Yes,Yes,No,Yes,No
CUST-04014,Mark Moore,Male,0,58,No,Yes,11,Month-to-month,81.04,848.51,Electronic check,Fiber optic,Yes,No,No,No,No,No,Yes,Yes,Yes
CUST-04015,Donald Ramirez,Female,0,59,No,Yes,4,Month-to-month,108.66,403.88,Electronic check,Fiber optic,Yes,Yes,No,Yes,Yes,No,No,Yes,Yes
CUST-04016,Michael Nguyen,Male,0,21,No,No,47,One year,113.08,5316.67,Mailed check,Fiber optic,Yes,Yes,Yes,Yes,No,No,No,Yes,No
CUST-04017,James Gonzalez,Female,0,57,No,No,23,Two year,91.05,2136.83,Mailed check,Fiber optic,Yes,No,Yes,Yes,No,No,No,Yes,No
CUST-04018,Donna Lee,Male,0,44,No,Yes,8,Month-to-month,83.11,646.7,Electronic check,DSL,Yes,Yes,Yes,No,No,No,Yes,Yes,No
CUST-04019,Patricia Rodriguez,Male,0,21,Yes,No,1,Month-to-month,110.33,110.33,Credit card,Fiber optic,Yes,Yes,Yes,No,Yes,No,Yes,No,Yes
CUST-04020,Christopher Jackson,Male,0,34,No,No,7,Month-to-month,109.99,733.25,Bank transfer,Fiber optic,Yes,Yes,Yes,Yes,Yes,No,Yes,No,No
CUST-04021,Emily Flores,Female,0,30,No,No,22,One year,76.31,1717.24,Electronic check,DSL,Yes,Yes,Yes,No,No,No,No,Yes,No
CUST-04022,Lisa Lee,Female,0,58,No,No,1,Month-to-month,82.28,82.51,Mailed check,DSL,Yes,Yes,No,No,Yes,Yes,No,Yes,No
CUST-04023,Michael Allen,Female,0,59,No,No,18,Two year,16.74,263.57,Credit card,No,No,No internet service,No internet service,No internet service,No internet service,No internet service,No internet service,Yes,No
CUST-04024,Thomas Hernandez,Female,0,35,No,No,12,One year,75.88,928.21,Mailed check,DSL,Yes,Yes,No,No,No,Yes,No,Yes,No
CUST-04025,Mark Davis,Male,0,33,Yes,No,21,One year,33.95,737.24,Bank transfer,No,Yes,No internet service,No internet service,No internet service,No internet service,No internet service,No internet service,Yes,No
CUST-04026,Sandra Ramirez,Male,0,23,Yes,Yes,22,One year,121.38,2639.22,Mailed check,Fiber optic,Yes,Yes,Yes,Yes,Yes,Yes,No,Yes,No
CUST-04027,Linda Scott,Female,0,23,No,No,4,Month-to-month,87.73,377.94,Credit card,DSL,Yes,Yes,Yes,Yes,No,No,No,No,No
CUST-04028,Mary Moore,Female,1,68,No,No,3,Month-to-month,84.65,232.53,Credit card,Fiber optic,Yes,No,Yes,No,No,No,No,No,No
CUST-04029,Matthew Moore,Male,1,65,Yes,No,31,One year,55.03,1708.88,Bank transfer,DSL,Yes,No,No,No,No,No,No,Yes,No
CUST-04030,Donna Smith,Female,0,25,Yes,No,3,Month-to-month,98.54,330.08,Credit card,Fiber optic,Yes,Yes,Yes,Yes,No,No,No,No,Yes
CUST-04031,Charles Flores,Female,0,39,Yes,Yes,38,Two year,73.35,2830.85,Electronic check,DSL,Yes,Yes,No,No,No,No,No,Yes,Yes
CUST-04032,Andrew Hernandez,Male,0,26,Yes,No,7,Month-to-month,108.97,755.42,Mailed check,Fiber optic,Yes,No,Yes,Yes,No,Yes,No,Yes,Yes
CUST-04033,Paul Nguyen,Female,0,63,No,No,25,One year,94.72,2319.71,Electronic check,DSL,Yes,Yes,No,No,Yes,Yes,Yes,No,No
CUST-04034,Christopher Jones,Male,0,40,No,Yes,3,Month-to-month,81.6,231.87,Electronic check,Fiber optic,Yes,No,No,No,No,Yes,No,Yes,Yes
CUST-04035,Linda Nguyen,Male,0,28,Yes,Yes,11,Month-to-month,75.74,798.38,Credit card,DSL,Yes,Yes,No,No,No,Yes,No,No,No
CUST-04036,Jennifer Young,Female,0,18,Yes,No,8,Month-to-month,37.88,291.92,Bank transfer,No,Yes,No internet service,No internet service,No internet service,No internet service,No internet service,No internet service,No,No
CUST-04037,Patricia Hernandez,Male,0,41,No,No,6,One year,77.63,419.47,Electronic check,DSL,Yes,Yes,Yes,No,No,No,No,Yes,No
CUST-04038,Mark Martin,Female,0,58,Yes,No,32,Two year,90.87,2916.09,Electronic check,Fiber optic,Yes,Yes,No,No,No,Yes,No,No,Yes
CUST-04039,Sandra Taylor,Female,0,48,No,Yes,3,Month-to-month,26.5,85.25,Mailed check,No,Yes,No internet service,No internet service,No internet service,No internet service,No internet service,No internet service,Yes,No
CUST-04040,Steven Gonzalez,Female,0,63,No,Yes,31,One year,101.19,3123.43,Bank transfer,Fiber optic,No,Yes,Yes,No,Yes,No,No,No,No
CUST-04041,William Anderson,Female,0,59,No,No,3,Month-to-month,26.04,53.44,Mailed check,No,Yes,No internet service,No internet service,No internet service,No internet service,No internet service,No internet service,Yes,No
CUST-04042,Barbara Sanchez,Male,0,62,Yes,No,39,One year,34.23,1304.09,Bank transfer,No,Yes,No internet service,No internet service,No internet service,No internet service,No internet service,No internet service,Yes,No
CUST-04043,Jessica Young,Male,0,19,No,No,9,Month-to-month,88.62,771.24,Credit card,Fiber optic,Yes,No,No,No,Yes,Yes,No,Yes,Yes
CUST-04044,Barbara Martin,Male,0,45,No,No,7,Month-to-month,27.74,198.87,Mailed check,No,Yes,No internet service,No internet service,No internet service,No internet service,No internet service,No internet service,Yes,Yes
CUST-04045,Matthew Lee,Male,0,61,Yes,No,10,Month-to-month,29.76,279.48,Bank transfer,No,No,No internet service,No internet service,No internet service,No internet service,No internet service,No internet service,Yes,No
CUST-04046,Michelle Nguyen,Male,1,76,Yes,Yes,51,Two year,71.26,3674.61,Bank transfer,DSL,No,Yes,Yes,No,No,Yes,No,No,No
CUST-04047,Nancy Jones,Female,0,51,No,Yes,8,Month-to-month,126.88,977.96,Mailed check,Fiber optic,Yes,Yes,Yes,No,Yes,Yes,Yes,Yes,Yes
CUST-04048,Lisa Allen,Female,0,46,No,No,15,Two year,113.31,1693.12,Bank transfer,Fiber optic,Yes,Yes,No,Yes,No,Yes,No,Yes,No
CUST-04049,Ashley Lee,Male,0,54,No,No,17,One year,89.24,1516.21,Mailed check,Fiber optic,Yes,No,No,No,Yes,No,No,Yes,No
CUST-04050,Jennifer Walker,Male,0,59,No,No,7,Month-to-month,97.68,648.4,Credit card,Fiber optic,Yes,No,No,No,Yes,No,Yes,Yes,No
CUST-04051,Donald Taylor,Male,0,20,Yes,Yes,25,One year,93.4,2308.69,Electronic check,Fiber optic,Yes,No,Yes,No,No,No,No,Yes,No
CUST-04052,Andrew Sanchez,Female,0,28,No,Yes,8,Month-to-month,72.0,561.51,Credit card,DSL,Yes,Yes,Yes,No,No,No,No,No,No
CUST-04053,Karen Torres,Male,0,50,No,No,9,Month-to-month,95.55,842.06,Bank transfer,Fiber optic,Yes,Yes,No,Yes,Yes,No,No,Yes,No
CUST-04054,Karen Garcia,Female,1,69,No,Yes,51,Two year,38.31,1911.32,Electronic check,No,Yes,No internet service,No internet service,No internet service,No internet service,No internet service,No internet service,Yes,No
CUST-04055,Sarah Davis,Female,0,26,No,Yes,23,One year,53.62,1280.75,Mailed check,DSL,No,No,No,Yes,Yes,No,No,Yes,No
CUST-04056,Ashley Torres,Male,0,40,Yes,No,41,Two year,75.24,3075.66,Credit card,DSL,Yes,Yes,Yes,Yes,No,No,No,Yes,No
CUST-04057,Sandra Taylor,Male,0,52,No,No,27,One year,95.38,2537.04,Bank transfer,Fiber optic,Yes,Yes,No,Yes,Yes,No,No,No,Yes
CUST-04058,Betty Davis,Male,0,32,Yes,Yes,17,One year,35.81,643.62,Mailed check,No,Yes,No internet service,No internet service,No internet service,No internet service,No internet service,No internet service,No,No
CUST-04059,Richard Taylor,Male,0,53,No,No,10,Month-to-month,80.43,764.29,Bank transfer,Fiber optic,No,No,No,No,No,Yes,Yes,No,Yes
CUST-04060,Matthew Jackson,Male,0,44,No,No,1,Month-to-month,89.05,103.73,Electronic check,Fiber optic,Yes,No,No,No,Yes,No,No,Yes,Yes
CUST-04061,Joshua Ramirez,Male,0,38,No,Yes,36,One year,99.86,3567.52,Credit card,DSL,Yes,Yes,Yes,Yes,Yes,No,Yes,Yes,No
CUST-04062,Kimberly Young,Female,0,27,No,No,17,Two year,52.48,914.82,Bank transfer,DSL,Yes,No,No,No,No,No,No,Yes,No
CUST-04063,Steven Martinez,Male,0,20,Yes,No,9,Month-to-month,83.16,702.54,Electronic check,DSL,Yes,Yes,Yes,No,Yes,No,No,No,No
CUST-04064,Emily Johnson,Female,0,28,No,No,62,Two year,56.46,3466.29,Credit card,DSL,No,Yes,Yes,No,No,No,No,Yes,No
CUST-04065,Ashley Brown,Female,0,58,No,No,52,Two year,79.31,4132.05,Credit card,Fiber optic,Yes,No,No,No,No,Yes,No,Yes,No
CUST-04066,Daniel Hernandez,Male,0,38,No,Yes,8,Month-to-month,34.28,288.1,Credit card,No,Yes,No internet service,No internet service,No internet service,No internet service,No internet service,No internet service,No,No
CUST-04067,Jennifer Moore,Female,0,49,Yes,No,5,Month-to-month,30.14,169.99,Credit card,No,Yes,No internet service,No internet service,No internet service,No internet service,No internet service,No internet service,Yes,No
CUST-04068,Donald Thomas,Female,0,48,No,Yes,10,One year,36.71,334.09,Bank transfer,No,Yes,No internet service,No internet service,No internet service,No internet service,No internet service,No internet service,Yes,No
CUST-04069,Sarah Perez,Male,0,54,No,Yes,8,Month-to-month,92.75,779.26,Bank transfer,Fiber optic,Yes,No,Yes,No,Yes,No,No,Yes,Yes
CUST-04070,Donna Thompson,Male,0,36,Yes,No,19,One year,80.1,1570.76,Electronic check,Fiber optic,Yes,No,No,No,No,No,No,Yes,No
CUST-04071,Christopher Harris,Male,0,53,Yes,No,67,Two year,70.98,4772.63,Credit card,DSL,Yes,No,No,Yes,No,No,No,No,No
CUST-04072,Andrew Young,Male,0,60,No,No,24,One year,105.65,2584.92,Bank transfer,Fiber optic,Yes,No,Yes,No,No,Yes,Yes,No,No
CUST-04073,Betty Williams,Female,0,33,No,Yes,7,One year,27.21,232.65,Bank transfer,No,Yes,No internet service,No internet service,No internet service,No internet service,No internet service,No internet service,Yes,No
CUST-04074,Ashley Torres,Male,0,40,Yes,Yes,4,Month-to-month,90.22,374.96,Bank transfer,Fiber optic,No,Yes,No,No,Yes,Yes,No,No,Yes
CUST-04075,Susan Sanchez,Male,0,63,Yes,No,15,One year,64.57,1000.98,Mailed check,DSL,Yes,Yes,No,No,No,Yes,No,Yes,No
CUST-04076,Joshua Johnson,Female,0,32,Yes,No,6,Month-to-month,119.34,731.43,Electronic check,Fiber optic,Yes,Yes,Yes,No,Yes,Yes,No,Yes,Yes
CUST-04077,Daniel White,Female,0,55,Yes,No,46,One year,85.59,3887.27,Credit card,DSL,Yes,Yes,No,Yes,Yes,No,Yes,Yes,No
CUST-04078,Sarah Johnson,Male,1,84,No,No,9,Month-to-month,85.08,728.85,Mailed check,Fiber optic,Yes,No,No,No,No,No,Yes,No,No
CUST-04079,Michelle Lewis,Female,0,20,No,No,9,Month-to-month,79.06,729.66,Bank transfer,Fiber optic,Yes,No,No,No,No,No,No,No,No
CUST-04080,Kimberly Lewis,Male,0,45,No,Yes,3,Month-to-month,34.02,95.98,Mailed check,No,Yes,No internet service,No internet service,No internet service,No internet service,No internet service,No internet service,No,Yes
CUST-04081,James Johnson,Male,0,31,Yes,Yes,9,Month-to-month,66.74,599.91,Credit card,DSL,Yes,No,Yes,Yes,No,No,No,Yes,No
CUST-04082,Karen Robinson,Male,0,43,Yes,No,65,Two year,96.24,6250.64,Credit card,Fiber optic,Yes,No,No,No,Yes,No,Yes,Yes,No
CUST-04083,Donna Nguyen,Male,0,31,No,No,11,Month-to-month,37.95,441.04,Bank transfer,No,Yes,No internet service,No internet service,No internet service,No internet service,No internet service,No internet service,No,No
CUST-04084,Matthew Moore,Female,0,27,Yes,Yes,6,Month-to-month,104.17,626.72,Credit card,Fiber optic,Yes,Yes,Yes,No,No,No,Yes,Yes,No
CUST-04085,David Flores,Male,0,19,Yes,No,4,Month-to-month,105.67,440.04,Mailed check,Fiber optic,Yes,Yes,No,No,Yes,No,Yes,No,Yes
CUST-04086,Sandra Williams,Male,0,28,Yes,No,3,Month-to-month,96.18,255.89,Electronic check,DSL,Yes,No,Yes,No,No,Yes,Yes,No,Yes
CUST-04087,Robert Perez,Male,0,51,No,Yes,6,Month-to-month,34.46,199.32,Bank transfer,No,Yes,No internet service,No internet service,No internet service,No internet service,No internet service,No internet service,Yes,No
CUST-04088,Margaret Lewis,Male,0,22,Yes,No,23,Two year,78.64,1811.11,Bank transfer,DSL,Yes,No,Yes,No,No,No,Yes,Yes,No
CUST-04089,Christopher Perez,Female,0,21,Yes,No,43,Two year,72.22,3103.95,Electronic check,DSL,Yes,Yes,No,No,No,Yes,No,Yes,No
CUST-04090,Mary Lopez,Male,0,64,Yes,Yes,20,One year,107.2,2193.13,Electronic check,Fiber optic,Yes,No,Yes,Yes,Yes,No,Yes,Yes,No
CUST-04091,Susan Allen,Male,0,21,Yes,Yes,3,Month-to-month,96.97,273.53,Electronic check,Fiber optic,No,Yes,No,Yes,Yes,No,No,Yes,Yes
CUST-04092,Paul Rodriguez,Male,0,46,Yes,No,6,Month-to-month,92.18,570.78,Mailed check,Fiber optic,Yes,Yes,No,No,No,Yes,No,Yes,Yes
CUST-04093,Sarah Nguyen,Male,0,33,No,No,4,Month-to-month,34.9,127.59,Mailed check,No,Yes,No internet service,No internet service,No internet service,No internet service,No internet service,No internet service,No,No
CUST-04094,Michael Clark,Male,0,49,Yes,No,5,Month-to-month,29.47,118.41,Credit card,No,Yes,No internet service,No internet service,No internet service,No internet service,No internet service,No internet service,Yes,No
CUST-04095,Sarah Robinson,Male,0,51,Yes,No,54,Two year,36.15,1982.85,Mailed check,No,Yes,No internet service,No internet service,No internet service,No internet service,No internet service,No internet service,No,No
CUST-04096,Michelle Lopez,Male,1,75,Yes,No,1,Month-to-month,98.42,98.42,Credit card,Fiber optic,Yes,Yes,Yes,No,Yes,No,No,No,Yes
CUST-04097,Linda Thompson,Female,0,48,Yes,No,3,Month-to-month,95.21,281.55,Mailed check,Fiber optic,Yes,Yes,No,No,Yes,No,Yes,Yes,Yes
CUST-04098,Joseph Lee,Female,1,78,No,No,4,Month-to-month,110.91,457.93,Mailed check,Fiber optic,Yes,Yes,No,No,Yes,Yes,Yes,Yes,No
CUST-04099,Richard Johnson,Male,0,43,Yes,No,34,Two year,109.96,3710.14,Mailed check,Fiber optic,Yes,No,No,No,Yes,Yes,Yes,Yes,No
CUST-04100,Barbara Harris,Female,0,56,Yes,Yes,2,Month-to-month,83.18,184.04,Credit card,Fiber optic,Yes,No,No,No,No,Yes,No,No,Yes
CUST-04101,Margaret Garcia,Male,0,19,Yes,No,2,Month-to-month,90.03,217.55,Mailed check,Fiber optic,Yes,No,No,No,No,Yes,No,No,Yes
CUST-04102,Ashley Scott,Female,0,42,No,No,7,Month-to-month,92.57,627.01,Credit card,DSL,Yes,Yes,Yes,Yes,Yes,No,No,Yes,No
CUST-04103,Mark Taylor,Male,0,63,No,No,9,Month-to-month,87.04,745.54,Mailed check,Fiber optic,Yes,No,No,No,No,Yes,Yes,Yes,No
CUST-04104,Elizabeth Martin,Female,0,45,Yes,No,35,One year,86.23,3054.1,Mailed check,DSL,Yes,No,Yes,No,No,Yes,No,Yes,No
CUST-04105,Christopher Lopez,Female,1,75,No,Yes,25,One year,99.1,2483.1,Bank transfer,Fiber optic,Yes,No,No,No,Yes,No,Yes,Yes,No
CUST-04106,Donald Hill,Female,0,51,Yes,No,8,Month-to-month,34.14,269.16,Credit card,No,Yes,No internet service,No internet service,No internet service,No internet service,No internet service,No internet service,Yes,No
CUST-04107,Paul Flores,Male,0,64,No,Yes,11,Month-to-month,76.44,835.12,Mailed check,DSL,Yes,Yes,No,Yes,No,No,No,Yes,Yes
CUST-04108,Christopher Wright,Male,1,77,No,No,47,Two year,59.47,2789.21,Credit card,DSL,No,No,Yes,No,Yes,No,No,Yes,No
CUST-04109,Matthew Martin,Male,0,26,Yes,No,2,Month-to-month,89.4,135.48,Bank transfer,Fiber optic,Yes,Yes,No,No,Yes,No,No,Yes,No
CUST-04110,Charles White,Male,0,42,No,Yes,3,Month-to-month,78.71,273.52,Electronic check,DSL,Yes,Yes,Yes,Yes,No,No,Yes,Yes,Yes
CUST-04111,Joseph Young,Female,0,35,No,No,11,Month-to-month,28.94,359.39,Bank transfer,No,Yes,No internet service,No internet service,No internet service,No internet service,No internet service,No internet service,No,No
CUST-04112,Michael Hill,Female,0,58,No,No,2,Month-to-month,90.53,167.9,Credit card,Fiber optic,Yes,No,No,No,No,No,Yes,Yes,No
CUST-04113,Susan Walker,Female,0,63,No,No,12,Two year,78.62,913.02,Electronic check,DSL,Yes,Yes,No,No,Yes,No,No,Yes,No
CUST-04114,Mark Wright,Female,0,32,Yes,Yes,64,Two year,92.87,5894.15,Mailed check,DSL,Yes,Yes,Yes,Yes,No,Yes,No,Yes,No
CUST-04115,Barbara Johnson,Female,0,61,Yes,No,19,Two year,112.57,2123.72,Credit card,Fiber optic,Yes,Yes,Yes,Yes,No,No,No,No,Yes
CUST-04116,Linda King,Male,0,37,No,No,38,One year,94.4,3578.94,Mailed check,Fiber optic,Yes,No,Yes,No,No,No,Yes,Yes,Yes
CUST-04117,Ashley Scott,Male,0,23,Yes,No,6,Month-to-month,110.36,659.79,Mailed check,Fiber optic,Yes,Yes,Yes,Yes,No,Yes,Yes,Yes,Yes
CUST-04118,Mary Davis,Female,0,21,No,No,11,Month-to-month,39.49,409.96,Electronic check,No,Yes,No internet service,No internet service,No internet service,No internet service,No internet service,No internet service,No,No
CUST-04119,Andrew King,Female,0,46,Yes,No,5,Month-to-month,36.37,217.98,Bank transfer,No,Yes,No internet service,No internet service,No internet service,No internet service,No internet service,No internet service,Yes,Yes
CUST-04120,Anthony Jones,Female,0,62,No,No,11,Month-to-month,92.94,1056.52,Electronic check,Fiber optic,Yes,Yes,No,No,Yes,Yes,No,Yes,Yes
CUST-04121,John Lopez,Female,0,45,No,Yes,63,Two year,88.22,5510.89,Electronic check,Fiber optic,Yes,Yes,No,No,No,No,Yes,Yes,Yes
CUST-04122,Donna Allen,Female,1,83,No,Yes,8,Month-to-month,86.72,716.73,Bank transfer,DSL,Yes,No,Yes,Yes,Yes,No,Yes,Yes,Yes
CUST-04123,Patricia Ramirez,Male,1,73,No,No,13,Two year,97.94,1264.54,Mailed check,Fiber optic,Yes,No,No,Yes,No,No,Yes,Yes,No
CUST-04124,Andrew Johnson,Female,0,49,Yes,Yes,19,Two year,71.39,1335.56,Credit card,DSL,Yes,No,Yes,No,No,No,No,Yes,No
CUST-04125,Mark Lopez,Male,0,47,Yes,No,65,Two year,76.75,4978.57,Credit card,DSL,Yes,Yes,No,No,No,Yes,No,Yes,No
CUST-04126,Robert Anderson,Female,1,72,No,No,26,One year,88.62,2307.7,Bank transfer,Fiber optic,Yes,Yes,No,No,No,No,No,Yes,No
CUST-04127,Mary Lee,Female,1,75,Yes,Yes,1,Month-to-month,87.77,87.77,Credit card,DSL,Yes,Yes,Yes,No,No,Yes,No,Yes,No
CUST-04128,Andrew Harris,Male,0,34,Yes,Yes,41,One year,101.05,4137.41,Mailed check,Fiber optic,Yes,Yes,No,No,Yes,No,Yes,No,No
CUST-04129,Jessica Scott,Female,0,59,No,No,5,Month-to-month,92.11,434.55,Bank transfer,Fiber optic,Yes,No,No,Yes,No,Yes,No,Yes,Yes
CUST-04130,Jennifer Scott,Female,0,56,Yes,No,40,One year,35.16,1398.5,Credit card,No,Yes,No internet service,No internet service,No internet service,No internet service,No internet service,No internet service,Yes,No
CUST-04131,Lisa Miller,Female,0,25,No,No,30,One year,82.79,2525.21,Credit card,Fiber optic,Yes,No,No,No,No,No,Yes,Yes,No
CUST-04132,Margaret Garcia,Female,0,36,Yes,Yes,2,Month-to-month,100.46,157.46,Mailed check,Fiber optic,Yes,Yes,Yes,No,Yes,No,No,No,No
CUST-04133,Karen Martinez,Male,0,32,No,No,13,One year,95.61,1193.78,Bank transfer,Fiber optic,Yes,Yes,Yes,No,No,No,No,No,Yes
CUST-04134,Emily Smith,Female,0,36,No,Yes,4,Month-to-month,93.31,364.32,Credit card,DSL,Yes,Yes,No,No,Yes,Yes,No,No,Yes
CUST-04135,Charles Garcia,Male,1,72,Yes,No,64,Two year,28.82,1806.05,Credit card,No,Yes,No internet service,No internet service,No internet service,No internet service,No internet service,No internet service,No,No
CUST-04136,Sandra Martinez,Female,0,28,Yes,No,3,Month-to-month,93.27,314.75,Credit card,Fiber optic,Yes,No,No,Yes,No,No,Yes,No,Yes
CUST-04137,Karen Allen,Male,0,58,No,No,55,Two year,27.09,1498.22,Electronic check,No,Yes,No internet service,No internet service,No internet service,No internet service,No internet service,No internet service,Yes,No
CUST-04138,Michelle King,Male,0,52,Yes,Yes,36,Two year,95.33,3415.81,Electronic check,Fiber optic,Yes,Yes,No,No,Yes,Yes,No,Yes,No
CUST-04139,Michael Brown,Female,0,45,Yes,No,4,Month-to-month,31.75,86.63,Bank transfer,No,Yes,No internet service,No internet service,No internet service,No internet service,No internet service,No internet service,Yes,Yes
CUST-04140,Ashley Wilson,Female,0,49,No,Yes,2,Month-to-month,32.47,60.17,Bank transfer,No,Yes,No internet service,No internet service,No internet service,No internet service,No internet service,No internet service,No,Yes
CUST-04141,Donald Smith,Female,0,55,No,No,2,Month-to-month,112.83,253.27,Credit card,Fiber optic,Yes,Yes,Yes,No,Yes,Yes,No,Yes,Yes
CUST-04142,Matthew Jackson,Female,0,30,Yes,No,6,Month-to-month,34.27,163.08,Electronic check,No,Yes,No internet service,No internet service,No internet service,No internet service,No internet service,No internet service,No,No
CUST-04143,Donald Hill,Female,0,60,Yes,No,8,Month-to-month,88.94,707.99,Mailed check,DSL,Yes,Yes,Yes,No,No,Yes,Yes,Yes,No
CUST-04144,Margaret Allen,Female,0,28,No,No,10,Month-to-month,34.09,386.3,Bank transfer,No,Yes,No internet service,No internet service,No internet service,No internet service,No internet service,No internet service,No,No
CUST-04145,Elizabeth Moore,Male,0,48,No,No,53,Two year,39.03,2099.72,Bank transfer,No,Yes,No internet service,No internet service,No internet service,No internet service,No internet service,No internet service,Yes,No
CUST-04146,David Sanchez,Female,1,74,No,No,6,Month-to-month,100.91,590.17,Bank transfer,Fiber optic,No,Yes,No,Yes,Yes,No,No,Yes,Yes
CUST-04147,Kimberly Wright,Male,1,83,Yes,No,50,Two year,66.31,3286.9,Bank transfer,DSL,Yes,No,No,No,Yes,No,No,Yes,No
CUST-04148,Mark Rodriguez,Female,0,48,Yes,Yes,23,One year,75.57,1719.72,Mailed check,Fiber optic,No,Yes,No,Yes,No,No,No,No,No
CUST-04149,Robert Hill,Female,0,20,Yes,Yes,10,Month-to-month,74.95,705.96,Mailed check,DSL,Yes,No,Yes,Yes,No,Yes,No,Yes,Yes
CUST-04150,Nancy Hill,Female,0,19,No,No,29,One year,28.9,823.01,Mailed check,No,Yes,No internet service,No internet service,No internet service,No internet service,No internet service,No internet service,Yes,No
CUST-04151,Sandra Jones,Female,0,42,No,No,11,Month-to-month,95.5,1085.37,Electronic check,DSL,Yes,Yes,Yes,Yes,Yes,No,No,Yes,Yes
CUST-04152,Daniel King,Male,1,73,No,No,22,One year,92.65,2062.33,Mailed check,Fiber optic,Yes,No,No,Yes,No,No,No,No,No
CUST-04153,Karen Walker,Female,1,67,Yes,Yes,69,Two year,73.65,5056.73,Bank transfer,DSL,Yes,Yes,No,No,No,No,Yes,No,No
CUST-04154,Karen Rodriguez,Female,0,48,Yes,No,2,Month-to-month,86.7,172.01,Credit card,Fiber optic,Yes,No,Yes,No,No,No,Yes,No,No
CUST-04155,Andrew Wilson,Male,1,76,Yes,No,8,Month-to-month,82.69,698.0,Mailed check,Fiber optic,Yes,No,No,No,Yes,No,No,Yes,No
CUST-04156,Charles Walker,Female,0,38,No,Yes,10,Month-to-month,98.31,937.05,Bank transfer,DSL,Yes,Yes,Yes,Yes,Yes,Yes,No,Yes,No
CUST-04157,Anthony Smith,Male,0,56,Yes,No,70,Two year,87.7,6183.84,Bank transfer,Fiber optic,Yes,No,No,Yes,Yes,No,No,No,No
CUST-04158,Steven Moore,Female,0,22,Yes,No,4,Month-to-month,79.15,292.86,Credit card,DSL,No,Yes,No,No,Yes,Yes,Yes,No,No
CUST-04159,Barbara Scott,Female,1,76,Yes,No,19,One year,37.65,760.08,Credit card,No,Yes,No internet service,No internet service,No internet service,No internet service,No internet service,No internet service,Yes,No
CUST-04160,Daniel Nguyen,Female,0,42,No,No,8,Month-to-month,83.24,617.21,Credit card,Fiber optic,Yes,Yes,No,Yes,No,No,No,Yes,No
CUST-04161,Lisa Clark,Male,0,46,Yes,No,1,Month-to-month,61.29,61.29,Mailed check,DSL,Yes,No,No,No,Yes,No,No,No,Yes
CUST-04162,Patricia Lee,Female,0,28,Yes,No,19,One year,84.11,1593.92,Credit card,Fiber optic,Yes,No,No,Yes,No,No,No,Yes,No
CUST-04163,Andrew Lewis,Male,0,29,No,No,46,One year,86.34,4021.57,Credit card,Fiber optic,No,Yes,No,No,Yes,Yes,No,No,No
CUST-04164,Paul Walker,Male,0,61,Yes,No,1,Month-to-month,68.64,77.21,Electronic check,DSL,Yes,No,No,No,No,Yes,No,No,Yes
CUST-04165,Kimberly King,Female,0,42,Yes,No,1,Month-to-month,114.21,121.64,Electronic check,Fiber optic,Yes,Yes,Yes,No,Yes,Yes,No,Yes,Yes
CUST-04166,David Jones,Female,1,82,No,No,23,Two year,96.23,2213.51,Electronic check,DSL,Yes,Yes,Yes,Yes,No,No,Yes,No,Yes
CUST-04167,Michael Nguyen,Female,0,36,No,Yes,16,Two year,91.2,1427.07,Bank transfer,Fiber optic,Yes,Yes,Yes,No,No,No,No,Yes,No
CUST-04168,Donna Flores,Female,0,39,Yes,No,38,One year,38.29,1500.32,Bank transfer,No,Yes,No internet service,No internet service,No internet service,No internet service,No internet service,No internet service,No,No
CUST-04169,William Rodriguez,Male,0,18,Yes,No,4,Month-to-month,73.16,338.39,Bank transfer,DSL,No,No,Yes,Yes,Yes,No,No,Yes,No
CUST-04170,Jessica White,Male,0,26,Yes,No,68,Two year,121.02,8197.34,Mailed check,Fiber optic,Yes,Yes,No,Yes,Yes,Yes,Yes,No,No
CUST-04171,Sandra Lewis,Female,0,27,Yes,No,56,Two year,104.31,5836.78,Electronic check,Fiber optic,Yes,Yes,Yes,Yes,Yes,No,No,Yes,No
CUST-04172,Charles Jones,Male,0,24,Yes,No,8,Month-to-month,32.81,215.9,Credit card,No,Yes,No internet service,No internet service,No internet service,No internet service,No internet service,No internet service,No,Yes
CUST-04173,Patricia Hill,Male,0,56,No,Yes,5,Month-to-month,37.22,178.38,Credit card,No,Yes,No internet service,No internet service,No internet service,No internet service,No internet service,No internet service,No,Yes
CUST-04174,Emily Davis,Female,0,32,Yes,Yes,7,Month-to-month,84.63,606.67,Bank transfer,Fiber optic,Yes,Yes,No,No,No,No,No,No,Yes
CUST-04175,Lisa Clark,Female,0,55,Yes,Yes,31,Two year,36.48,1110.89,Credit card,No,Yes,No internet service,No internet service,No internet service,No internet service,No internet service,No internet service,No,No
CUST-04176,Kimberly Young,Female,0,23,Yes,Yes,60,Two year,74.09,4484.84,Bank transfer,DSL,Yes,No,No,No,Yes,Yes,No,Yes,No
CUST-04177,Emily Harris,Female,0,37,Yes,No,11,Month-to-month,32.31,313.99,Electronic check,No,Yes,No internet service,No internet service,No internet service,No internet service,No internet service,No internet service,No,No
CUST-04178,Barbara Perez,Male,0,26,No,No,4,Month-to-month,95.96,404.12,Mailed check,Fiber optic,Yes,Yes,No,Yes,No,Yes,No,Yes,Yes
CUST-04179,Susan Gonzalez,Male,0,51,Yes,No,4,Month-to-month,99.03,369.41,Bank transfer,Fiber optic,Yes,Yes,No,No,Yes,No,No,Yes,Yes
CUST-04180,Sarah Jackson,Male,0,60,Yes,No,11,One year,97.12,1053.75,Credit card,Fiber optic,Yes,No,Yes,No,Yes,No,No,No,Yes
CUST-04181,Jennifer White,Female,0,60,Yes,No,60,Two year,37.66,2261.95,Mailed check,No,Yes,No internet service,No internet service,No internet service,No internet service,No internet service,No internet service,No,No
CUST-04182,Daniel Martinez,Male,0,30,Yes,No,38,Two year,86.1,3256.02,Bank transfer,Fiber optic,Yes,No,No,No,Yes,No,Yes,No,Yes
CUST-04183,Betty Hill,Male,0,58,Yes,Yes,71,Two year,69.35,4931.84,Mailed check,DSL,Yes,No,No,Yes,No,No,No,Yes,No
CUST-04184,James White,Male,0,32,Yes,No,59,Two year,78.9,4645.65,Credit card,DSL,Yes,Yes,No,No,No,No,Yes,No,No
CUST-04185,Nancy Torres,Female,1,84,No,Yes,36,One year,31.27,1083.39,Electronic check,No,Yes,No internet service,No internet service,No internet service,No internet service,No internet service,No internet service,Yes,No
CUST-04186,Donna Smith,Male,0,43,Yes,Yes,24,Two year,104.26,2509.17,Credit card,Fiber optic,Yes,Yes,No,No,No,Yes,No,Yes,No
CUST-04187,Karen Johnson,Male,0,19,No,Yes,11,Month-to-month,31.77,333.4,Mailed check,No,Yes,No internet service,No internet service,No internet service,No internet service,No internet service,No internet service,Yes,No
CUST-04188,Emily Brown,Male,0,38,Yes,No,22,Two year,101.49,2232.73,Credit card,Fiber optic,Yes,No,Yes,No,Yes,No,No,Yes,Yes
CUST-04189,William Lewis,Male,0,44,Yes,Yes,4,Month-to-month,59.29,241.87,Mailed check,DSL,Yes,No,No,No,Yes,No,No,Yes,Yes
CUST-04190,Mark Robinson,Female,0,27,No,No,10,Month-to-month,39.07,420.83,Bank transfer,No,Yes,No internet service,No internet service,No internet service,No internet service,No internet service,No internet service,Yes,Yes
CUST-04191,Lisa Lopez,Male,0,58,Yes,No,3,Month-to-month,77.2,207.07,Bank transfer,DSL,Yes,No,Yes,Yes,No,Yes,No,Yes,No
CUST-04192,Jennifer Ramirez,Male,0,43,No,Yes,8,Month-to-month,105.37,859.93,Electronic check,DSL,Yes,Yes,Yes,No,No,Yes,Yes,No,Yes
CUST-04193,Susan Lee,Male,0,51,No,No,35,One year,23.99,818.72,Electronic check,No,No,No internet service,No internet service,No internet service,No internet service,No internet service,No internet service,Yes,No
CUST-04194,Donald Smith,Female,0,29,Yes,No,10,Month-to-month,88.87,933.91,Electronic check,DSL,Yes,Yes,Yes,No,Yes,No,No,Yes,Yes
CUST-04195,Richard Miller,Female,0,62,No,Yes,15,One year,76.18,1097.41,Credit card,DSL,Yes,No,No,Yes,No,Yes,No,Yes,Yes
CUST-04196,Barbara Ramirez,Male,0,34,Yes,No,10,One year,70.03,700.68,Mailed check,DSL,Yes,No,No,No,Yes,Yes,No,Yes,No
CUST-04197,Mark Garcia,Female,0,62,Yes,No,65,Two year,92.89,5999.7,Mailed check,Fiber optic,Yes,No,No,Yes,No,Yes,No,No,No
CUST-04198,Linda Nguyen,Male,0,55,No,No,5,Month-to-month,30.94,157.37,Credit card,No,Yes,No internet service,No internet service,No internet service,No internet service,No internet service,No internet service,Yes,No
CUST-04199,Charles Gonzalez,Male,0,24,Yes,Yes,9,Month-to-month,93.24,864.25,Mailed check,Fiber optic,Yes,No,No,Yes,No,No,No,Yes,Yes
CUST-04200,Andrew Johnson,Male,1,69,Yes,No,47,Two year,61.15,2858.26,Mailed check,DSL,Yes,Yes,No,No,No,No,No,Yes,No
CUST-04201,Anthony Williams,Male,0,23,No,Yes,6,Month-to-month,112.16,638.77,Mailed check,Fiber optic,Yes,Yes,Yes,Yes,No,Yes,Yes,Yes,Yes
CUST-04202,Robert Smith,Female,0,27,Yes,Yes,11,Month-to-month,87.87,970.68,Bank transfer,DSL,Yes,Yes,No,Yes,Yes,No,No,Yes,Yes
CUST-04203,Ashley Clark,Female,0,27,Yes,No,5,Month-to-month,75.12,348.91,Credit card,DSL,Yes,Yes,Yes,No,No,No,Yes,Yes,No
CUST-04204,William Garcia,Male,0,60,No,No,3,Month-to-month,35.34,127.06,Bank transfer,No,Yes,No internet service,No internet service,No internet service,No internet service,No internet service,No internet service,No,No
CUST-04205,Daniel Thomas,Female,0,33,Yes,No,41,One year,113.83,4676.23,Electronic check,DSL,Yes,Yes,No,Yes,Yes,Yes,Yes,Yes,Yes
CUST-04206,Joseph Hernandez,Male,0,18,No,No,10,Month-to-month,32.12,293.79,Mailed check,No,Yes,No internet service,No internet service,No internet service,No internet service,No internet service,No internet service,Yes,No
CUST-04207,Sandra Thompson,Female,0,21,Yes,No,6,Month-to-month,83.13,543.71,Mailed check,DSL,Yes,No,No,No,No,Yes,Yes,Yes,No
CUST-04208,Donald Wilson,Male,0,34,Yes,No,8,Month-to-month,95.63,762.14,Bank transfer,Fiber optic,Yes,Yes,No,No,No,Yes,No,No,Yes
CUST-04209,Elizabeth Rodriguez,Male,0,31,Yes,No,9,Month-to-month,35.67,303.65,Credit card,No,Yes,No internet service,No internet service,No internet service,No internet service,No internet service,No internet service,Yes,Yes
CUST-04210,Richard Harris,Female,0,31,Yes,No,23,One year,33.62,772.6,Bank transfer,No,Yes,No internet service,No internet service,No internet service,No internet service,No internet service,No internet service,No,No
CUST-04211,Jennifer Rodriguez,Male,0,47,Yes,No,11,One year,27.99,266.0,Credit card,No,Yes,No internet service,No internet service,No internet service,No internet service,No internet service,No internet service,Yes,No
CUST-04212,Emily Johnson,Male,0,24,Yes,Yes,4,Month-to-month,58.81,236.07,Bank transfer,DSL,Yes,Yes,No,No,No,No,No,No,No
CUST-04213,Richard Martin,Female,0,31,Yes,No,1,Month-to-month,19.74,33.54,Mailed check,No,No,No internet service,No internet service,No internet service,No internet service,No internet service,No internet service,Yes,Yes
CUST-04214,Thomas Ramirez,Male,0,21,Yes,Yes,12,One year,26.95,331.27,Electronic check,No,Yes,No internet service,No internet service,No internet service,No internet service,No internet service,No internet service,No,No
CUST-04215,Barbara White,Male,0,37,No,No,1,Month-to-month,64.51,64.51,Credit card,DSL,Yes,Yes,No,No,No,No,No,Yes,Yes
CUST-04216,David White,Male,0,21,No,No,7,Month-to-month,86.55,574.02,Bank transfer,Fiber optic,Yes,No,No,No,No,Yes,No,Yes,No
CUST-04217,Thomas Hill,Male,0,23,No,No,49,Two year,90.26,4391.99,Electronic check,Fiber optic,Yes,No,No,No,Yes,No,Yes,Yes,No
CUST-04218,Betty Clark,Male,0,27,Yes,No,46,Two year,88.59,4049.17,Mailed check,Fiber optic,Yes,No,No,No,No,Yes,No,No,No
CUST-04219,Donald Martinez,Female,0,30,Yes,No,3,Month-to-month,38.53,72.21,Electronic check,No,Yes,No internet service,No internet service,No internet service,No internet service,No internet service,No internet service,No,Yes
CUST-04220,Richard Sanchez,Female,0,27,Yes,Yes,9,Month-to-month,105.48,913.03,Electronic check,Fiber optic,Yes,Yes,No,No,No,No,Yes,No,No
CUST-04221,Betty Gonzalez,Male,0,19,Yes,No,30,Two year,94.99,2896.28,Electronic check,DSL,Yes,Yes,Yes,No,Yes,Yes,No,No,No
CUST-04222,William Garcia,Male,0,41,Yes,No,37,One year,30.78,1142.79,Mailed check,No,Yes,No internet service,No internet service,No internet service,No internet service,No internet service,No internet service,Yes,No
CUST-04223,Thomas Lewis,Male,0,22,Yes,No,8,One year,113.77,906.6,Electronic check,Fiber optic,Yes,Yes,Yes,Yes,Yes,No,No,Yes,No
CUST-04224,Joshua Allen,Female,0,34,Yes,Yes,6,Month-to-month,115.6,650.94,Bank transfer,Fiber optic,Yes,Yes,No,Yes,No,Yes,Yes,No,No
CUST-04225,Andrew Johnson,Male,0,26,No,No,6,Month-to-month,20.69,137.39,Mailed check,No,No,No internet service,No internet service,No internet service,No internet service,No internet service,No internet service,No,No
CUST-04226,Lisa Anderson,Female,1,79,No,Yes,44,One year,25.92,1167.58,Bank transfer,No,Yes,No internet service,No internet service,No internet service,No internet service,No internet service,No internet service,Yes,No
CUST-04227,Kimberly Jones,Male,0,22,No,No,1,Month-to-month,83.79,133.61,Bank transfer,DSL,Yes,Yes,Yes,No,Yes,Yes,No,Yes,Yes
CUST-04228,Elizabeth Torres,Male,1,69,No,Yes,4,Month-to-month,108.98,450.1,Mailed check,Fiber optic,Yes,No,Yes,Yes,No,Yes,Yes,Yes,No
CUST-04229,Elizabeth Brown,Female,0,46,No,Yes,11,One year,83.53,874.61,Credit card,Fiber optic,Yes,No,No,Yes,No,No,No,No,No
CUST-04230,Lisa Thompson,Male,0,20,Yes,No,16,One year,26.34,455.6,Bank transfer,No,Yes,No internet service,No internet service,No internet service,No internet service,No internet service,No internet service,No,No
CUST-04231,Matthew White,Male,0,64,No,No,5,Month-to-month,77.72,397.6,Credit card,DSL,Yes,No,No,Yes,No,Yes,No,Yes,No
CUST-04232,Mark Scott,Female,0,37,Yes,No,9,Month-to-month,102.9,961.4,Credit card,Fiber optic,Yes,Yes,No,No,Yes,Yes,No,Yes,Yes
CUST-04233,Joseph Moore,Male,0,54,Yes,No,5,Month-to-month,63.53,363.35,Mailed check,DSL,Yes,Yes,No,No,No,No,No,Yes,Yes
CUST-04234,Karen Lopez,Male,0,41,No,No,9,One year,97.11,849.75,Electronic check,Fiber optic,Yes,No,Yes,Yes,No,No,Yes,Yes,Yes
CUST-04235,Daniel Garcia,Male,0,59,Yes,No,33,One year,82.72,2759.16,Bank transfer,DSL,Yes,No,No,Yes,No,Yes,Yes,Yes,No
CUST-04236,Karen Walker,Female,0,61,Yes,No,50,Two year,97.29,4818.5,Electronic check,Fiber optic,Yes,Yes,No,No,No,Yes,No,Yes,No
CUST-04237,Andrew Torres,Female,1,82,No,Yes,29,Two year,34.9,966.89,Electronic check,No,Yes,No internet service,No internet service,No internet service,No internet service,No internet service,No internet service,No,No
CUST-04238,Michael Young,Male,0,63,Yes,No,11,One year,98.57,1103.26,Electronic check,Fiber optic,Yes,Yes,No,Yes,No,No,No,Yes,No
CUST-04239,Mary Rodriguez,Male,1,73,Yes,Yes,4,Month-to-month,77.14,300.09,Credit card,Fiber optic,Yes,No,Yes,No,No,No,No,Yes,Yes
CUST-04240,William Smith,Male,0,29,No,Yes,2,Month-to-month,28.29,65.49,Credit card,No,Yes,No internet service,No internet service,No internet service,No internet service,No internet service,No internet service,Yes,No
CUST-04241,Christopher Martinez,Female,0,48,Yes,Yes,2,Month-to-month,99.76,183.93,Electronic check,DSL,Yes,Yes,Yes,No,Yes,Yes,No,No,No
CUST-04242,Betty Sanchez,Male,1,82,No,No,3,Month-to-month,77.48,244.21,Electronic check,DSL,Yes,Yes,Yes,No,No,No,No,No,Yes
CUST-04243,Michelle Jones,Female,0,61,No,No,17,Two year,70.25,1146.78,Mailed check,DSL,No,Yes,No,Yes,No,Yes,No,Yes,Yes
CUST-04244,Susan Brown,Female,0,46,No,No,39,One year,93.62,3683.66,Credit card,Fiber optic,Yes,No,Yes,No,No,Yes,No,Yes,No
CUST-04245,Sarah Wright,Male,0,29,Yes,No,8,Month-to-month,38.2,353.26,Bank transfer,No,Yes,No internet service,No internet service,No internet service,No internet service,No internet service,No internet service,Yes,No
CUST-04246,Christopher Wright,Female,1,68,No,No,6,Month-to-month,15.54,48.57,Credit card,No,No,No internet service,No internet service,No internet service,No internet service,No internet service,No internet service,Yes,Yes
CUST-04247,Joshua Robinson,Male,0,45,No,Yes,56,Two year,90.35,5045.79,Bank transfer,Fiber optic,Yes,No,No,No,Yes,Yes,No,No,No
CUST-04248,Emily Lewis,Female,0,40,Yes,No,26,One year,65.37,1720.9,Credit card,DSL,Yes,No,No,Yes,Yes,No,No,No,No
CUST-04249,Joseph Thompson,Male,0,41,Yes,No,8,One year,86.67,704.99,Mailed check,Fiber optic,Yes,Yes,No,No,No,No,No,No,No
CUST-04250,Thomas Clark,Female,0,45,No,Yes,7,Month-to-month,23.74,161.13,Mailed check,No,No,No internet service,No internet service,No internet service,No internet service,No internet service,No internet service,Yes,No
CUST-04251,Matthew Wright,Female,1,70,No,No,9,One year,100.28,863.77,Electronic check,Fiber optic,Yes,Yes,Yes,No,No,No,Yes,No,No
CUST-04252,Emily Walker,Female,1,83,Yes,No,7,Month-to-month,75.26,576.71,Mailed check,DSL,Yes,No,No,Yes,No,Yes,No,Yes,No
CUST-04253,Emily Williams,Male,1,82,Yes,No,7,Month-to-month,91.76,680.96,Bank transfer,DSL,Yes,Yes,Yes,No,No,No,Yes,Yes,No
CUST-04254,Lisa Jackson,Male,0,32,Yes,No,16,Two year,86.54,1389.37,Mailed check,DSL,Yes,No,No,Yes,Yes,Yes,No,Yes,No
CUST-04255,Sandra Harris,Male,0,19,No,No,5,Month-to-month,32.79,196.9,Credit card,No,Yes,No internet service,No internet service,No internet service,No internet service,No internet service,No internet service,Yes,No
CUST-04256,Joshua Miller,Male,0,41,Yes,No,9,Month-to-month,86.18,730.39,Bank transfer,DSL,Yes,Yes,Yes,No,Yes,No,Yes,Yes,No
CUST-04257,Christopher King,Male,0,40,No,No,10,One year,81.91,838.03,Credit card,DSL,Yes,No,No,No,Yes,No,Yes,Yes,No
CUST-04258,Nancy Smith,Male,0,48,Yes,No,22,Two year,105.5,2360.48,Electronic check,Fiber optic,Yes,Yes,Yes,Yes,No,No,Yes,No,No
CUST-04259,Susan Hernandez,Male,0,37,No,No,19,One year,94.36,1758.23,Electronic check,Fiber optic,Yes,Yes,Yes,No,No,No,No,No,No
CUST-04260,Steven White,Male,0,33,No,No,5,Month-to-month,83.72,388.06,Credit card,Fiber optic,Yes,No,No,Yes,No,Yes,No,Yes,Yes
CUST-04261,Margaret Jackson,Male,0,59,Yes,No,59,Two year,29.11,1734.97,Mailed check,No,Yes,No internet service,No internet service,No internet service,No internet service,No internet service,No internet service,Yes,No
CUST-04262,Michael Harris,Female,0,40,Yes,No,34,One year,91.66,3066.6,Bank transfer,Fiber optic,Yes,No,Yes,No,No,No,Yes,No,No
CUST-04263,Joshua Scott,Male,0,59,Yes,No,31,One year,88.0,2686.28,Mailed check,Fiber optic,Yes,No,No,No,No,No,Yes,Yes,No
CUST-04264,Emily Smith,Female,0,43,Yes,No,8,Month-to-month,93.98,737.84,Electronic check,Fiber optic,Yes,Yes,No,No,No,No,Yes,Yes,Yes
CUST-04265,Karen Anderson,Male,1,66,No,No,6,Month-to-month,76.57,474.74,Bank transfer,DSL,Yes,Yes,No,Yes,Yes,Yes,No,No,No
CUST-04266,William Anderson,Female,0,19,No,Yes,7,Month-to-month,31.46,198.44,Credit card,No,Yes,No internet service,No internet service,No internet service,No internet service,No internet service,No internet service,Yes,Yes
CUST-04267,John Hernandez,Female,0,50,No,No,46,Two year,113.72,5208.71,Mailed check,Fiber optic,Yes,No,Yes,No,Yes,No,Yes,Yes,No
CUST-04268,Donald Garcia,Male,1,70,No,No,40,One year,68.04,2714.71,Mailed check,DSL,Yes,No,No,No,No,Yes,Yes,Yes,No
CUST-04269,Linda Torres,Male,0,42,Yes,No,22,One year,122.86,2718.2,Credit card,Fiber optic,Yes,Yes,Yes,Yes,No,No,Yes,Yes,No
CUST-04270,Jennifer Martin,Female,0,19,No,No,31,One year,86.48,2679.52,Electronic check,Fiber optic,Yes,Yes,No,Yes,No,No,No,No,No
CUST-04271,Daniel Flores,Female,0,63,No,No,22,One year,105.04,2280.9,Mailed check,Fiber optic,Yes,No,Yes,Yes,No,Yes,No,No,No
CUST-04272,Christopher Lewis,Male,0,32,No,No,40,One year,75.26,2977.09,Electronic check,DSL,Yes,No,Yes,No,No,No,Yes,Yes,No
CUST-04273,William Brown,Male,0,37,Yes,No,28,One year,75.14,2069.19,Bank transfer,DSL,Yes,No,No,No,Yes,No,Yes,Yes,No
CUST-04274,Mark Walker,Female,0,40,Yes,No,3,Month-to-month,75.78,276.63,Bank transfer,DSL,Yes,No,Yes,Yes,No,No,Yes,No,No
CUST-04275,John Williams,Female,0,35,Yes,No,17,One year,39.77,665.64,Credit card,No,Yes,No internet service,No internet service,No internet service,No internet service,No internet service,No internet service,No,Yes
CUST-04276,Susan Gonzalez,Female,0,35,Yes,No,19,Two year,84.87,1613.94,Mailed check,Fiber optic,Yes,No,No,No,Yes,No,No,No,No
CUST-04277,James Wright,Male,0,58,No,No,2,Month-to-month,81.39,206.8,Bank transfer,DSL,Yes,No,No,Yes,No,Yes,No,No,Yes
CUST-04278,Richard Lopez,Male,0,22,No,Yes,24,Two year,25.37,632.77,Bank transfer,No,Yes,No internet service,No internet service,No internet service,No internet service,No internet service,No internet service,No,No
CUST-04279,Joshua Harris,Female,0,58,No,No,29,One year,39.19,1104.85,Electronic check,No,Yes,No internet service,No internet service,No internet service,No internet service,No internet service,No internet service,Yes,No
CUST-04280,Christopher Jackson,Female,0,52,No,No,66,Two year,77.45,5068.85,Mailed check,DSL,Yes,No,No,Yes,No,Yes,No,Yes,No
CUST-04281,Anthony Flores,Female,0,63,No,No,34,One year,75.84,2534.68,Mailed check,DSL,Yes,Yes,No,No,No,Yes,Yes,No,No
CUST-04282,Michael Gonzalez,Male,0,42,No,No,5,Month-to-month,98.44,471.18,Electronic check,DSL,Yes,No,Yes,No,Yes,Yes,Yes,No,No
CUST-04283,Christopher Jones,Male,0,37,No,No,37,One year,106.45,3972.39,Mailed check,Fiber optic,Yes,Yes,Yes,No,No,Yes,No,No,No
CUST-04284,Daniel Miller,Male,0,53,No,No,43,Two year,35.7,1492.94,Credit card,No,Yes,No internet service,No internet service,No internet service,No internet service,No internet service,No internet service,Yes,No
CUST-04285,Lisa Martin,Female,0,53,No,No,13,One year,106.62,1406.18,Electronic check,DSL,Yes,Yes,Yes,Yes,Yes,Yes,No,Yes,No
CUST-04286,Donald Lopez,Female,1,66,Yes,No,10,Month-to-month,31.04,298.43,Electronic check,No,Yes,No internet service,No internet service,No internet service,No internet service,No internet service,No internet service,No,No
CUST-04287,Steven Wilson,Female,0,23,No,No,27,One year,79.32,2142.89,Bank transfer,DSL,Yes,No,Yes,No,No,Yes,Yes,Yes,No
CUST-04288,Anthony Rodriguez,Male,0,53,No,Yes,9,Month-to-month,39.47,369.95,Bank transfer,No,Yes,No internet service,No internet service,No internet service,No internet service,No internet service,No internet service,No,No
CUST-04289,Michael Allen,Male,1,82,Yes,No,4,Month-to-month,87.76,334.58,Electronic check,Fiber optic,No,No,No,Yes,Yes,No,No,Yes,No
CUST-04290,Kimberly Brown,Male,0,21,Yes,No,21,One year,100.46,2132.94,Mailed check,DSL,Yes,Yes,No,Yes,Yes,No,Yes,Yes,No
CUST-04291,Karen Brown,Female,0,24,No,No,28,Two year,98.22,2711.25,Mailed check,DSL,Yes,Yes,No,Yes,Yes,Yes,Yes,No,No
CUST-04292,Nancy Wilson,Female,0,18,Yes,No,34,One year,109.01,3693.35,Credit card,Fiber optic,Yes,Yes,No,Yes,No,Yes,Yes,No,No
CUST-04293,Mark Lee,Male,1,81,No,No,41,Two year,35.88,1428.78,Electronic check,No,Yes,No internet service,No internet service,No internet service,No internet service,No internet service,No internet service,Yes,No
CUST-04294,Sarah Ramirez,Female,0,41,No,No,11,Month-to-month,76.82,822.43,Mailed check,DSL,Yes,Yes,No,Yes,No,No,No,Yes,No
CUST-04295,Christopher Robinson,Female,0,49,Yes,Yes,49,Two year,33.42,1625.1,Credit card,No,Yes,No internet service,No internet service,No internet service,No internet service,No internet service,No internet service,Yes,No
CUST-04296,Elizabeth Anderson,Female,1,72,Yes,No,1,Month-to-month,67.91,67.91,Electronic check,DSL,Yes,No,No,No,No,No,Yes,Yes,Yes
CUST-04297,David Wright,Male,0,39,Yes,No,1,Month-to-month,35.34,39.19,Electronic check,No,Yes,No internet service,No internet service,No internet service,No internet service,No internet service,No internet service,Yes,Yes
CUST-04298,James Brown,Male,0,60,Yes,No,9,Month-to-month,78.58,700.19,Bank transfer,DSL,Yes,No,Yes,Yes,No,Yes,No,No,No
CUST-04299,Sarah Flores,Male,1,73,No,No,47,One year,76.37,3583.1,Electronic check,DSL,Yes,Yes,Yes,Yes,No,No,No,Yes,No
CUST-04300,James Flores,Male,0,30,No,No,53,Two year,77.12,4068.18,Credit card,DSL,Yes,Yes,Yes,No,No,No,No,Yes,Yes
CUST-04301,Betty Anderson,Female,1,66,No,No,34,Two year,91.47,3132.62,Electronic check,Fiber optic,Yes,No,No,No,Yes,No,No,Yes,Yes
CUST-04302,Barbara Gonzalez,Male,0,43,No,No,15,One year,66.6,1008.52,Electronic check,DSL,Yes,No,No,No,Yes,No,Yes,Yes,No
CUST-04303,James Perez,Male,0,64,No,No,3,Month-to-month,82.18,226.9,Credit card,Fiber optic,Yes,No,Yes,No,No,No,No,Yes,Yes
CUST-04304,Jennifer Robinson,Female,0,20,No,No,43,Two year,89.14,3798.52,Electronic check,DSL,Yes,Yes,Yes,No,Yes,No,No,Yes,No
CUST-04305,Jennifer Garcia,Female,1,73,Yes,No,19,One year,109.56,2103.46,Electronic check,Fiber optic,Yes,No,Yes,Yes,Yes,No,Yes,No,No
CUST-04306,Mark Garcia,Male,0,19,No,No,71,Two year,106.28,7548.91,Credit card,Fiber optic,Yes,Yes,No,No,Yes,Yes,Yes,Yes,No
CUST-04307,David Scott,Male,0,26,Yes,No,19,One year,17.62,319.42,Mailed check,No,No,No internet service,No internet service,No internet service,No internet service,No internet service,No internet service,Yes,No
CUST-04308,Sarah Miller,Male,0,35,Yes,No,15,Two year,101.39,1560.28,Mailed check,Fiber optic,No,No,No,Yes,Yes,Yes,Yes,No,No
CUST-04309,David Davis,Male,0,30,Yes,No,7,Month-to-month,91.64,627.02,Bank transfer,Fiber optic,Yes,No,No,No,Yes,Yes,Yes,Yes,No
CUST-04310,Karen Martin,Male,1,81,Yes,No,3,Month-to-month,98.0,302.32,Mailed check,Fiber optic,Yes,Yes,No,Yes,No,No,No,Yes,Yes
CUST-04311,Michael Anderson,Male,0,27,Yes,No,2,Month-to-month,63.14,79.03,Credit card,DSL,Yes,No,No,No,Yes,No,No,No,Yes
CUST-04312,Charles Martin,Male,0,56,Yes,No,11,One year,30.64,303.45,Credit card,No,Yes,No internet service,No internet service,No internet service,No internet service,No internet service,No internet service,No,No
CUST-04313,Sarah Thomas,Female,0,33,No,No,8,Month-to-month,39.95,274.24,Electronic check,No,Yes,No internet service,No internet service,No internet service,No internet service,No internet service,No internet service,No,Yes
CUST-04314,Andrew Clark,Female,1,70,Yes,No,62,Two year,92.12,5708.82,Bank transfer,Fiber optic,Yes,Yes,No,No,No,No,Yes,Yes,Yes
CUST-04315,Mary Brown,Female,0,58,No,No,39,Two year,101.04,3904.16,Bank transfer,Fiber optic,Yes,No,Yes,No,No,No,Yes,No,Yes
CUST-04316,Nancy Williams,Male,0,33,No,No,2,Month-to-month,113.62,255.95,Credit card,Fiber optic,Yes,No,Yes,Yes,Yes,Yes,No,Yes,No
CUST-04317,Steven Brown,Female,0,21,Yes,No,36,One year,113.42,4039.45,Mailed check,DSL,Yes,Yes,Yes,Yes,No,Yes,Yes,No,No
CUST-04318,Donald Thompson,Female,0,27,Yes,No,28,Two year,114.26,3169.97,Bank transfer,Fiber optic,Yes,No,Yes,Yes,Yes,Yes,No,No,No
CUST-04319,Margaret King,Male,1,67,No,No,4,Month-to-month,87.15,345.14,Electronic check,Fiber optic,Yes,Yes,Yes,No,No,No,No,No,No
CUST-04320,Patricia Lee,Male,1,66,Yes,No,67,Two year,88.18,5876.77,Credit card,DSL,Yes,No,No,Yes,Yes,Yes,No,No,No
CUST-04321,Nancy Martinez,Female,0,57,Yes,No,10,Month-to-month,76.14,781.04,Electronic check,DSL,Yes,Yes,No,No,Yes,No,No,Yes,No
CUST-04322,Richard Jackson,Male,0,21,No,Yes,39,One year,94.48,3659.0,Credit card,Fiber optic,Yes,Yes,Yes,No,No,No,No,Yes,Yes
CUST-04323,Mark Nguyen,Female,0,49,No,No,53,Two year,72.03,3850.9,Bank transfer,DSL,Yes,Yes,Yes,No,No,Yes,No,Yes,No
CUST-04324,Lisa Jackson,Male,0,40,No,No,37,Two year,99.4,3716.31,Electronic check,Fiber optic,Yes,Yes,No,No,Yes,No,No,No,No
CUST-04325,David Clark,Male,1,83,Yes,No,35,One year,100.76,3568.16,Credit card,Fiber optic,Yes,Yes,No,Yes,No,No,Yes,No,Yes
CUST-04326,Emily Davis,Female,1,83,No,Yes,28,Two year,19.35,591.79,Credit card,No,No,No internet service,No internet service,No internet service,No internet service,No internet service,No internet service,No,No
CUST-04327,Sarah Wright,Female,0,53,No,Yes,34,One year,78.04,2621.66,Credit card,Fiber optic,No,No,Yes,No,No,No,No,Yes,No
CUST-04328,Donald Wright,Female,0,27,Yes,No,24,One year,87.32,2085.33,Electronic check,DSL,Yes,Yes,No,Yes,No,No,Yes,No,No
CUST-04329,Sandra Robinson,Male,0,30,No,Yes,4,Month-to-month,105.86,452.87,Mailed check,Fiber optic,Yes,Yes,Yes,No,Yes,No,No,No,No
CUST-04330,Sarah Moore,Female,0,39,No,No,15,Two year,94.7,1423.36,Credit card,Fiber optic,Yes,Yes,Yes,No,No,No,No,Yes,No
CUST-04331,William Jones,Male,0,20,Yes,No,4,Month-to-month,77.47,328.02,Electronic check,DSL,No,Yes,Yes,No,No,Yes,Yes,No,Yes
CUST-04332,Betty Gonzalez,Male,1,76,Yes,Yes,19,One year,33.86,616.53,Credit card,No,Yes,No internet service,No internet service,No internet service,No internet service,No internet service,No internet service,No,No
CUST-04333,Donald Martin,Female,0,30,Yes,No,4,Month-to-month,73.29,300.04,Credit card,DSL,Yes,No,No,Yes,No,No,Yes,No,Yes
CUST-04334,Betty Wilson,Female,1,82,No,Yes,6,Month-to-month,60.07,357.33,Credit card,DSL,No,No,No,No,No,No,Yes,No,Yes
CUST-04335,Charles Torres,Male,0,50,Yes,No,64,Two year,53.61,3456.54,Bank transfer,DSL,Yes,No,No,No,No,No,No,Yes,No
CUST-04336,Richard Hill,Female,0,48,No,No,39,Two year,91.84,3605.89,Mailed check,DSL,Yes,No,Yes,Yes,No,Yes,Yes,No,No
CUST-04337,Steven Johnson,Male,0,41,Yes,Yes,4,Month-to-month,17.75,118.52,Bank transfer,No,No,No internet service,No internet service,No internet service,No internet service,No internet service,No internet service,No,No
CUST-04338,Joseph Lee,Male,0,42,No,No,15,One year,82.62,1213.27,Mailed check,Fiber optic,Yes,No,Yes,No,No,No,No,Yes,Yes
CUST-04339,Linda Lee,Female,0,46,Yes,No,1,Month-to-month,32.9,67.07,Electronic check,No,Yes,No internet service,No internet service,No internet service,No internet service,No internet service,No internet service,Yes,No
CUST-04340,Margaret Smith,Female,1,79,No,No,33,Two year,90.75,2994.79,Mailed check,Fiber optic,Yes,No,Yes,No,No,No,No,Yes,No
CUST-04341,Jennifer Taylor,Male,0,29,Yes,Yes,7,Month-to-month,63.2,445.95,Mailed check,DSL,Yes,Yes,No,No,No,No,No,No,Yes
CUST-04342,Kimberly Moore,Male,1,82,Yes,No,61,Two year,108.34,6626.81,Electronic check,Fiber optic,Yes,No,No,Yes,Yes,Yes,No,Yes,No
CUST-04343,Donald Lewis,Male,0,54,Yes,No,10,One year,111.19,1062.26,Mailed check,Fiber optic,Yes,Yes,Yes,No,No,Yes,Yes,Yes,No
CUST-04344,William White,Male,0,33,No,No,4,Month-to-month,95.1,378.72,Bank transfer,Fiber optic,Yes,Yes,No,No,No,Yes,Yes,Yes,No
CUST-04345,Susan Flores,Male,0,33,No,Yes,39,One year,34.35,1312.88,Credit card,No,Yes,No internet service,No internet service,No internet service,No internet service,No internet service,No internet service,No,No
CUST-04346,Matthew Walker,Female,0,45,No,Yes,18,Two year,113.08,2035.47,Bank transfer,Fiber optic,Yes,No,Yes,No,Yes,Yes,Yes,No,No
CUST-04347,Mark Nguyen,Male,0,61,Yes,No,66,Two year,15.04,1042.0,Electronic check,No,No,No internet service,No internet service,No internet service,No internet service,No internet service,No internet service,No,No
CUST-04348,Nancy Thomas,Female,0,34,No,No,4,Month-to-month,33.15,129.42,Mailed check,No,Yes,No internet service,No internet service,No internet service,No internet service,No internet service,No internet service,No,Yes
CUST-04349,Thomas Hill,Male,0,52,Yes,Yes,63,Two year,66.11,4131.48,Mailed check,Fiber optic,No,No,No,Yes,No,No,No,Yes,No
CUST-04350,Sandra Robinson,Male,0,56,No,No,8,Month-to-month,27.67,172.17,Credit card,No,Yes,No internet service,No internet service,No internet service,No internet service,No internet service,No internet service,No,Yes
CUST-04351,Thomas Lopez,Male,0,26,Yes,No,2,Month-to-month,102.39,178.15,Mailed check,Fiber optic,Yes,No,Yes,No,Yes,Yes,No,No,Yes
CUST-04352,Nancy Hernandez,Female,0,44,No,No,5,Month-to-month,33.5,139.93,Electronic check,No,Yes,No internet service,No internet service,No internet service,No internet service,No internet service,No internet service,No,No
CUST-04353,Joshua Walker,Female,0,46,Yes,Yes,7,Month-to-month,72.11,493.81,Bank transfer,DSL,Yes,Yes,No,No,No,Yes,No,Yes,Yes
CUST-04354,Jessica Hill,Male,0,52,Yes,No,10,Month-to-month,92.43,961.01,Electronic check,DSL,Yes,No,No,Yes,Yes,Yes,Yes,Yes,No
CUST-04355,Daniel Robinson,Female,0,55,No,No,37,Two year,105.31,3885.77,Credit card,Fiber optic,Yes,Yes,No,No,No,Yes,Yes,Yes,No
CUST-04356,Barbara Martinez,Male,0,32,Yes,Yes,9,Month-to-month,67.24,587.06,Mailed check,DSL,Yes,No,Yes,No,No,No,No,Yes,Yes
CUST-04357,Richard Davis,Male,0,41,No,No,11,Month-to-month,35.83,393.55,Bank transfer,No,Yes,No internet service,No internet service,No internet service,No internet service,No internet service,No internet service,Yes,No
CUST-04358,Anthony Smith,Female,0,29,Yes,No,27,Two year,95.5,2628.05,Bank transfer,DSL,Yes,No,Yes,Yes,No,Yes,Yes,Yes,No
CUST-04359,Christopher Allen,Female,0,29,Yes,No,2,Month-to-month,66.03,178.13,Credit card,DSL,Yes,No,No,No,No,No,Yes,Yes,Yes
CUST-04360,Mark Anderson,Female,0,29,No,Yes,17,Two year,82.07,1441.94,Electronic check,DSL,Yes,No,Yes,Yes,Yes,No,No,Yes,No
CUST-04361,Nancy Lee,Female,0,45,No,No,26,One year,33.03,824.92,Bank transfer,No,Yes,No internet service,No internet service,No internet service,No internet service,No internet service,No internet service,Yes,No
CUST-04362,David Sanchez,Female,0,36,Yes,No,16,Two year,69.4,1127.59,Credit card,DSL,Yes,Yes,No,No,No,Yes,No,Yes,No
CUST-04363,Mary Nguyen,Male,0,42,Yes,No,57,Two year,102.19,5834.37,Bank transfer,Fiber optic,Yes,Yes,No,No,Yes,No,No,No,No
CUST-04364,Michael Jones,Female,0,51,No,No,8,Month-to-month,99.64,789.19,Electronic check,DSL,Yes,Yes,Yes,Yes,No,No,Yes,Yes,No
CUST-04365,Paul Lopez,Female,0,27,Yes,No,4,Month-to-month,25.51,57.2,Credit card,No,No,No internet service,No internet service,No internet service,No internet service,No internet service,No internet service,No,No
CUST-04366,Margaret Thomas,Female,0,26,Yes,No,11,Month-to-month,18.69,212.75,Electronic check,No,No,No internet service,No internet service,No internet service,No internet service,No internet service,No internet service,Yes,Yes
CUST-04367,Paul Ramirez,Male,0,55,No,Yes,11,Month-to-month,77.78,811.89,Mailed check,DSL,Yes,No,No,No,No,Yes,Yes,No,Yes
CUST-04368,Christopher Sanchez,Male,0,52,No,No,9,Month-to-month,91.02,801.33,Mailed check,Fiber optic,Yes,Yes,No,No,No,No,No,Yes,No
CUST-04369,Donald Brown,Male,0,34,No,Yes,4,Month-to-month,56.67,232.59,Electronic check,DSL,No,No,No,No,No,Yes,No,Yes,No
CUST-04370,Betty Hill,Male,0,37,Yes,No,2,Month-to-month,91.67,160.51,Credit card,Fiber optic,Yes,No,No,No,No,Yes,No,No,Yes
CUST-04371,Barbara Garcia,Female,0,36,Yes,No,53,Two year,84.03,4422.38,Mailed check,Fiber optic,Yes,No,No,No,Yes,No,No,No,No
CUST-04372,Matthew White,Female,0,50,No,Yes,37,One year,97.45,3571.42,Credit card,DSL,Yes,Yes,Yes,No,Yes,Yes,No,Yes,No
CUST-04373,William Garcia,Male,1,65,Yes,No,10,Month-to-month,51.28,483.76,Mailed check,DSL,Yes,No,No,No,No,No,No,Yes,No
CUST-04374,Barbara Hernandez,Male,0,59,No,No,57,Two year,95.8,5470.11,Credit card,Fiber optic,Yes,No,No,Yes,No,Yes,Yes,No,No
CUST-04375,Sarah Clark,Male,0,22,Yes,No,2,Month-to-month,70.95,152.71,Electronic check,Fiber optic,Yes,No,No,No,No,No,No,Yes,No
CUST-04376,Ashley Young,Female,1,73,Yes,No,32,Two year,93.55,2961.99,Electronic check,Fiber optic,Yes,No,No,No,Yes,Yes,No,Yes,No
CUST-04377,Barbara Brown,Female,0,30,Yes,No,2,Month-to-month,83.09,207.87,Credit card,DSL,Yes,No,Yes,No,No,Yes,No,Yes,No
CUST-04378,Margaret Thomas,Male,0,22,Yes,Yes,2,Month-to-month,81.8,195.79,Electronic check,DSL,Yes,Yes,No,Yes,No,No,Yes,Yes,Yes
CUST-04379,Nancy Jackson,Female,0,43,Yes,No,8,Month-to-month,118.03,985.45,Bank transfer,Fiber optic,Yes,Yes,No,Yes,Yes,Yes,Yes,No,No
CUST-04380,Mary Martinez,Female,0,57,Yes,No,36,Two year,36.17,1287.21,Credit card,No,Yes,No internet service,No internet service,No internet service,No internet service,No internet service,No internet service,Yes,No
CUST-04381,Sandra Taylor,Male,0,61,Yes,Yes,32,One year,70.8,2284.05,Electronic check,DSL,Yes,No,No,No,No,Yes,No,No,Yes
CUST-04382,David Hernandez,Male,0,49,Yes,No,25,One year,103.34,2592.99,Bank transfer,Fiber optic,Yes,Yes,No,Yes,No,No,Yes,Yes,No
CUST-04383,Mary Miller,Female,0,35,Yes,No,64,Two year,106.11,6767.03,Electronic check,Fiber optic,Yes,Yes,No,No,No,Yes,Yes,Yes,No
CUST-04384,David Johnson,Male,0,43,Yes,Yes,9,Month-to-month,88.25,838.76,Electronic check,DSL,Yes,Yes,Yes,Yes,No,No,No,Yes,Yes
CUST-04385,Robert White,Male,0,35,No,Yes,9,One year,91.43,839.84,Bank transfer,Fiber optic,No,No,No,No,Yes,Yes,No,Yes,No
CUST-04386,Sandra Martinez,Female,0,27,No,No,56,Two year,83.64,4710.12,Credit card,DSL,Yes,No,No,Yes,Yes,Yes,No,Yes,No
CUST-04387,James Scott,Female,0,19,No,Yes,13,One year,34.68,424.12,Electronic check,No,Yes,No internet service,No internet service,No internet service,No internet service,No internet service,No internet service,No,No
CUST-04388,Betty Ramirez,Male,0,55,Yes,No,15,One year,86.83,1293.86,Electronic check,Fiber optic,No,No,No,Yes,Yes,No,No,No,No
CUST-04389,Susan Rodriguez,Male,0,53,No,No,10,Month-to-month,79.37,822.77,Electronic check,DSL,Yes,No,Yes,No,Yes,No,No,Yes,Yes
CUST-04390,Anthony Hill,Female,0,59,No,No,10,Month-to-month,40.45,393.13,Mailed check,DSL,No,No,No,No,No,No,No,No,No
CUST-04391,Michael Brown,Female,0,63,No,No,31,One year,27.31,863.91,Mailed check,No,Yes,No internet service,No internet service,No internet service,No internet service,No internet service,No internet service,Yes,No
CUST-04392,Mark Robinson,Female,0,52,Yes,No,1,Month-to-month,84.03,127.57,Credit card,DSL,Yes,No,Yes,No,No,No,Yes,Yes,No
CUST-04393,Steven Young,Female,0,55,Yes,No,25,One year,91.16,2271.56,Mailed check,Fiber optic,Yes,No,Yes,No,No,No,No,Yes,No
CUST-04394,Steven Anderson,Male,0,39,Yes,No,6,One year,85.66,466.96,Electronic check,DSL,Yes,No,No,Yes,Yes,Yes,Yes,No,Yes
CUST-04395,Sandra Scott,Male,0,64,Yes,Yes,33,Two year,98.72,3226.5,Electronic check,Fiber optic,Yes,Yes,Yes,Yes,Yes,No,No,No,No
CUST-04396,Mary Taylor,Male,0,40,Yes,Yes,11,Month-to-month,58.03,643.63,Bank transfer,DSL,Yes,No,No,No,Yes,No,No,No,No
CUST-04397,Barbara Ramirez,Female,0,51,No,No,37,One year,77.17,2841.8,Bank transfer,DSL,No,No,Yes,Yes,No,Yes,Yes,No,No
CUST-04398,William Nguyen,Female,0,35,No,No,9,Month-to-month,26.99,203.89,Credit card,No,Yes,No internet service,No internet service,No internet service,No internet service,No internet service,No internet service,Yes,No
CUST-04399,Nancy Lopez,Male,0,30,Yes,Yes,35,One year,29.11,1062.92,Credit card,No,Yes,No internet service,No internet service,No internet service,No internet service,No internet service,No internet service,Yes,No
CUST-04400,Nancy Lee,Male,1,82,Yes,Yes,7,Month-to-month,90.32,638.18,Electronic check,Fiber optic,Yes,Yes,No,No,Yes,No,No,No,No
CUST-04401,Daniel Allen,Male,0,39,No,Yes,23,Two year,25.52,539.39,Electronic check,No,Yes,No internet service,No internet service,No internet service,No internet service,No internet service,No internet service,Yes,No
CUST-04402,Patricia King,Male,0,45,No,Yes,8,Month-to-month,99.65,795.88,Bank transfer,DSL,Yes,Yes,Yes,No,Yes,No,Yes,No,Yes
CUST-04403,William Sanchez,Female,0,42,No,Yes,55,Two year,69.07,3848.32,Bank transfer,DSL,Yes,Yes,Yes,No,No,No,No,Yes,No
CUST-04404,William Hernandez,Male,0,21,Yes,No,60,Two year,37.02,2227.46,Bank transfer,No,Yes,No internet service,No internet service,No internet service,No internet service,No internet service,No internet service,No,No
CUST-04405,Sarah Robinson,Female,0,57,No,No,8,Month-to-month,38.03,267.92,Credit card,No,Yes,No internet service,No internet service,No internet service,No internet service,No internet service,No internet service,No,Yes
CUST-04406,Mary Martinez,Male,0,42,No,No,68,Two year,105.16,7142.91,Credit card,Fiber optic,Yes,No,Yes,Yes,Yes,Yes,No,No,Yes
CUST-04407,Susan Scott,Male,0,47,No,No,31,Two year,103.11,3202.33,Mailed check,Fiber optic,Yes,Yes,Yes,No,No,Yes,No,Yes,No
CUST-04408,Robert Lopez,Female,1,78,No,No,13,Two year,103.04,1305.29,Mailed check,DSL,Yes,Yes,Yes,Yes,Yes,Yes,Yes,Yes,No
CUST-04409,Daniel Taylor,Male,0,50,No,Yes,14,One year,84.27,1183.15,Mailed check,Fiber optic,Yes,No,Yes,No,No,No,No,Yes,No
CUST-04410,Charles Thomas,Male,0,33,No,No,10,Month-to-month,88.74,924.99,Electronic check,DSL,Yes,Yes,No,Yes,No,Yes,No,Yes,No
CUST-04411,Ashley Clark,Female,1,73,Yes,No,5,Month-to-month,28.22,145.17,Bank transfer,No,Yes,No internet service,No internet service,No internet service,No internet service,No internet service,No internet service,Yes,No
CUST-04412,Patricia King,Female,0,62,Yes,No,36,Two year,74.96,2664.37,Mailed check,Fiber optic,Yes,No,No,Yes,No,No,No,Yes,No
CUST-04413,Mary Clark,Female,0,49,No,No,6,One year,91.33,575.6,Mailed check,Fiber optic,Yes,No,Yes,Yes,No,No,No,No,Yes
CUST-04414,Elizabeth Jones,Female,0,26,No,No,4,Month-to-month,20.73,55.8,Electronic check,No,No,No internet service,No internet service,No internet service,No internet service,No internet service,No internet service,Yes,Yes
CUST-04415,Lisa Lewis,Male,0,61,Yes,No,41,One year,85.16,3468.39,Credit card,DSL,Yes,Yes,No,Yes,No,No,Yes,Yes,No
CUST-04416,Charles Robinson,Female,0,23,Yes,No,7,Month-to-month,31.22,180.73,Credit card,No,Yes,No internet service,No internet service,No internet service,No internet service,No internet service,No internet service,Yes,No
CUST-04417,Mark Flores,Male,0,47,No,Yes,4,Month-to-month,101.55,439.85,Bank transfer,Fiber optic,Yes,Yes,Yes,No,Yes,Yes,No,Yes,No
CUST-04418,John Hill,Male,0,47,No,Yes,26,One year,28.78,762.21,Bank transfer,No,Yes,No internet service,No internet service,No internet service,No internet service,No internet service,No internet service,Yes,No
CUST-04419,Steven Taylor,Male,0,33,Yes,Yes,4,Month-to-month,50.33,218.48,Mailed check,DSL,Yes,No,No,No,No,No,No,Yes,No
CUST-04420,Jessica Thompson,Male,0,27,No,Yes,3,Month-to-month,81.38,218.12,Credit card,Fiber optic,No,No,No,No,No,Yes,Yes,Yes,Yes
CUST-04421,Matthew Harris,Female,0,53,No,No,3,Month-to-month,35.16,125.31,Bank transfer,No,Yes,No internet service,No internet service,No internet service,No internet service,No internet service,No internet service,Yes,Yes
CUST-04422,Richard Lopez,Male,0,48,Yes,Yes,2,Month-to-month,95.77,164.3,Electronic check,Fiber optic,Yes,Yes,Yes,No,No,No,No,Yes,No
CUST-04423,Steven Robinson,Female,0,53,No,No,3,Month-to-month,30.02,65.41,Bank transfer,No,Yes,No internet service,No internet service,No internet service,No internet service,No internet service,No internet service,No,Yes
CUST-04424,Paul Taylor,Female,0,64,No,No,6,Month-to-month,27.35,188.87,Bank transfer,No,No,No internet service,No internet service,No internet service,No internet service,No internet service,No internet service,Yes,No
CUST-04425,Daniel Martinez,Male,0,45,No,Yes,40,One year,56.99,2269.43,Bank transfer,DSL,No,Yes,No,No,No,Yes,No,No,No
CUST-04426,Barbara Davis,Male,1,77,No,Yes,30,Two year,81.57,2489.3,Electronic check,DSL,Yes,Yes,No,No,Yes,Yes,No,Yes,Yes
CUST-04427,Mark Davis,Female,0,40,Yes,No,32,One year,72.51,2347.36,Credit card,DSL,Yes,Yes,Yes,No,No,No,No,Yes,No
CUST-04428,Robert Rodriguez,Female,0,56,Yes,No,3,Month-to-month,87.44,300.62,Credit card,Fiber optic,No,Yes,No,Yes,Yes,No,No,Yes,No
CUST-04429,Karen Perez,Female,0,35,No,No,66,Two year,86.0,5656.82,Bank transfer,Fiber optic,Yes,No,No,No,Yes,No,No,Yes,Yes
CUST-04430,Ashley Anderson,Male,1,68,Yes,Yes,11,Month-to-month,72.2,828.1,Mailed check,DSL,Yes,Yes,No,Yes,No,No,No,Yes,Yes
CUST-04431,Jennifer White,Male,0,62,Yes,Yes,16,One year,84.01,1354.47,Credit card,DSL,Yes,Yes,Yes,No,No,No,Yes,No,No
CUST-04432,Steven Gonzalez,Male,1,82,No,No,5,Month-to-month,66.44,357.14,Credit card,DSL,Yes,No,No,No,No,Yes,No,Yes,No
CUST-04433,Daniel Williams,Female,0,62,No,Yes,11,Month-to-month,68.95,761.13,Bank transfer,DSL,No,No,Yes,No,Yes,Yes,No,Yes,No
CUST-04434,Barbara Taylor,Male,0,44,Yes,Yes,2,Month-to-month,72.14,163.56,Electronic check,DSL,Yes,Yes,Yes,No,No,No,No,No,Yes
CUST-04435,Kimberly Garcia,Female,0,38,No,No,36,One year,108.04,3860.0,Electronic check,Fiber optic,Yes,No,No,Yes,Yes,Yes,Yes,Yes,Yes
CUST-04436,Emily Flores,Male,0,59,No,No,9,Month-to-month,91.73,779.6,Mailed check,DSL,Yes,Yes,No,Yes,Yes,No,Yes,Yes,Yes
CUST-04437,Robert Moore,Female,0,53,Yes,No,5,Month-to-month,61.5,303.39,Bank transfer,DSL,Yes,Yes,No,No,No,No,No,Yes,No
CUST-04438,Nancy Jackson,Female,0,32,No,No,3,Month-to-month,104.41,335.09,Credit card,Fiber optic,Yes,Yes,Yes,No,No,Yes,No,Yes,No
CUST-04439,Charles Lopez,Male,0,54,No,Yes,3,Month-to-month,112.83,341.61,Bank transfer,Fiber optic,Yes,Yes,Yes,Yes,Yes,No,No,Yes,No
CUST-04440,Robert Torres,Male,0,43,Yes,No,36,Two year,83.98,3023.49,Bank transfer,Fiber optic,Yes,No,No,No,No,No,No,No,Yes
CUST-04441,Karen Robinson,Male,0,42,Yes,Yes,24,One year,27.11,656.93,Electronic check,No,Yes,No internet service,No internet service,No internet service,No internet service,No internet service,No internet service,Yes,Yes
CUST-04442,Elizabeth Gonzalez,Female,0,62,Yes,No,5,Month-to-month,51.83,241.71,Mailed check,DSL,No,No,No,Yes,No,No,No,Yes,Yes
CUST-04443,Charles Lopez,Male,0,41,Yes,Yes,69,Two year,105.3,7263.25,Mailed check,Fiber optic,Yes,Yes,Yes,Yes,No,No,Yes,No,No
CUST-04444,Paul Flores,Female,0,22,No,No,5,Month-to-month,108.88,508.34,Credit card,Fiber optic,Yes,Yes,Yes,No,No,Yes,No,No,Yes
CUST-04445,Jennifer White,Female,0,26,Yes,No,34,Two year,119.25,4052.0,Bank transfer,Fiber optic,Yes,Yes,Yes,Yes,Yes,Yes,No,Yes,No
CUST-04446,Ashley King,Male,0,42,Yes,No,32,One year,95.58,3093.89,Credit card,DSL,Yes,Yes,Yes,No,No,Yes,Yes,Yes,No
CUST-04447,Paul Smith,Female,0,63,Yes,No,15,One year,109.15,1623.98,Bank transfer,Fiber optic,Yes,Yes,Yes,No,No,Yes,No,Yes,No
CUST-04448,Matthew Taylor,Male,0,63,No,No,7,Month-to-month,107.62,785.08,Mailed check,Fiber optic,Yes,No,Yes,Yes,Yes,No,Yes,Yes,No
CUST-04449,Jennifer Torres,Male,0,20,Yes,No,65,Two year,85.15,5505.06,Bank transfer,DSL,Yes,No,Yes,Yes,No,No,Yes,No,No
CUST-04450,Elizabeth Williams,Female,0,59,No,Yes,39,One year,81.58,3199.44,Electronic check,DSL,Yes,Yes,Yes,No,No,No,No,No,No
CUST-04451,Lisa Taylor,Female,0,24,Yes,No,11,One year,97.37,1043.32,Mailed check,DSL,Yes,No,Yes,Yes,Yes,Yes,No,Yes,Yes
CUST-04452,Charles Moore,Male,0,28,Yes,Yes,11,Month-to-month,38.71,469.4,Electronic check,No,Yes,No internet service,No internet service,No internet service,No internet service,No internet service,No internet service,No,No
CUST-04453,Ashley Wilson,Female,0,60,Yes,No,9,Month-to-month,80.25,757.84,Mailed check,DSL,Yes,Yes,Yes,No,Yes,No,No,Yes,No
CUST-04454,Karen Davis,Female,0,63,No,No,11,Month-to-month,76.36,874.78,Bank transfer,DSL,Yes,No,Yes,Yes,No,No,No,Yes,No
CUST-04455,Andrew Allen,Male,0,36,Yes,No,9,Month-to-month,34.19,294.22,Credit card,No,Yes,No internet service,No internet service,No internet service,No internet service,No internet service,No internet service,No,No
CUST-04456,Christopher Rodriguez,Female,0,18,Yes,Yes,17,Two year,103.55,1770.23,Electronic check,Fiber optic,Yes,No,Yes,Yes,Yes,Yes,No,Yes,No
CUST-04457,Andrew Harris,Male,1,81,No,No,3,Month-to-month,78.63,201.16,Credit card,Fiber optic,No,No,Yes,No,No,Yes,No,No,No
CUST-04458,Ashley Ramirez,Female,0,28,Yes,No,3,Month-to-month,134.24,399.39,Mailed check,Fiber optic,Yes,Yes,Yes,Yes,Yes,Yes,Yes,Yes,No
CUST-04459,Barbara Williams,Female,0,64,No,Yes,10,Month-to-month,76.4,776.62,Electronic check,DSL,Yes,Yes,No,Yes,No,No,No,No,No
CUST-04460,Susan Hill,Male,0,55,No,Yes,11,Month-to-month,31.7,325.82,Electronic check,No,Yes,No internet service,No internet service,No internet service,No internet service,No internet service,No internet service,No,No
CUST-04461,Michael Harris,Male,0,60,Yes,No,38,One year,96.23,3650.88,Mailed check,Fiber optic,Yes,No,Yes,No,No,Yes,No,Yes,No
CUST-04462,Donna Moore,Male,0,40,No,No,4,Month-to-month,95.9,426.53,Credit card,DSL,Yes,Yes,Yes,Yes,No,No,Yes,Yes,Yes
CUST-04463,Kimberly Moore,Male,0,38,Yes,No,21,One year,114.02,2345.37,Bank transfer,Fiber optic,Yes,Yes,Yes,Yes,Yes,No,No,Yes,No
CUST-04464,Anthony Hernandez,Female,0,61,Yes,No,51,Two year,113.82,5780.99,Mailed check,Fiber optic,Yes,Yes,Yes,No,Yes,No,Yes,Yes,No
CUST-04465,Emily Lee,Male,0,46,Yes,No,7,Month-to-month,82.94,567.05,Bank transfer,Fiber optic,Yes,No,No,No,No,No,No,No,No
CUST-04466,Mary Jackson,Male,0,29,No,Yes,8,Month-to-month,110.61,842.98,Credit card,Fiber optic,Yes,Yes,Yes,Yes,No,No,No,No,No
CUST-04467,Mark Martin,Female,1,81,No,No,50,Two year,96.09,4761.24,Credit card,Fiber optic,Yes,Yes,Yes,No,No,No,Yes,No,No
CUST-04468,Nancy Jones,Female,0,60,No,No,7,Month-to-month,99.08,664.01,Bank transfer,Fiber optic,Yes,No,No,No,Yes,No,Yes,Yes,No
CUST-04469,Linda Thompson,Male,0,48,Yes,No,9,Month-to-month,66.87,556.35,Mailed check,DSL,Yes,No,No,No,No,Yes,No,Yes,Yes
CUST-04470,Donald Thomas,Male,0,64,Yes,No,39,Two year,113.11,4423.89,Credit card,Fiber optic,Yes,No,Yes,No,No,Yes,Yes,No,No
CUST-04471,Patricia Anderson,Female,0,56,No,No,6,Month-to-month,101.43,606.06,Bank transfer,Fiber optic,Yes,Yes,Yes,No,Yes,No,No,Yes,No
CUST-04472,Michelle Thomas,Female,0,25,Yes,Yes,8,Month-to-month,85.7,711.42,Bank transfer,Fiber optic,No,No,No,No,No,Yes,Yes,Yes,No
CUST-04473,Margaret Jackson,Female,0,61,Yes,No,8,Month-to-month,39.69,327.47,Credit card,No,Yes,No internet service,No internet service,No internet service,No internet service,No internet service,No internet service,Yes,No
CUST-04474,Susan Moore,Male,1,67,Yes,Yes,7,Month-to-month,37.79,236.1,Mailed check,No,Yes,No internet service,No internet service,No internet service,No internet service,No internet service,No internet service,No,Yes
CUST-04475,Matthew Lewis,Female,0,63,Yes,Yes,34,Two year,95.12,3279.56,Mailed check,Fiber optic,Yes,No,Yes,No,No,No,Yes,No,No
CUST-04476,Paul Thomas,Female,0,41,Yes,Yes,18,Two year,76.15,1377.95,Mailed check,Fiber optic,Yes,No,No,No,Yes,No,No,Yes,No
CUST-04477,Betty Allen,Male,0,45,Yes,No,10,One year,79.18,836.17,Mailed check,Fiber optic,No,No,No,No,No,Yes,No,Yes,No
CUST-04478,Betty Scott,Female,1,81,Yes,No,29,One year,120.68,3523.19,Mailed check,Fiber optic,Yes,Yes,Yes,Yes,No,Yes,Yes,No,No
CUST-04479,James Davis,Male,0,22,Yes,No,8,Month-to-month,30.31,275.82,Electronic check,No,Yes,No internet service,No internet service,No internet service,No internet service,No internet service,No internet service,Yes,No
CUST-04480,Thomas Taylor,Female,0,30,No,No,11,Month-to-month,39.72,453.19,Bank transfer,No,Yes,No internet service,No internet service,No internet service,No internet service,No internet service,No internet service,No,No
CUST-04481,Steven King,Male,0,63,No,No,1,Month-to-month,69.35,69.35,Electronic check,DSL,Yes,No,Yes,Yes,No,No,No,Yes,No
CUST-04482,Paul Martin,Female,0,60,Yes,No,4,Month-to-month,112.24,482.61,Bank transfer,Fiber optic,Yes,Yes,No,Yes,Yes,No,Yes,Yes,Yes
CUST-04483,Mary Jackson,Female,0,59,No,Yes,6,Month-to-month,90.84,501.27,Bank transfer,Fiber optic,Yes,No,No,No,Yes,No,No,No,Yes
CUST-04484,Barbara Hill,Female,0,41,No,Yes,23,One year,56.54,1258.15,Electronic check,DSL,Yes,No,No,No,No,No,Yes,No,No
CUST-04485,Donald Perez,Female,0,53,No,No,1,Month-to-month,81.73,98.38,Mailed check,Fiber optic,Yes,No,No,Yes,No,No,No,Yes,Yes
CUST-04486,Joseph Martin,Female,0,60,No,Yes,51,Two year,101.16,5193.91,Electronic check,DSL,Yes,No,Yes,Yes,Yes,Yes,Yes,No,No
CUST-04487,Ashley Martin,Female,0,22,No,No,5,Month-to-month,72.6,369.99,Electronic check,DSL,Yes,No,Yes,Yes,No,No,No,Yes,No
CUST-04488,Daniel Perez,Male,0,30,Yes,No,10,One year,89.56,913.4,Mailed check,Fiber optic,Yes,No,Yes,No,No,No,No,No,No
CUST-04489,Donna Thompson,Male,0,29,Yes,No,7,Month-to-month,37.29,296.48,Credit card,No,Yes,No internet service,No internet service,No internet service,No internet service,No internet service,No internet service,No,No
CUST-04490,Donald Nguyen,Female,0,44,No,Yes,7,Month-to-month,95.89,677.35,Credit card,Fiber optic,Yes,No,Yes,No,Yes,No,No,Yes,Yes
CUST-04491,Kimberly Taylor,Male,0,50,No,Yes,11,Month-to-month,89.9,1034.8,Bank transfer,Fiber optic,Yes,No,Yes,No,No,Yes,Yes,Yes,Yes
CUST-04492,Patricia Harris,Female,0,45,No,Yes,9,Month-to-month,62.83,600.31,Mailed check,DSL,No,Yes,No,No,No,No,No,Yes,No
CUST-04493,Emily Brown,Female,0,39,Yes,Yes,11,Month-to-month,77.56,823.26,Credit card,DSL,Yes,Yes,No,No,Yes,No,No,Yes,No
CUST-04494,Joshua Davis,Male,0,32,No,No,4,Month-to-month,28.28,70.32,Mailed check,No,Yes,No internet service,No internet service,No internet service,No internet service,No internet service,No internet service,Yes,Yes
CUST-04495,Matthew Miller,Female,0,37,Yes,No,43,Two year,27.81,1181.12,Credit card,No,Yes,No internet service,No internet service,No internet service,No internet service,No internet service,No internet service,Yes,No
CUST-04496,Emily Taylor,Male,0,64,Yes,No,68,Two year,50.42,3380.41,Credit card,DSL,No,No,No,Yes,No,No,No,No,No
CUST-04497,Elizabeth Gonzalez,Female,0,40,Yes,No,3,Month-to-month,95.18,238.32,Bank transfer,Fiber optic,No,No,No,Yes,Yes,Yes,No,Yes,No
CUST-04498,Jennifer Lewis,Male,0,18,No,No,43,One year,73.99,3202.02,Mailed check,DSL,Yes,No,Yes,Yes,No,Yes,No,No,No
CUST-04499,Lisa Moore,Male,0,20,No,No,18,Two year,88.7,1601.57,Bank transfer,Fiber optic,Yes,No,No,No,No,Yes,Yes,Yes,No
CUST-04500,Sandra Williams,Male,0,23,Yes,No,16,Two year,33.87,569.83,Mailed check,No,Yes,No internet service,No internet service,No internet service,No internet service,No internet service,No internet service,No,No
CUST-04501,Kimberly Brown,Female,0,46,Yes,Yes,25,One year,91.15,2253.01,Electronic check,DSL,Yes,Yes,Yes,No,No,Yes,Yes,Yes,No
CUST-04502,Sarah Williams,Female,0,53,Yes,No,40,One year,75.92,2998.05,Credit card,DSL,Yes,No,Yes,Yes,No,No,No,Yes,No
CUST-04503,David Wilson,Female,0,47,No,Yes,10,Month-to-month,110.84,1076.83,Credit card,Fiber optic,Yes,Yes,Yes,No,No,No,Yes,Yes,No
CUST-04504,Sarah Young,Male,0,33,Yes,No,62,Two year,98.84,6143.01,Bank transfer,DSL,Yes,Yes,Yes,Yes,Yes,No,Yes,No,No
CUST-04505,Donald Thompson,Male,1,77,Yes,No,4,Month-to-month,84.04,329.96,Mailed check,Fiber optic,Yes,Yes,No,No,No,No,Yes,Yes,Yes
CUST-04506,Donald Lee,Male,0,64,No,Yes,1,Month-to-month,73.33,73.33,Credit card,DSL,Yes,Yes,No,No,No,No,No,Yes,No
CUST-04507,John Hill,Female,0,27,Yes,No,3,Month-to-month,93.1,320.89,Mailed check,DSL,Yes,Yes,Yes,Yes,Yes,No,No,No,No
CUST-04508,Kimberly Garcia,Male,0,32,No,No,35,Two year,87.73,3071.91,Mailed check,Fiber optic,Yes,Yes,No,No,No,No,No,No,Yes
CUST-04509,David Flores,Female,1,73,Yes,Yes,11,Month-to-month,76.29,831.49,Mailed check,DSL,Yes,No,Yes,No,No,Yes,No,Yes,No
CUST-04510,Joshua Robinson,Male,0,36,Yes,No,10,Month-to-month,25.67,226.06,Electronic check,No,No,No internet service,No internet service,No internet service,No internet service,No internet service,No internet service,Yes,No
CUST-04511,Susan Wright,Female,0,25,No,No,3,Month-to-month,32.3,114.07,Bank transfer,No,Yes,No internet service,No internet service,No internet service,No internet service,No internet service,No internet service,No,Yes
CUST-04512,Matthew Allen,Female,0,58,No,No,46,One year,97.58,4533.95,Bank transfer,Fiber optic,Yes,No,No,Yes,No,No,Yes,Yes,No
CUST-04513,Donald Young,Female,0,32,No,No,37,One year,104.29,3825.38,Electronic check,Fiber optic,Yes,No,No,Yes,No,Yes,Yes,Yes,Yes
CUST-04514,Lisa Clark,Female,0,31,No,No,2,Month-to-month,111.95,249.27,Credit card,Fiber optic,Yes,No,Yes,Yes,Yes,Yes,Yes,Yes,No
CUST-04515,Mark Moore,Male,0,60,No,Yes,33,Two year,30.04,987.28,Mailed check,No,Yes,No internet service,No internet service,No internet service,No internet service,No internet service,No internet service,Yes,No
CUST-04516,William Miller,Male,0,48,No,No,49,Two year,88.15,4287.8,Credit card,Fiber optic,No,No,No,No,Yes,Yes,Yes,Yes,No
CUST-04517,Nancy Garcia,Female,0,42,Yes,Yes,46,Two year,104.78,4818.35,Electronic check,Fiber optic,Yes,Yes,Yes,No,Yes,No,No,No,No
CUST-04518,Joshua Davis,Male,0,50,No,No,32,One year,39.73,1281.31,Credit card,No,Yes,No internet service,No internet service,No internet service,No internet service,No internet service,No internet service,Yes,No
CUST-04519,David Moore,Female,1,73,Yes,No,44,One year,27.07,1164.47,Bank transfer,No,Yes,No internet service,No internet service,No internet service,No internet service,No internet service,No internet service,Yes,No
CUST-04520,Michael Miller,Female,1,72,Yes,No,11,Month-to-month,81.84,919.21,Bank transfer,DSL,Yes,Yes,Yes,No,No,No,No,Yes,No
CUST-04521,Barbara Young,Female,1,65,Yes,No,46,Two year,93.1,4295.91,Credit card,DSL,Yes,Yes,Yes,Yes,No,No,Yes,Yes,No
CUST-04522,Margaret Ramirez,Male,0,33,Yes,No,5,Month-to-month,58.94,267.73,Electronic check,DSL,Yes,Yes,No,No,No,No,No,Yes,No
CUST-04523,Michael Lopez,Male,0,43,Yes,Yes,10,One year,109.58,1123.86,Credit card,Fiber optic,Yes,Yes,Yes,No,No,Yes,No,Yes,No
CUST-04524,John Jackson,Male,0,25,No,No,10,Month-to-month,97.9,994.44,Bank transfer,Fiber optic,Yes,No,Yes,No,No,Yes,Yes,Yes,No
CUST-04525,Kimberly Taylor,Female,0,64,No,Yes,46,One year,102.78,4732.22,Bank transfer,Fiber optic,No,Yes,Yes,Yes,No,Yes,Yes,Yes,No
CUST-04526,Jennifer Clark,Female,0,52,No,No,1,Month-to-month,82.36,82.36,Mailed check,Fiber optic,Yes,Yes,No,No,No,No,No,Yes,No
CUST-04527,Paul Allen,Female,0,21,Yes,Yes,10,Month-to-month,119.82,1244.76,Bank transfer,Fiber optic,Yes,Yes,Yes,Yes,Yes,No,Yes,Yes,Yes
CUST-04528,Betty Sanchez,Male,0,42,No,No,39,Two year,93.47,3635.49,Credit card,Fiber optic,Yes,No,Yes,No,No,No,Yes,Yes,No
CUST-04529,Donna Taylor,Male,1,65,No,No,1,Month-to-month,82.34,132.02,Electronic check,Fiber optic,Yes,Yes,No,No,No,No,No,Yes,No
CUST-04530,Charles Perez,Female,0,43,No,No,9,One year,31.77,293.18,Mailed check,No,Yes,No internet service,No internet service,No internet service,No internet service,No internet service,No internet service,Yes,No
CUST-04531,Sarah Lee,Male,0,27,Yes,Yes,2,Month-to-month,109.3,186.2,Electronic check,Fiber optic,Yes,No,Yes,Yes,Yes,No,No,Yes,No
CUST-04532,James Lee,Female,0,33,Yes,No,7,Month-to-month,106.95,724.77,Bank transfer,Fiber optic,Yes,Yes,No,Yes,No,Yes,Yes,Yes,No
CUST-04533,Mark Hill,Male,0,52,Yes,Yes,2,Month-to-month,36.47,104.58,Electronic check,No,Yes,No internet service,No internet service,No internet service,No internet service,No internet service,No internet service,No,Yes
CUST-04534,Richard Rodriguez,Male,0,23,Yes,Yes,66,Two year,81.59,5400.91,Mailed check,DSL,Yes,Yes,Yes,No,Yes,Yes,No,No,No
CUST-04535,Sandra Robinson,Male,0,25,Yes,No,3,Month-to-month,71.7,238.1,Mailed check,DSL,Yes,Yes,No,No,Yes,Yes,No,Yes,No
CUST-04536,Nancy Lee,Male,1,73,Yes,No,1,Month-to-month,54.81,64.55,Electronic check,DSL,No,No,Yes,No,No,Yes,No,Yes,No
CUST-04537,Sarah Wilson,Male,1,71,No,Yes,8,Month-to-month,69.99,512.97,Mailed check,DSL,Yes,Yes,No,No,No,Yes,No,Yes,Yes
CUST-04538,Linda Walker,Male,0,36,Yes,No,29,One year,80.24,2313.51,Electronic check,DSL,Yes,Yes,No,No,Yes,No,Yes,Yes,No
CUST-04539,Linda Wright,Male,0,55,No,No,38,One year,59.32,2254.76,Bank transfer,DSL,No,Yes,No,No,No,No,Yes,No,No
CUST-04540,Joseph Allen,Male,0,45,Yes,No,9,Month-to-month,95.2,852.12,Credit card,Fiber optic,Yes,No,Yes,Yes,No,No,No,No,Yes
CUST-04541,Joshua Miller,Male,0,37,No,Yes,7,Month-to-month,99.16,738.73,Mailed check,Fiber optic,Yes,Yes,Yes,No,No,No,Yes,Yes,Yes
CUST-04542,John Gonzalez,Female,0,33,No,No,15,Two year,114.98,1711.1,Mailed check,Fiber optic,Yes,No,Yes,Yes,Yes,Yes,No,No,No
CUST-04543,David Moore,Male,0,23,Yes,No,33,Two year,74.17,2472.12,Electronic check,DSL,Yes,Yes,No,No,No,Yes,No,Yes,No
CUST-04544,Mark Smith,Male,0,19,Yes,No,8,Month-to-month,112.04,876.2,Bank transfer,Fiber optic,Yes,No,Yes,Yes,Yes,No,Yes,Yes,No
CUST-04545,Donald Martin,Female,0,29,No,No,29,Two year,60.73,1767.14,Electronic check,DSL,Yes,No,No,No,No,No,No,No,Yes
CUST-04546,Michael Clark,Female,0,51,No,No,67,Two year,59.78,4016.61,Credit card,DSL,Yes,No,No,No,No,No,No,No,No
CUST-04547,Robert Lee,Female,0,51,Yes,No,36,One year,92.05,3363.01,Mailed check,DSL,Yes,No,No,No,Yes,Yes,Yes,No,Yes
CUST-04548,Michael Taylor,Male,0,54,No,No,7,Month-to-month,87.21,648.83,Credit card,Fiber optic,Yes,Yes,Yes,No,No,No,No,Yes,Yes
CUST-04549,Margaret Nguyen,Female,0,19,Yes,No,8,Month-to-month,95.02,784.28,Mailed check,Fiber optic,Yes,No,No,No,No,Yes,Yes,Yes,Yes
CUST-04550,Anthony Johnson,Male,0,39,Yes,Yes,11,Month-to-month,62.11,645.74,Bank transfer,DSL,No,No,No,Yes,Yes,No,No,Yes,No
CUST-04551,Joshua Scott,Male,1,83,No,No,5,Month-to-month,88.05,401.96,Credit card,DSL,Yes,No,Yes,Yes,No,No,Yes,Yes,Yes
CUST-04552,William Brown,Female,0,39,Yes,No,15,One year,26.67,402.5,Electronic check,No,Yes,No internet service,No internet service,No internet service,No internet service,No internet service,No internet service,Yes,No
CUST-04553,Patricia Lee,Female,0,53,No,Yes,47,Two year,102.36,4845.36,Credit card,DSL,Yes,Yes,Yes,Yes,Yes,No,Yes,Yes,Yes
CUST-04554,Thomas Johnson,Female,0,54,No,No,7,One year,74.24,561.99,Bank transfer,DSL,Yes,Yes,No,No,Yes,No,Yes,Yes,Yes
CUST-04555,William Torres,Female,0,50,No,No,9,Month-to-month,91.23,798.89,Bank transfer,Fiber optic,Yes,No,No,No,No,Yes,Yes,No,Yes
CUST-04556,Christopher Martin,Male,1,72,No,No,58,Two year,110.4,6379.48,Bank transfer,Fiber optic,Yes,Yes,Yes,No,Yes,Yes,No,No,No
CUST-04557,Joseph Miller,Female,0,57,No,No,23,Two year,76.71,1748.02,Bank transfer,DSL,Yes,Yes,No,No,Yes,No,No,No,No
CUST-04558,Patricia Wilson,Male,1,76,No,No,11,Month-to-month,32.04,336.21,Credit card,No,Yes,No internet service,No internet service,No internet service,No internet service,No internet service,No internet service,Yes,No
CUST-04559,Charles Lee,Male,0,53,Yes,No,42,Two year,105.71,4481.17,Electronic check,Fiber optic,Yes,Yes,Yes,No,Yes,No,No,Yes,Yes
CUST-04560,Sandra Moore,Male,1,69,No,No,22,Two year,28.5,620.04,Credit card,No,Yes,No internet service,No internet service,No internet service,No internet service,No internet service,No internet service,Yes,No
CUST-04561,Susan Torres,Male,0,50,Yes,No,9,Month-to-month,33.89,302.02,Electronic check,No,Yes,No internet service,No internet service,No internet service,No internet service,No internet service,No internet service,Yes,No
CUST-04562,Michael Johnson,Male,0,24,Yes,No,23,Two year,87.1,2025.13,Mailed check,Fiber optic,Yes,No,No,No,No,No,Yes,Yes,No
CUST-04563,Sarah Gonzalez,Male,0,57,Yes,No,1,Month-to-month,96.86,97.36,Electronic check,Fiber optic,Yes,Yes,No,No,No,Yes,No,Yes,Yes
CUST-04564,Patricia Jackson,Female,0,29,Yes,Yes,10,Month-to-month,91.14,958.54,Electronic check,DSL,Yes,Yes,Yes,Yes,No,Yes,No,No,No
CUST-04565,Paul Robinson,Female,0,46,Yes,No,23,Two year,79.76,1884.41,Bank transfer,DSL,Yes,No,Yes,No,No,No,Yes,No,No
CUST-04566,David Davis,Male,0,53,No,No,6,Month-to-month,25.32,185.77,Mailed check,No,Yes,No internet service,No internet service,No internet service,No internet service,No internet service,No internet service,Yes,Yes
CUST-04567,Elizabeth Perez,Female,0,64,Yes,Yes,9,Month-to-month,97.84,850.18,Electronic check,Fiber optic,Yes,No,No,No,Yes,Yes,No,Yes,Yes
CUST-04568,Karen Smith,Female,0,54,No,No,9,Month-to-month,91.52,788.68,Electronic check,Fiber optic,Yes,Yes,No,No,Yes,No,No,Yes,Yes
CUST-04569,Sandra Walker,Male,0,46,No,Yes,9,Month-to-month,112.02,996.76,Electronic check,Fiber optic,Yes,Yes,Yes,No,Yes,No,Yes,No,Yes
CUST-04570,Jennifer King,Male,0,55,Yes,No,4,Month-to-month,117.64,463.24,Mailed check,Fiber optic,Yes,Yes,Yes,No,No,Yes,Yes,Yes,Yes
CUST-04571,Matthew Davis,Female,0,57,No,No,9,Month-to-month,86.56,763.82,Credit card,Fiber optic,Yes,No,Yes,No,No,No,No,No,Yes
CUST-04572,Donna Lee,Female,0,36,Yes,Yes,8,Month-to-month,33.82,249.51,Credit card,No,Yes,No internet service,No internet service,No internet service,No internet service,No internet service,No internet service,No,Yes
CUST-04573,Sandra Thomas,Female,0,24,No,No,14,Two year,88.04,1232.92,Mailed check,Fiber optic,Yes,Yes,Yes,No,No,No,No,No,No
CUST-04574,Mark Anderson,Male,0,31,Yes,No,10,Month-to-month,84.25,844.22,Mailed check,DSL,Yes,No,No,Yes,Yes,No,Yes,Yes,No
CUST-04575,Elizabeth Jones,Female,0,38,No,Yes,1,Month-to-month,70.3,70.3,Bank transfer,DSL,Yes,Yes,No,No,No,No,No,Yes,No
CUST-04576,Joshua Nguyen,Female,0,57,No,Yes,6,Month-to-month,83.88,543.43,Credit card,Fiber optic,Yes,No,Yes,No,No,No,Yes,Yes,No
CUST-04577,Donald Moore,Male,0,34,Yes,Yes,10,Month-to-month,104.07,1079.8,Bank transfer,Fiber optic,Yes,Yes,No,No,Yes,Yes,Yes,Yes,Yes
CUST-04578,Ashley Sanchez,Female,0,36,Yes,No,22,One year,106.25,2376.27,Electronic check,Fiber optic,Yes,Yes,Yes,Yes,No,Yes,No,Yes,No
CUST-04579,Daniel Sanchez,Female,1,75,Yes,Yes,24,One year,30.07,764.55,Electronic check,No,Yes,No internet service,No internet service,No internet service,No internet service,No internet service,No internet service,Yes,No
CUST-04580,Christopher Hernandez,Female,0,21,Yes,No,4,Month-to-month,27.61,132.59,Credit card,No,Yes,No internet service,No internet service,No internet service,No internet service,No internet service,No internet service,Yes,Yes
CUST-04581,Mark Lee,Female,0,58,Yes,No,1,Month-to-month,95.75,95.75,Bank transfer,Fiber optic,Yes,Yes,Yes,No,No,Yes,No,Yes,Yes
CUST-04582,Susan Young,Female,0,40,No,No,15,One year,83.93,1266.12,Bank transfer,Fiber optic,No,Yes,No,Yes,No,No,No,No,Yes
CUST-04583,Lisa Scott,Female,1,78,No,Yes,5,Month-to-month,95.11,463.37,Bank transfer,Fiber optic,Yes,No,No,No,Yes,No,Yes,Yes,Yes
CUST-04584,Barbara Hill,Female,0,21,No,No,6,Month-to-month,34.39,253.15,Bank transfer,No,Yes,No internet service,No internet service,No internet service,No internet service,No internet service,No internet service,No,Yes
CUST-04585,David Thomas,Female,1,67,Yes,Yes,25,One year,66.18,1673.03,Mailed check,DSL,No,No,No,Yes,No,Yes,No,Yes,No
CUST-04586,Joseph Lee,Male,0,28,Yes,Yes,10,Month-to-month,83.28,820.46,Bank transfer,Fiber optic,Yes,No,No,No,No,No,Yes,No,No
CUST-04587,Barbara Jackson,Female,0,34,Yes,Yes,26,One year,93.77,2425.66,Credit card,Fiber optic,No,Yes,No,No,Yes,Yes,No,No,No
CUST-04588,Sandra Clark,Male,0,23,No,No,5,Month-to-month,76.21,411.29,Electronic check,DSL,Yes,Yes,No,No,No,Yes,No,No,No
CUST-04589,Sarah Lopez,Female,0,50,No,No,36,One year,100.05,3638.67,Electronic check,Fiber optic,Yes,Yes,No,No,No,Yes,No,Yes,Yes
CUST-04590,Emily White,Female,0,21,Yes,No,17,Two year,73.9,1226.87,Credit card,DSL,No,No,Yes,No,No,Yes,No,Yes,No
CUST-04591,Ashley Harris,Female,0,52,No,No,35,One year,30.73,1070.54,Mailed check,No,Yes,No internet service,No internet service,No internet service,No internet service,No internet service,No internet service,Yes,No
CUST-04592,Betty Thomas,Female,1,72,Yes,No,7,Month-to-month,38.82,235.4,Electronic check,No,Yes,No internet service,No internet service,No internet service,No internet service,No internet service,No internet service,No,No
CUST-04593,Daniel Lopez,Female,0,27,No,No,28,One year,72.03,2029.97,Credit card,DSL,Yes,Yes,Yes,No,No,No,No,No,Yes
CUST-04594,Anthony Martinez,Male,0,40,Yes,No,23,One year,112.08,2621.1,Mailed check,Fiber optic,Yes,No,No,Yes,Yes,No,Yes,Yes,Yes
CUST-04595,Donna Miller,Female,0,35,No,No,12,Two year,72.61,898.92,Mailed check,DSL,Yes,No,Yes,No,No,Yes,No,Yes,Yes
CUST-04596,Robert Sanchez,Male,0,32,Yes,No,5,Month-to-month,33.15,131.05,Electronic check,No,Yes,No internet service,No internet service,No internet service,No internet service,No internet service,No internet service,Yes,No
CUST-04597,Emily Clark,Male,0,41,No,No,8,Month-to-month,88.56,666.83,Bank transfer,Fiber optic,Yes,No,No,No,No,Yes,No,Yes,Yes
CUST-04598,William Scott,Female,0,56,Yes,Yes,6,One year,15.04,134.21,Mailed check,No,No,No internet service,No internet service,No internet service,No internet service,No internet service,No internet service,No,No
CUST-04599,Donna Johnson,Male,0,51,Yes,No,4,Month-to-month,92.76,384.11,Electronic check,DSL,Yes,Yes,Yes,Yes,No,Yes,No,No,Yes
CUST-04600,Kimberly Sanchez,Female,0,18,Yes,Yes,9,Month-to-month,89.79,768.57,Credit card,Fiber optic,Yes,No,No,No,No,Yes,No,No,No
CUST-04601,Sandra Clark,Male,0,41,No,No,6,One year,98.91,580.78,Electronic check,Fiber optic,Yes,No,Yes,Yes,No,No,No,Yes,Yes
CUST-04602,Karen Smith,Female,0,47,Yes,Yes,1,Month-to-month,109.79,109.79,Credit card,Fiber optic,Yes,Yes,Yes,No,Yes,Yes,No,Yes,No
CUST-04603,Nancy Johnson,Male,0,33,Yes,No,54,Two year,93.73,5100.92,Bank transfer,Fiber optic,Yes,No,No,No,Yes,No,No,Yes,Yes
CUST-04604,John Young,Male,0,22,Yes,No,37,One year,78.15,2902.1,Electronic check,Fiber optic,Yes,No,No,No,No,No,No,Yes,No
CUST-04605,Christopher Rodriguez,Male,0,35,Yes,Yes,28,One year,110.36,3074.07,Bank transfer,Fiber optic,Yes,Yes,No,Yes,Yes,Yes,No,No,No
CUST-04606,William Lewis,Female,0,37,Yes,No,40,One year,101.76,4097.67,Electronic check,Fiber optic,Yes,Yes,No,No,Yes,No,Yes,Yes,No
CUST-04607,Linda Johnson,Male,0,30,No,Yes,2,Month-to-month,91.5,174.15,Credit card,Fiber optic,Yes,No,Yes,No,No,No,Yes,No,Yes
CUST-04608,David Davis,Female,0,56,No,No,27,One year,119.18,3238.86,Electronic check,Fiber optic,Yes,Yes,Yes,No,Yes,No,Yes,No,Yes
CUST-04609,Joseph Thompson,Male,0,43,No,Yes,2,Month-to-month,81.84,139.56,Electronic check,DSL,Yes,Yes,No,Yes,Yes,Yes,No,Yes,Yes
CUST-04610,Mary Lopez,Male,0,41,No,No,9,One year,94.16,801.05,Bank transfer,DSL,Yes,Yes,Yes,No,Yes,No,No,Yes,No
CUST-04611,Michelle Anderson,Female,0,22,Yes,No,52,Two year,71.93,3754.2,Mailed check,DSL,No,Yes,No,Yes,Yes,No,No,Yes,No
CUST-04612,Matthew Flores,Female,0,44,No,Yes,53,Two year,87.82,4692.41,Mailed check,Fiber optic,Yes,No,Yes,No,Yes,No,No,No,Yes
CUST-04613,Christopher Garcia,Male,0,39,Yes,No,45,One year,18.76,869.38,Bank transfer,No,No,No internet service,No internet service,No internet service,No internet service,No internet service,No internet service,No,No
CUST-04614,Sarah Rodriguez,Male,0,50,No,No,6,Month-to-month,86.46,489.77,Electronic check,Fiber optic,Yes,No,Yes,No,Yes,No,No,Yes,Yes
CUST-04615,Anthony White,Male,0,39,Yes,No,11,Month-to-month,81.4,898.08,Mailed check,Fiber optic,No,No,No,No,No,No,Yes,No,No
CUST-04616,Joseph Jones,Female,0,46,No,Yes,34,Two year,83.85,2900.52,Mailed check,DSL,Yes,No,No,Yes,Yes,No,No,Yes,No
CUST-04617,Kimberly Thompson,Male,0,49,Yes,No,10,Month-to-month,104.86,1062.59,Electronic check,Fiber optic,Yes,Yes,Yes,No,No,No,Yes,Yes,Yes
CUST-04618,James Harris,Female,0,21,Yes,No,26,One year,75.7,1970.45,Credit card,Fiber optic,Yes,No,No,No,No,No,No,Yes,No
CUST-04619,Donald Martin,Female,0,51,Yes,Yes,2,Month-to-month,75.75,189.42,Electronic check,Fiber optic,No,No,No,No,Yes,No,No,Yes,Yes
CUST-04620,Jessica Thompson,Female,1,71,No,No,34,Two year,81.21,2760.68,Mailed check,DSL,Yes,Yes,No,No,No,No,Yes,No,No
CUST-04621,Matthew Martinez,Male,0,64,No,No,32,One year,97.01,3103.4,Credit card,Fiber optic,Yes,No,Yes,Yes,No,No,No,Yes,No
CUST-04622,Richard Williams,Male,0,57,Yes,Yes,6,Month-to-month,89.29,556.55,Electronic check,DSL,Yes,No,Yes,No,No,Yes,Yes,No,No
CUST-04623,Christopher Davis,Female,0,32,Yes,Yes,18,One year,70.27,1301.41,Credit card,DSL,Yes,No,No,No,Yes,No,No,Yes,No
CUST-04624,Richard Anderson,Female,0,58,No,No,4,Month-to-month,86.61,313.51,Bank transfer,Fiber optic,Yes,Yes,Yes,No,No,No,No,Yes,Yes
CUST-04625,John Flores,Female,0,64,No,No,48,Two year,31.57,1481.39,Electronic check,No,Yes,No internet service,No internet service,No internet service,No internet service,No internet service,No internet service,Yes,No
CUST-04626,Joseph Wilson,Female,0,24,Yes,No,4,Month-to-month,115.08,503.44,Bank transfer,Fiber optic,Yes,Yes,No,Yes,Yes,Yes,No,No,Yes
CUST-04627,Linda Williams,Female,0,43,Yes,No,10,Month-to-month,100.45,1049.74,Credit card,Fiber optic,Yes,Yes,Yes,No,Yes,No,No,Yes,Yes
CUST-04628,Anthony Jackson,Male,0,48,Yes,Yes,18,One year,35.16,676.44,Credit card,No,Yes,No internet service,No internet service,No internet service,No internet service,No internet service,No internet service,Yes,No
CUST-04629,Joshua Martin,Male,0,60,No,No,55,Two year,94.72,5250.27,Bank transfer,DSL,Yes,Yes,No,Yes,Yes,Yes,No,Yes,No
CUST-04630,Matthew Lopez,Male,0,38,Yes,No,12,Two year,103.56,1221.04,Credit card,Fiber optic,Yes,Yes,Yes,Yes,No,Yes,No,No,No
CUST-04631,Paul Scott,Female,0,35,Yes,No,2,Month-to-month,103.79,210.95,Electronic check,Fiber optic,Yes,Yes,Yes,Yes,No,Yes,No,No,No
CUST-04632,James King,Female,1,80,Yes,No,8,Month-to-month,87.08,729.6,Electronic check,DSL,Yes,Yes,Yes,No,No,Yes,No,No,Yes
CUST-04633,James Davis,Male,1,71,Yes,No,5,Month-to-month,112.2,603.77,Credit card,Fiber optic,Yes,No,Yes,No,Yes,Yes,No,Yes,Yes
CUST-04634,Michael Hernandez,Female,0,56,Yes,No,7,Month-to-month,51.7,329.02,Bank transfer,DSL,Yes,No,No,No,No,No,No,Yes,Yes
CUST-04635,Michelle Walker,Male,1,76,No,Yes,10,Month-to-month,27.68,229.84,Credit card,No,Yes,No internet service,No internet service,No internet service,No internet service,No internet service,No internet service,Yes,No
CUST-04636,Linda Rodriguez,Female,0,21,No,Yes,4,Month-to-month,89.49,386.52,Electronic check,Fiber optic,Yes,No,Yes,No,Yes,Yes,No,Yes,Yes
CUST-04637,Barbara Davis,Female,0,47,Yes,No,5,Month-to-month,128.39,679.66,Mailed check,Fiber optic,Yes,Yes,Yes,No,Yes,Yes,Yes,No,Yes
CUST-04638,Kimberly Lopez,Male,0,30,Yes,No,9,Month-to-month,80.99,705.63,Mailed check,DSL,Yes,No,Yes,No,No,Yes,No,Yes,No
CUST-04639,John Wilson,Female,0,59,Yes,Yes,5,Month-to-month,75.72,365.07,Credit card,DSL,Yes,Yes,No,No,Yes,No,Yes,Yes,No
CUST-04640,Steven Moore,Male,0,42,No,Yes,5,Month-to-month,107.71,521.25,Credit card,Fiber optic,Yes,No,Yes,Yes,Yes,No,No,Yes,Yes
CUST-04641,Sarah Ramirez,Male,1,68,Yes,No,10,One year,38.74,397.31,Bank transfer,No,Yes,No internet service,No internet service,No internet service,No internet service,No internet service,No internet service,Yes,No
CUST-04642,Matthew Torres,Female,0,53,Yes,No,19,One year,27.68,518.14,Mailed check,No,No,No internet service,No internet service,No internet service,No internet service,No internet service,No internet service,No,No
CUST-04643,Lisa Lewis,Male,0,60,Yes,No,20,One year,35.81,765.89,Electronic check,No,Yes,No internet service,No internet service,No internet service,No internet service,No internet service,No internet service,No,No
CUST-04644,Mark Thompson,Female,0,61,Yes,No,31,Two year,39.2,1207.73,Electronic check,No,Yes,No internet service,No internet service,No internet service,No internet service,No internet service,No internet service,Yes,No
CUST-04645,Andrew Martin,Male,0,27,Yes,No,43,Two year,80.22,3419.87,Bank transfer,Fiber optic,Yes,No,No,No,No,No,Yes,Yes,No
CUST-04646,Karen Rodriguez,Female,0,50,Yes,Yes,9,Month-to-month,78.23,707.06,Credit card,Fiber optic,Yes,Yes,No,No,No,No,No,Yes,Yes
CUST-04647,Steven Anderson,Female,0,53,Yes,Yes,20,Two year,85.94,1725.54,Electronic check,Fiber optic,Yes,Yes,No,No,No,No,No,Yes,No
CUST-04648,Daniel Young,Female,0,64,Yes,Yes,11,Month-to-month,77.03,871.62,Electronic check,DSL,Yes,Yes,Yes,No,Yes,No,No,Yes,No
CUST-04649,Betty Allen,Female,0,54,No,Yes,9,Month-to-month,85.27,769.62,Electronic check,Fiber optic,Yes,Yes,No,No,No,Yes,No,Yes,Yes
CUST-04650,Joseph Hernandez,Female,0,64,Yes,Yes,11,Month-to-month,93.69,1057.99,Credit card,Fiber optic,No,No,No,Yes,No,Yes,Yes,No,Yes
CUST-04651,Linda Flores,Female,0,55,Yes,Yes,54,Two year,35.6,1879.25,Electronic check,No,Yes,No internet service,No internet service,No internet service,No internet service,No internet service,No internet service,Yes,No
CUST-04652,Betty Brown,Male,0,54,Yes,No,7,Month-to-month,101.28,672.33,Electronic check,Fiber optic,Yes,No,Yes,Yes,No,Yes,No,No,Yes
CUST-04653,Thomas Martin,Female,0,39,No,No,34,Two year,104.65,3565.96,Mailed check,Fiber optic,Yes,Yes,Yes,No,No,Yes,Yes,No,No
CUST-04654,Jennifer Jackson,Female,0,33,No,Yes,20,One year,30.92,652.22,Electronic check,No,Yes,No internet service,No internet service,No internet service,No internet service,No internet service,No internet service,No,No
CUST-04655,Karen Anderson,Female,0,23,No,No,11,One year,37.03,404.44,Credit card,No,Yes,No internet service,No internet service,No internet service,No internet service,No internet service,No internet service,Yes,No
CUST-04656,Karen Jones,Female,1,70,No,No,11,Month-to-month,82.05,913.36,Bank transfer,DSL,Yes,Yes,Yes,No,No,Yes,No,No,No
CUST-04657,Joshua Walker,Male,0,35,Yes,Yes,6,Month-to-month,78.83,429.96,Mailed check,DSL,Yes,Yes,No,Yes,No,Yes,No,Yes,Yes
CUST-04658,Richard Davis,Female,0,33,Yes,No,1,Month-to-month,29.09,35.47,Electronic check,No,Yes,No internet service,No internet service,No internet service,No internet service,No internet service,No internet service,No,No
CUST-04659,Linda Ramirez,Male,0,51,No,No,38,One year,63.65,2389.73,Credit card,DSL,Yes,No,No,No,Yes,No,No,Yes,No
CUST-04660,Jessica Hernandez,Male,0,49,No,No,4,Month-to-month,25.62,142.17,Mailed check,No,Yes,No internet service,No internet service,No internet service,No internet service,No internet service,No internet service,Yes,No
CUST-04661,Anthony Jackson,Female,1,83,Yes,No,14,Two year,103.65,1403.7,Mailed check,Fiber optic,Yes,No,Yes,No,Yes,No,Yes,Yes,No
CUST-04662,Patricia Lopez,Male,0,37,Yes,No,44,Two year,94.11,4141.13,Credit card,Fiber optic,Yes,Yes,No,No,Yes,No,Yes,No,No
CUST-04663,Joshua Lopez,Male,0,26,Yes,No,11,Month-to-month,29.43,372.09,Bank transfer,No,Yes,No internet service,No internet service,No internet service,No internet service,No internet service,No internet service,No,No
CUST-04664,Anthony Ramirez,Male,0,50,No,No,35,One year,65.04,2230.41,Electronic check,DSL,Yes,Yes,No,No,No,No,Yes,No,No
CUST-04665,Andrew Clark,Male,1,83,Yes,Yes,9,Month-to-month,25.57,273.77,Credit card,No,Yes,No internet service,No internet service,No internet service,No internet service,No internet service,No internet service,No,No
CUST-04666,Andrew Gonzalez,Female,0,54,No,No,17,Two year,110.15,1866.89,Electronic check,DSL,Yes,Yes,Yes,Yes,Yes,No,Yes,Yes,Yes
CUST-04667,Andrew Wilson,Female,0,42,No,No,27,One year,38.27,1005.01,Credit card,No,Yes,No internet service,No internet service,No internet service,No internet service,No internet service,No internet service,Yes,No
CUST-04668,Barbara Davis,Male,0,46,Yes,Yes,11,Month-to-month,79.23,894.51,Electronic check,DSL,No,No,Yes,No,Yes,No,Yes,Yes,No
CUST-04669,Donald Lewis,Female,0,34,No,No,2,Month-to-month,29.38,89.0,Bank transfer,No,Yes,No internet service,No internet service,No internet service,No internet service,No internet service,No internet service,No,No
CUST-04670,David Ramirez,Male,1,68,Yes,No,5,Month-to-month,86.54,392.57,Bank transfer,Fiber optic,Yes,No,No,Yes,No,No,Yes,Yes,Yes
CUST-04671,Mark King,Female,0,20,No,No,22,One year,83.28,1824.69,Mailed check,Fiber optic,Yes,No,No,Yes,No,No,Yes,Yes,Yes
CUST-04672,Andrew Nguyen,Female,0,31,No,No,25,One year,70.46,1733.79,Mailed check,DSL,Yes,No,Yes,No,No,Yes,Yes,Yes,No
CUST-04673,Robert Harris,Female,0,33,Yes,Yes,31,One year,32.33,954.51,Bank transfer,No,Yes,No internet service,No internet service,No internet service,No internet service,No internet service,No internet service,No,No
CUST-04674,Thomas Harris,Male,0,55,No,No,43,One year,85.07,3618.35,Credit card,Fiber optic,Yes,No,No,No,No,No,Yes,Yes,No
CUST-04675,Mary Thomas,Male,0,56,No,No,47,One year,84.07,3953.52,Bank transfer,DSL,Yes,Yes,Yes,No,No,Yes,No,Yes,No
CUST-04676,Sandra Jackson,Male,1,78,No,No,33,One year,80.38,2679.17,Credit card,DSL,Yes,Yes,No,No,No,Yes,Yes,Yes,Yes
CUST-04677,Jessica Young,Male,1,74,Yes,Yes,11,Month-to-month,89.83,956.67,Credit card,DSL,Yes,Yes,Yes,No,Yes,No,No,No,Yes
CUST-04678,Anthony Gonzalez,Female,0,62,No,Yes,19,One year,88.81,1733.89,Credit card,Fiber optic,Yes,No,No,No,Yes,Yes,Yes,Yes,No
CUST-04679,Robert Gonzalez,Male,0,23,Yes,Yes,31,One year,80.33,2492.27,Bank transfer,DSL,Yes,Yes,Yes,No,Yes,Yes,No,Yes,No
CUST-04680,Donald Harris,Female,0,51,No,Yes,36,One year,74.1,2684.99,Mailed check,DSL,Yes,Yes,No,No,No,Yes,No,Yes,No
CUST-04681,Karen Martinez,Male,0,51,No,Yes,10,Month-to-month,53.67,546.9,Electronic check,DSL,Yes,No,No,No,No,No,No,No,No
CUST-04682,Michelle Smith,Male,0,45,No,Yes,55,Two year,99.87,5443.59,Electronic check,Fiber optic,Yes,Yes,Yes,Yes,No,No,No,Yes,No
CUST-04683,John King,Female,0,50,Yes,No,10,One year,88.81,918.2,Credit card,Fiber optic,Yes,Yes,No,No,Yes,No,No,No,No
CUST-04684,Elizabeth Lewis,Male,0,42,No,No,3,Month-to-month,15.95,61.58,Credit card,No,No,No internet service,No internet service,No internet service,No internet service,No internet service,No internet service,No,No
CUST-04685,William Flores,Female,0,44,Yes,No,39,Two year,31.91,1221.99,Mailed check,No,Yes,No internet service,No internet service,No internet service,No internet service,No internet service,No internet service,Yes,No
CUST-04686,Kimberly Lee,Male,0,40,Yes,No,9,One year,49.77,408.66,Mailed check,DSL,No,No,No,No,No,No,Yes,Yes,No
CUST-04687,Mark Wilson,Male,0,50,Yes,No,14,One year,63.03,924.47,Bank transfer,DSL,Yes,No,Yes,No,No,No,No,Yes,No
CUST-04688,Sandra White,Male,0,23,Yes,No,6,Month-to-month,106.04,641.57,Bank transfer,Fiber optic,Yes,No,Yes,Yes,No,No,Yes,No,No
CUST-04689,Jennifer Sanchez,Female,0,55,Yes,No,8,One year,100.8,821.17,Electronic check,Fiber optic,Yes,Yes,Yes,Yes,No,No,No,Yes,No
CUST-04690,Mark Lopez,Male,0,27,No,No,63,Two year,29.41,1882.19,Mailed check,No,Yes,No internet service,No internet service,No internet service,No internet service,No internet service,No internet service,Yes,No
CUST-04691,Susan Wright,Male,0,37,No,No,38,Two year,97.22,3690.04,Bank transfer,Fiber optic,Yes,Yes,No,No,Yes,No,No,Yes,No
CUST-04692,Joshua Allen,Female,0,28,No,No,6,Month-to-month,26.33,184.87,Electronic check,No,Yes,No internet service,No internet service,No internet service,No internet service,No internet service,No internet service,No,No
CUST-04693,Matthew Garcia,Female,0,38,Yes,No,35,One year,29.73,1006.15,Bank transfer,No,Yes,No internet service,No internet service,No internet service,No internet service,No internet service,No internet service,No,No
CUST-04694,Joseph White,Female,1,72,No,No,27,One year,52.39,1426.68,Credit card,DSL,Yes,No,No,No,No,No,No,No,No
CUST-04695,Emily Hernandez,Female,0,41,No,Yes,6,Month-to-month,80.8,445.63,Mailed check,DSL,No,Yes,Yes,No,Yes,No,No,No,Yes
CUST-04696,Anthony Young,Female,0,35,Yes,No,8,Month-to-month,76.55,602.52,Credit card,Fiber optic,Yes,No,No,No,No,Yes,No,No,Yes
CUST-04697,Sarah Walker,Female,1,65,Yes,No,8,Month-to-month,89.57,694.12,Bank transfer,Fiber optic,Yes,No,Yes,No,No,No,No,Yes,Yes
CUST-04698,Robert White,Male,0,20,Yes,No,2,Month-to-month,30.24,30.24,Credit card,No,Yes,No internet service,No internet service,No internet service,No internet service,No internet service,No internet service,Yes,No
CUST-04699,Ashley Hill,Female,0,31,Yes,No,9,Month-to-month,38.76,321.06,Bank transfer,No,Yes,No internet service,No internet service,No internet service,No internet service,No internet service,No internet service,No,Yes
CUST-04700,Susan Lee,Male,0,28,Yes,No,1,Month-to-month,97.53,127.35,Bank transfer,DSL,Yes,Yes,Yes,No,No,Yes,Yes,No,No
CUST-04701,Andrew Williams,Male,0,50,No,No,7,Month-to-month,118.68,835.39,Bank transfer,Fiber optic,Yes,Yes,No,Yes,Yes,No,Yes,Yes,Yes
CUST-04702,Donald Hill,Male,0,44,Yes,No,8,Month-to-month,28.86,270.32,Bank transfer,No,Yes,No internet service,No internet service,No internet service,No internet service,No internet service,No internet service,Yes,Yes
CUST-04703,Margaret King,Female,0,22,No,Yes,20,Two year,39.34,820.74,Credit card,No,Yes,No internet service,No internet service,No internet service,No internet service,No internet service,No internet service,No,No
CUST-04704,Linda Gonzalez,Female,0,60,Yes,No,9,Month-to-month,102.29,880.78,Bank transfer,Fiber optic,Yes,No,Yes,Yes,Yes,No,Yes,No,Yes
CUST-04705,Donald Young,Male,0,30,No,No,1,Month-to-month,92.22,116.82,Mailed check,DSL,Yes,Yes,Yes,Yes,No,Yes,Yes,No,No
CUST-04706,William Anderson,Female,1,81,No,Yes,2,Month-to-month,111.7,231.3,Credit card,Fiber optic,Yes,Yes,No,No,Yes,Yes,No,Yes,Yes
CUST-04707,Daniel Davis,Male,0,48,No,No,43,One year,71.44,3073.65,Electronic check,DSL,Yes,Yes,No,No,Yes,No,No,No,No
CUST-04708,Nancy Thompson,Female,0,46,Yes,Yes,28,Two year,105.92,2929.41,Mailed check,Fiber optic,Yes,Yes,No,Yes,No,Yes,No,Yes,No
CUST-04709,James Wilson,Male,0,47,Yes,No,30,Two year,107.01,3164.01,Electronic check,Fiber optic,No,Yes,Yes,Yes,No,No,Yes,Yes,No
CUST-04710,Steven Jackson,Male,0,24,No,No,3,Month-to-month,77.83,194.51,Electronic check,DSL,Yes,Yes,Yes,No,No,Yes,No,No,No
CUST-04711,Kimberly Johnson,Female,0,55,No,No,33,One year,30.04,1027.85,Electronic check,No,Yes,No internet service,No internet service,No internet service,No internet service,No internet service,No internet service,Yes,No
CUST-04712,Mark Anderson,Male,1,66,Yes,No,1,Month-to-month,70.65,70.65,Electronic check,DSL,Yes,No,No,No,Yes,No,No,Yes,No
CUST-04713,James Garcia,Male,0,42,No,No,8,Month-to-month,118.42,927.34,Mailed check,Fiber optic,Yes,Yes,Yes,No,Yes,Yes,No,Yes,No
CUST-04714,John Jones,Female,0,18,No,No,44,Two year,76.81,3334.11,Electronic check,DSL,Yes,No,Yes,No,No,No,Yes,Yes,No
CUST-04715,Michelle Sanchez,Male,1,81,No,No,30,One year,98.44,2944.77,Electronic check,Fiber optic,Yes,No,Yes,Yes,Yes,No,No,No,No
CUST-04716,Patricia Brown,Male,0,55,No,Yes,45,Two year,92.69,4135.29,Electronic check,Fiber optic,Yes,No,No,No,No,Yes,No,No,No
CUST-04717,Andrew Harris,Male,0,26,No,Yes,53,Two year,55.52,2902.48,Bank transfer,DSL,Yes,No,No,No,No,No,No,No,No
CUST-04718,Paul Taylor,Male,0,23,No,Yes,1,Month-to-month,89.81,89.81,Mailed check,DSL,Yes,Yes,Yes,No,Yes,No,Yes,Yes,No
CUST-04719,Susan Ramirez,Male,0,37,Yes,Yes,11,Month-to-month,34.58,385.64,Credit card,No,Yes,No internet service,No internet service,No internet service,No internet service,No internet service,No internet service,Yes,No
CUST-04720,Emily Scott,Male,0,56,Yes,No,10,Month-to-month,97.22,944.28,Credit card,Fiber optic,Yes,Yes,Yes,No,No,No,No,No,Yes
CUST-04721,William Smith,Female,1,72,No,Yes,53,Two year,97.03,5182.22,Electronic check,Fiber optic,Yes,No,Yes,Yes,No,No,Yes,No,No
CUST-04722,Anthony Harris,Female,0,63,No,Yes,58,Two year,90.74,5281.99,Bank transfer,Fiber optic,Yes,No,Yes,No,No,No,No,Yes,No
CUST-04723,David Jackson,Male,1,75,No,No,51,Two year,57.73,2950.05,Bank transfer,DSL,Yes,No,No,No,No,No,Yes,No,No
CUST-04724,Margaret King,Male,1,84,No,Yes,47,One year,60.91,2847.17,Bank transfer,DSL,Yes,No,No,Yes,No,No,No,Yes,No
CUST-04725,Steven White,Male,0,23,No,No,3,Month-to-month,72.05,173.4,Credit card,DSL,Yes,Yes,No,Yes,No,No,No,Yes,Yes
CUST-04726,Ashley Garcia,Female,0,18,No,Yes,10,Month-to-month,31.63,266.31,Credit card,No,Yes,No internet service,No internet service,No internet service,No internet service,No internet service,No internet service,Yes,No
CUST-04727,Donna Thomas,Male,0,27,Yes,No,1,Month-to-month,106.9,116.5,Mailed check,Fiber optic,Yes,Yes,No,No,Yes,Yes,No,Yes,Yes
CUST-04728,Thomas Rodriguez,Female,0,63,Yes,No,45,One year,34.07,1505.35,Credit card,No,Yes,No internet service,No internet service,No internet service,No internet service,No internet service,No internet service,Yes,No
CUST-04729,Elizabeth Thomas,Female,0,59,Yes,Yes,9,Month-to-month,100.23,909.73,Credit card,Fiber optic,Yes,Yes,Yes,No,No,Yes,No,Yes,Yes
CUST-04730,Richard Lopez,Male,0,53,Yes,No,25,Two year,78.32,1975.96,Bank transfer,DSL,Yes,Yes,No,No,No,No,Yes,No,No
CUST-04731,Donald White,Female,0,50,No,No,1,Month-to-month,17.09,17.09,Bank transfer,No,No,No internet service,No internet service,No internet service,No internet service,No internet service,No internet service,No,No
CUST-04732,Patricia Anderson,Female,0,18,Yes,Yes,1,Month-to-month,73.14,73.14,Bank transfer,Fiber optic,Yes,No,No,No,No,No,No,No,No
CUST-04733,David Taylor,Male,0,41,Yes,No,10,One year,35.63,334.64,Credit card,No,Yes,No internet service,No internet service,No internet service,No internet service,No internet service,No internet service,Yes,No
CUST-04734,Paul Scott,Male,0,42,No,Yes,30,One year,127.91,3880.41,Credit card,Fiber optic,Yes,Yes,Yes,Yes,Yes,Yes,Yes,Yes,No
CUST-04735,Emily Lewis,Female,0,51,Yes,Yes,4,Month-to-month,27.59,61.79,Electronic check,No,Yes,No internet service,No internet service,No internet service,No internet service,No internet service,No internet service,No,No
CUST-04736,Patricia Sanchez,Female,0,19,No,Yes,2,Month-to-month,76.85,148.21,Bank transfer,DSL,Yes,No,No,Yes,Yes,Yes,No,Yes,Yes
CUST-04737,Kimberly Rodriguez,Female,0,57,No,No,4,Month-to-month,93.53,350.73,Bank transfer,DSL,Yes,Yes,Yes,No,Yes,Yes,No,Yes,Yes
CUST-04738,John Wright,Female,0,24,Yes,No,5,Month-to-month,102.4,498.25,Electronic check,Fiber optic,Yes,No,Yes,Yes,No,Yes,Yes,No,No
CUST-04739,Paul Sanchez,Female,0,47,Yes,No,12,One year,89.38,1073.45,Bank transfer,DSL,Yes,Yes,Yes,Yes,Yes,No,No,No,No
CUST-04740,Donna Wright,Male,0,52,No,Yes,8,Month-to-month,109.13,850.53,Credit card,Fiber optic,Yes,Yes,Yes,No,Yes,No,Yes,Yes,Yes
CUST-04741,James Torres,Male,0,59,No,No,21,One year,89.05,1861.58,Bank transfer,Fiber optic,Yes,No,Yes,No,Yes,No,No,No,No
CUST-04742,Matthew Rodriguez,Male,0,41,Yes,No,11,Month-to-month,32.54,309.46,Mailed check,No,Yes,No internet service,No internet service,No internet service,No internet service,No internet service,No internet service,Yes,No
CUST-04743,Sandra Gonzalez,Female,0,29,No,No,3,Month-to-month,73.88,266.86,Bank transfer,DSL,Yes,No,Yes,No,No,No,No,Yes,No
CUST-04744,David Harris,Female,1,68,No,Yes,20,One year,91.21,1860.65,Credit card,DSL,Yes,No,Yes,Yes,No,No,Yes,Yes,No
CUST-04745,Jessica Hill,Female,0,28,No,No,50,Two year,31.44,1593.65,Credit card,No,Yes,No internet service,No internet service,No internet service,No internet service,No internet service,No internet service,Yes,No
CUST-04746,Sarah Flores,Male,0,18,No,Yes,6,Month-to-month,76.98,426.84,Electronic check,DSL,Yes,No,Yes,No,No,Yes,No,No,Yes
CUST-04747,Mark Robinson,Male,0,58,No,No,29,One year,84.37,2449.43,Mailed check,Fiber optic,Yes,Yes,No,No,No,No,No,Yes,No
CUST-04748,Mary Sanchez,Male,0,19,Yes,Yes,10,Month-to-month,104.18,1050.64,Mailed check,Fiber optic,Yes,Yes,No,Yes,Yes,No,No,Yes,No
CUST-04749,Emily Clark,Female,0,60,No,No,2,Month-to-month,81.5,117.7,Mailed check,Fiber optic,Yes,No,No,No,Yes,No,No,Yes,No
CUST-04750,Elizabeth Moore,Male,0,25,No,No,4,Month-to-month,92.91,375.16,Bank transfer,DSL,Yes,No,Yes,No,Yes,Yes,Yes,Yes,Yes
CUST-04751,Mary King,Female,0,40,No,No,36,One year,22.32,791.76,Credit card,No,No,No internet service,No internet service,No internet service,No internet service,No internet service,No internet service,No,No
CUST-04752,Mark Walker,Male,0,60,No,No,9,Month-to-month,37.74,377.27,Bank transfer,No,Yes,No internet service,No internet service,No internet service,No internet service,No internet service,No internet service,Yes,Yes
CUST-04753,Anthony Hill,Female,0,38,No,Yes,1,Month-to-month,101.96,146.79,Bank transfer,Fiber optic,Yes,No,Yes,Yes,No,No,Yes,Yes,No
CUST-04754,Susan Miller,Female,0,33,No,No,4,Month-to-month,66.53,245.73,Mailed check,DSL,Yes,No,Yes,Yes,No,No,No,Yes,Yes
CUST-04755,Sandra Johnson,Female,0,28,Yes,No,6,One year,98.34,622.14,Bank transfer,Fiber optic,Yes,No,No,Yes,Yes,Yes,No,Yes,No
CUST-04756,Betty Jones,Female,0,38,No,No,2,Month-to-month,84.24,134.77,Mailed check,DSL,No,No,Yes,No,Yes,Yes,Yes,No,Yes
CUST-04757,Barbara Harris,Male,0,54,Yes,No,65,Two year,95.9,6264.99,Bank transfer,DSL,Yes,No,No,Yes,No,Yes,Yes,No,No
CUST-04758,David Martin,Female,0,29,Yes,No,10,Month-to-month,78.31,817.5,Credit card,DSL,Yes,No,Yes,No,No,Yes,No,No,No
CUST-04759,Paul Lewis,Female,0,29,No,No,5,Month-to-month,35.88,217.19,Credit card,No,Yes,No internet service,No internet service,No internet service,No internet service,No internet service,No internet service,Yes,No
CUST-04760,David Miller,Female,1,78,No,No,8,Month-to-month,67.21,558.91,Electronic check,DSL,No,Yes,No,No,No,Yes,Yes,No,No
CUST-04761,Karen Williams,Male,0,55,No,No,22,One year,25.06,584.12,Electronic check,No,Yes,No internet service,No internet service,No internet service,No internet service,No internet service,No internet service,No,No
CUST-04762,Michael Johnson,Male,0,21,No,No,49,Two year,75.03,3670.86,Credit card,DSL,Yes,Yes,No,No,No,Yes,Yes,Yes,No
CUST-04763,Sandra Jones,Female,0,23,Yes,Yes,11,Month-to-month,77.37,818.48,Credit card,Fiber optic,Yes,No,Yes,No,No,No,No,Yes,No
CUST-04764,Jessica Gonzalez,Male,0,22,Yes,No,23,Two year,78.66,1838.48,Electronic check,DSL,Yes,Yes,No,Yes,No,Yes,No,No,No
CUST-04765,Mary Thomas,Female,0,37,Yes,No,1,Month-to-month,77.82,99.62,Mailed check,DSL,Yes,No,No,Yes,Yes,No,No,No,Yes
CUST-04766,Betty Scott,Male,0,63,Yes,Yes,7,Month-to-month,82.1,589.16,Credit card,DSL,Yes,No,Yes,No,Yes,Yes,No,Yes,Yes
CUST-04767,John Wilson,Male,0,62,Yes,Yes,55,Two year,70.72,3867.08,Credit card,DSL,Yes,No,No,No,Yes,Yes,No,Yes,No
CUST-04768,Christopher Flores,Male,0,64,No,Yes,11,Month-to-month,87.87,962.66,Credit card,DSL,Yes,Yes,No,Yes,Yes,No,No,Yes,Yes
CUST-04769,Sandra Smith,Male,0,44,Yes,No,16,One year,27.73,420.52,Bank transfer,No,Yes,No internet service,No internet service,No internet service,No internet service,No internet service,No internet service,Yes,No
CUST-04770,Robert Flores,Female,0,51,No,No,40,One year,115.0,4621.3,Electronic check,Fiber optic,Yes,No,Yes,Yes,Yes,Yes,Yes,No,No
CUST-04771,Steven Smith,Female,0,43,No,No,66,Two year,101.31,6712.07,Credit card,Fiber optic,Yes,Yes,No,No,No,Yes,Yes,No,No
CUST-04772,Linda Davis,Female,0,48,Yes,Yes,11,Month-to-month,33.99,369.11,Bank transfer,No,Yes,No internet service,No internet service,No internet service,No internet service,No internet service,No internet service,No,No
CUST-04773,Elizabeth Jones,Female,0,53,No,Yes,11,Month-to-month,85.33,918.7,Electronic check,Fiber optic,Yes,No,No,No,No,No,Yes,Yes,No
CUST-04774,Susan Taylor,Female,0,35,Yes,Yes,1,Month-to-month,32.18,32.18,Credit card,No,Yes,No internet service,No internet service,No internet service,No internet service,No internet service,No internet service,No,No
CUST-04775,Michelle Scott,Female,0,58,Yes,No,11,Month-to-month,72.72,750.85,Electronic check,DSL,Yes,No,Yes,No,No,No,Yes,Yes,Yes
CUST-04776,William Walker,Female,0,43,No,Yes,2,Month-to-month,24.58,86.67,Credit card,No,No,No internet service,No internet service,No internet service,No internet service,No internet service,No internet service,No,No
CUST-04777,Christopher White,Female,0,24,No,No,8,Month-to-month,104.23,866.54,Credit card,Fiber optic,Yes,No,No,Yes,No,No,Yes,Yes,No
CUST-04778,Steven Jones,Male,0,20,No,No,31,Two year,94.07,2930.79,Credit card,DSL,Yes,Yes,Yes,Yes,Yes,No,No,No,No
CUST-04779,Joshua Smith,Female,0,53,No,Yes,1,Month-to-month,67.6,97.0,Credit card,DSL,Yes,No,No,No,No,No,Yes,Yes,No
CUST-04780,Robert Scott,Male,0,27,Yes,No,5,Month-to-month,64.23,351.29,Electronic check,DSL,Yes,Yes,No,No,No,No,No,No,Yes
CUST-04781,James Martinez,Female,0,44,No,No,11,Month-to-month,102.99,1138.46,Bank transfer,Fiber optic,Yes,Yes,Yes,Yes,Yes,No,No,Yes,No
CUST-04782,James Garcia,Male,0,24,No,No,9,Month-to-month,107.39,928.52,Electronic check,Fiber optic,Yes,No,Yes,Yes,No,No,Yes,No,No
CUST-04783,Sandra Jones,Female,0,24,Yes,Yes,36,One year,39.63,1423.08,Mailed check,No,Yes,No internet service,No internet service,No internet service,No internet service,No internet service,No internet service,Yes,No
CUST-04784,Susan Clark,Male,1,66,Yes,Yes,17,Two year,32.87,566.81,Electronic check,No,Yes,No internet service,No internet service,No internet service,No internet service,No internet service,No internet service,Yes,No
CUST-04785,Anthony Young,Male,0,25,No,No,7,Month-to-month,64.32,474.86,Credit card,DSL,Yes,No,No,No,No,No,No,Yes,No
CUST-04786,Sandra Brown,Male,1,65,Yes,No,2,Month-to-month,90.1,151.81,Electronic check,Fiber optic,No,Yes,No,No,No,Yes,Yes,Yes,Yes
CUST-04787,Linda Jones,Female,0,24,No,Yes,9,Month-to-month,31.29,313.32,Mailed check,No,Yes,No internet service,No internet service,No internet service,No internet service,No internet service,No internet service,No,Yes
CUST-04788,Anthony Brown,Female,0,19,No,No,11,Month-to-month,94.41,1000.37,Electronic check,Fiber optic,Yes,No,Yes,No,No,Yes,No,No,Yes
CUST-04789,William Martin,Female,0,62,Yes,No,42,One year,101.07,4223.07,Electronic check,Fiber optic,Yes,No,No,No,Yes,No,Yes,Yes,No
CUST-04790,Joseph Garcia,Male,0,50,Yes,No,10,Month-to-month,93.26,965.7,Bank transfer,Fiber optic,Yes,Yes,No,No,No,No,Yes,Yes,No
CUST-04791,Betty Jones,Male,0,20,Yes,No,5,Month-to-month,76.71,429.17,Mailed check,DSL,Yes,No,No,Yes,No,No,Yes,No,No
CUST-04792,Patricia Johnson,Male,0,48,Yes,No,9,Month-to-month,28.0,224.07,Credit card,No,Yes,No internet service,No internet service,No internet service,No internet service,No internet service,No internet service,Yes,Yes
CUST-04793,Jessica Lee,Male,0,20,Yes,No,26,One year,107.4,2833.81,Credit card,Fiber optic,Yes,Yes,Yes,No,No,Yes,Yes,Yes,No
CUST-04794,Michael Hernandez,Male,0,36,No,Yes,6,Month-to-month,113.84,716.01,Bank transfer,Fiber optic,Yes,Yes,Yes,Yes,No,Yes,Yes,Yes,No
CUST-04795,Daniel Taylor,Female,0,28,Yes,Yes,66,Two year,82.68,5476.73,Mailed check,DSL,Yes,Yes,Yes,Yes,No,Yes,No,Yes,No
CUST-04796,Joshua Wright,Female,0,36,No,Yes,8,Month-to-month,50.28,407.81,Electronic check,DSL,Yes,No,No,No,No,No,No,Yes,No
CUST-04797,Donald Wright,Female,0,22,Yes,Yes,11,Month-to-month,87.07,990.17,Electronic check,Fiber optic,Yes,Yes,Yes,No,No,Yes,No,Yes,Yes
CUST-04798,Betty Smith,Male,0,49,No,No,15,One year,48.93,711.2,Electronic check,DSL,No,No,No,No,No,No,No,No,No
CUST-04799,Sarah Gonzalez,Female,0,51,No,No,7,Month-to-month,71.01,471.61,Mailed check,Fiber optic,Yes,No,No,No,No,No,No,Yes,No
CUST-04800,Karen Allen,Female,0,31,Yes,No,33,Two year,99.04,3285.3,Credit card,Fiber optic,Yes,No,Yes,Yes,Yes,No,No,No,No
CUST-04801,Michelle Torres,Female,1,65,No,No,44,Two year,62.77,2781.86,Electronic check,DSL,Yes,Yes,No,No,Yes,No,No,Yes,No
CUST-04802,Richard Lee,Female,1,73,No,No,23,Two year,104.5,2442.51,Mailed check,Fiber optic,Yes,Yes,Yes,No,Yes,No,No,Yes,No
CUST-04803,Richard Harris,Female,1,67,No,No,48,Two year,76.88,3739.76,Mailed check,DSL,Yes,Yes,No,Yes,No,Yes,No,Yes,No
CUST-04804,Anthony White,Male,0,48,Yes,Yes,39,One year,90.52,3500.15,Electronic check,Fiber optic,Yes,No,No,Yes,No,No,No,Yes,Yes
CUST-04805,Barbara Johnson,Female,1,72,No,Yes,43,Two year,34.0,1447.79,Electronic check,No,Yes,No internet service,No internet service,No internet service,No internet service,No internet service,No internet service,No,No
CUST-04806,Joshua Ramirez,Male,0,29,No,Yes,2,Month-to-month,104.84,249.56,Credit card,Fiber optic,Yes,No,Yes,No,Yes,Yes,No,Yes,Yes
CUST-04807,Charles Brown,Female,1,79,Yes,No,6,Month-to-month,89.07,550.89,Mailed check,Fiber optic,Yes,Yes,Yes,No,No,No,No,Yes,Yes
CUST-04808,Thomas Perez,Female,0,51,Yes,No,28,Two year,88.87,2456.23,Bank transfer,Fiber optic,Yes,No,No,No,No,Yes,No,No,Yes
CUST-04809,Sarah Smith,Male,0,29,Yes,Yes,55,Two year,76.55,4227.39,Mailed check,DSL,Yes,No,Yes,No,No,Yes,No,Yes,No
CUST-04810,Patricia Gonzalez,Male,0,42,Yes,No,11,One year,109.35,1249.92,Electronic check,Fiber optic,Yes,Yes,Yes,No,Yes,Yes,No,Yes,No
CUST-04811,Charles Brown,Female,1,71,No,Yes,4,Month-to-month,102.49,430.07,Electronic check,Fiber optic,Yes,No,Yes,No,Yes,No,No,Yes,No
CUST-04812,Sarah Anderson,Female,0,53,Yes,No,2,Month-to-month,80.37,209.81,Mailed check,Fiber optic,Yes,No,No,Yes,No,No,Yes,Yes,No
CUST-04813,Ashley King,Male,0,41,Yes,No,13,One year,38.57,479.17,Electronic check,No,Yes,No internet service,No internet service,No internet service,No internet service,No internet service,No internet service,No,No
CUST-04814,Joshua Anderson,Male,1,69,No,No,2,Month-to-month,87.78,191.48,Mailed check,DSL,Yes,Yes,No,No,Yes,Yes,No,No,No
CUST-04815,Michael Miller,Male,1,67,No,No,15,One year,86.17,1301.02,Bank transfer,DSL,No,No,Yes,Yes,Yes,No,Yes,Yes,Yes
CUST-04816,Nancy Davis,Female,1,77,No,Yes,12,Two year,106.13,1251.47,Electronic check,Fiber optic,Yes,No,Yes,No,Yes,No,Yes,No,No
CUST-04817,William Flores,Female,0,34,Yes,No,38,One year,106.71,4094.71,Bank transfer,Fiber optic,Yes,Yes,Yes,No,Yes,Yes,No,Yes,No
CUST-04818,John Thompson,Female,0,30,No,No,7,Month-to-month,108.85,718.66,Mailed check,Fiber optic,Yes,Yes,Yes,No,Yes,Yes,No,Yes,Yes
CUST-04819,Jennifer Thompson,Female,0,26,No,Yes,16,One year,37.98,566.44,Credit card,No,Yes,No internet service,No internet service,No internet service,No internet service,No internet service,No internet service,Yes,No
CUST-04820,Sandra Jackson,Male,0,58,Yes,No,3,Month-to-month,112.5,288.51,Mailed check,Fiber optic,Yes,Yes,No,No,Yes,Yes,Yes,No,Yes
CUST-04821,Robert Martin,Female,0,18,Yes,No,28,One year,61.33,1724.89,Bank transfer,DSL,Yes,Yes,No,No,No,No,No,No,No
CUST-04822,Kimberly Lopez,Female,0,38,Yes,No,9,Month-to-month,98.67,900.56,Credit card,Fiber optic,Yes,Yes,No,No,Yes,No,No,Yes,Yes
CUST-04823,Anthony Williams,Female,0,30,No,Yes,65,Two year,95.05,6137.49,Electronic check,Fiber optic,Yes,Yes,Yes,No,No,No,Yes,No,No
CUST-04824,Michelle Scott,Male,0,34,No,Yes,10,Month-to-month,81.55,809.94,Credit card,DSL,Yes,No,No,Yes,No,Yes,Yes,Yes,No
CUST-04825,Ashley Lopez,Male,0,40,No,No,4,Month-to-month,97.38,351.08,Bank transfer,DSL,Yes,Yes,Yes,No,Yes,Yes,Yes,Yes,No
CUST-04826,Patricia Allen,Male,0,35,No,No,4,Month-to-month,104.41,429.46,Credit card,Fiber optic,Yes,No,Yes,No,No,No,Yes,Yes,Yes
CUST-04827,Nancy Moore,Male,0,30,No,No,24,Two year,99.96,2429.1,Bank transfer,Fiber optic,Yes,Yes,No,No,Yes,No,Yes,No,No
CUST-04828,Matthew Brown,Female,1,74,Yes,No,1,Month-to-month,89.57,89.57,Electronic check,Fiber optic,Yes,Yes,Yes,No,No,No,No,No,No
CUST-04829,Susan Martin,Female,0,34,Yes,No,58,Two year,68.33,3934.34,Bank transfer,DSL,Yes,No,No,No,No,Yes,No,No,Yes
CUST-04830,Charles Walker,Female,1,83,No,No,8,Month-to-month,36.06,336.79,Electronic check,No,Yes,No internet service,No internet service,No internet service,No internet service,No internet service,No internet service,Yes,No
CUST-04831,Jessica Perez,Male,0,36,No,Yes,14,One year,26.21,323.45,Electronic check,No,Yes,No internet service,No internet service,No internet service,No internet service,No internet service,No internet service,Yes,No
CUST-04832,Donna Gonzalez,Female,0,43,No,Yes,53,Two year,39.25,2077.24,Bank transfer,No,Yes,No internet service,No internet service,No internet service,No internet service,No internet service,No internet service,No,No
CUST-04833,Paul Gonzalez,Female,0,35,Yes,No,45,One year,100.52,4489.76,Bank transfer,Fiber optic,Yes,No,Yes,No,No,Yes,No,No,Yes
CUST-04834,Nancy Allen,Male,0,45,No,No,8,Month-to-month,79.26,641.28,Bank transfer,DSL,Yes,Yes,No,Yes,No,Yes,No,No,No
CUST-04835,Christopher Sanchez,Female,0,26,Yes,Yes,11,Month-to-month,99.59,1094.38,Electronic check,Fiber optic,Yes,Yes,No,Yes,Yes,No,No,Yes,Yes
CUST-04836,Margaret Robinson,Female,0,58,No,Yes,10,Month-to-month,89.34,858.06,Electronic check,DSL,Yes,Yes,Yes,No,No,Yes,No,Yes,Yes
CUST-04837,Mark Martin,Male,0,21,No,Yes,6,Month-to-month,91.06,542.17,Electronic check,Fiber optic,Yes,Yes,Yes,No,No,No,No,Yes,Yes
CUST-04838,Mary Ramirez,Male,0,26,Yes,No,3,Month-to-month,34.68,71.55,Bank transfer,No,Yes,No internet service,No internet service,No internet service,No internet service,No internet service,No internet service,Yes,No
CUST-04839,Karen Johnson,Female,0,29,Yes,No,32,One year,94.03,3054.82,Credit card,Fiber optic,Yes,Yes,No,No,No,Yes,No,Yes,No
CUST-04840,Daniel Ramirez,Male,0,24,Yes,No,8,One year,78.88,612.27,Bank transfer,DSL,Yes,No,Yes,No,Yes,No,No,Yes,Yes
CUST-04841,Mark Davis,Male,0,28,Yes,No,13,Two year,80.04,1081.46,Credit card,DSL,Yes,Yes,No,No,Yes,No,No,Yes,No
CUST-04842,Kimberly Perez,Male,1,68,Yes,No,14,Two year,107.83,1483.62,Mailed check,Fiber optic,Yes,Yes,No,No,Yes,Yes,Yes,Yes,No
CUST-04843,Ashley Walker,Male,0,57,No,No,31,One year,94.39,2937.08,Bank transfer,Fiber optic,Yes,No,Yes,No,No,Yes,No,No,No
CUST-04844,Daniel Taylor,Male,0,20,Yes,No,9,Month-to-month,39.8,322.75,Mailed check,No,Yes,No internet service,No internet service,No internet service,No internet service,No internet service,No internet service,Yes,No
CUST-04845,Donna Flores,Male,0,59,No,Yes,71,Two year,86.77,6204.86,Bank transfer,DSL,Yes,No,No,Yes,Yes,Yes,No,Yes,No
CUST-04846,David Nguyen,Male,0,56,Yes,Yes,62,Two year,122.15,7559.92,Mailed check,Fiber optic,Yes,Yes,Yes,Yes,Yes,No,No,Yes,No
CUST-04847,David Robinson,Male,0,52,No,No,6,Month-to-month,80.99,518.46,Credit card,DSL,Yes,Yes,No,Yes,Yes,No,No,Yes,Yes
CUST-04848,Robert Moore,Female,0,31,Yes,No,8,One year,91.7,716.84,Credit card,Fiber optic,Yes,No,No,No,Yes,Yes,No,Yes,No
CUST-04849,Mary Lewis,Male,0,62,Yes,No,11,One year,29.49,344.31,Mailed check,No,Yes,No internet service,No internet service,No internet service,No internet service,No internet service,No internet service,Yes,No
CUST-04850,Patricia Miller,Male,0,59,Yes,Yes,4,Month-to-month,98.65,425.43,Credit card,Fiber optic,Yes,Yes,Yes,No,Yes,No,Yes,Yes,No
CUST-04851,Paul Rodriguez,Male,0,54,Yes,No,4,Month-to-month,94.29,402.08,Credit card,Fiber optic,Yes,No,Yes,No,No,Yes,Yes,Yes,Yes
CUST-04852,Charles Thompson,Female,0,34,Yes,No,71,Two year,75.99,5353.93,Mailed check,DSL,Yes,Yes,Yes,No,No,No,No,No,No
CUST-04853,Sarah Anderson,Male,0,48,Yes,Yes,45,One year,130.9,5875.32,Electronic check,Fiber optic,Yes,Yes,Yes,Yes,Yes,Yes,Yes,Yes,No
CUST-04854,Mary Robinson,Male,0,27,Yes,No,7,Month-to-month,107.9,790.37,Credit card,Fiber optic,Yes,Yes,No,Yes,No,Yes,Yes,Yes,Yes
CUST-04855,Lisa Hernandez,Male,0,59,No,No,8,Month-to-month,105.64,889.87,Electronic check,Fiber optic,Yes,Yes,Yes,No,Yes,Yes,No,No,Yes
CUST-04856,Donald Miller,Female,0,45,Yes,No,5,Month-to-month,106.28,519.91,Credit card,Fiber optic,Yes,Yes,No,Yes,Yes,No,No,Yes,Yes
CUST-04857,Steven Young,Female,0,63,No,No,7,Month-to-month,89.13,604.71,Electronic check,Fiber optic,Yes,No,No,No,No,Yes,No,Yes,No
CUST-04858,Michael Garcia,Male,1,81,No,No,11,One year,68.92,770.35,Bank transfer,DSL,Yes,No,No,No,No,No,Yes,Yes,Yes
CUST-04859,Karen King,Female,1,70,Yes,No,1,Month-to-month,79.14,79.14,Mailed check,DSL,Yes,No,Yes,No,Yes,No,No,Yes,No
CUST-04860,Ashley Brown,Male,0,53,No,No,31,One year,98.19,3009.07,Mailed check,Fiber optic,Yes,Yes,No,No,Yes,No,Yes,Yes,No
CUST-04861,Mark Torres,Male,0,28,No,No,9,Month-to-month,28.92,262.4,Electronic check,No,Yes,No internet service,No internet service,No internet service,No internet service,No internet service,No internet service,Yes,No
CUST-04862,Matthew Hernandez,Male,0,21,No,No,11,Month-to-month,60.03,691.38,Electronic check,DSL,No,Yes,No,No,No,Yes,No,No,No
CUST-04863,Karen Martin,Female,0,43,Yes,No,9,Month-to-month,89.35,825.28,Mailed check,Fiber optic,Yes,No,Yes,No,No,No,Yes,Yes,Yes
CUST-04864,Joshua Thompson,Female,1,73,Yes,No,2,Month-to-month,82.18,194.78,Mailed check,DSL,Yes,Yes,No,Yes,Yes,No,No,No,Yes
CUST-04865,Matthew Flores,Female,0,48,Yes,No,7,Month-to-month,99.18,710.15,Electronic check,Fiber optic,Yes,Yes,No,No,Yes,Yes,No,No,Yes
CUST-04866,Betty Brown,Female,0,56,No,Yes,45,One year,77.84,3533.37,Electronic check,Fiber optic,Yes,No,No,No,No,Yes,No,No,No
CUST-04867,William Wilson,Male,0,36,Yes,No,1,Month-to-month,31.85,49.54,Bank transfer,No,Yes,No internet service,No internet service,No internet service,No internet service,No internet service,No internet service,No,No
CUST-04868,Thomas Lopez,Male,0,45,Yes,No,27,Two year,100.86,2681.17,Credit card,Fiber optic,Yes,No,Yes,Yes,No,No,Yes,Yes,No
CUST-04869,Jennifer Williams,Male,1,75,Yes,No,1,Month-to-month,75.41,110.72,Credit card,DSL,Yes,Yes,No,Yes,Yes,No,No,Yes,Yes
CUST-04870,James Hernandez,Female,0,18,Yes,No,14,One year,85.46,1146.73,Credit card,Fiber optic,No,No,Yes,Yes,Yes,No,No,No,No
CUST-04871,Mark Wilson,Female,0,48,Yes,No,11,Month-to-month,76.11,867.5,Electronic check,DSL,Yes,No,Yes,No,Yes,No,No,No,No
CUST-04872,Charles Walker,Female,0,28,Yes,No,7,Month-to-month,76.02,542.83,Credit card,DSL,Yes,Yes,No,No,Yes,No,No,Yes,No
CUST-04873,John Lopez,Female,0,49,No,No,23,One year,36.21,857.89,Credit card,No,Yes,No internet service,No internet service,No internet service,No internet service,No internet service,No internet service,Yes,No
CUST-04874,Susan Lewis,Male,0,53,Yes,No,46,Two year,96.24,4472.13,Credit card,Fiber optic,Yes,No,Yes,Yes,No,No,No,Yes,No
CUST-04875,Andrew Williams,Female,0,48,Yes,No,7,Month-to-month,110.61,750.53,Credit card,Fiber optic,Yes,Yes,Yes,No,Yes,Yes,No,No,No
CUST-04876,Jennifer Sanchez,Male,0,29,Yes,No,1,Month-to-month,85.83,105.94,Mailed check,Fiber optic,Yes,Yes,No,No,No,No,No,Yes,Yes
CUST-04877,Daniel Williams,Male,0,27,No,No,7,Month-to-month,88.07,587.62,Mailed check,Fiber optic,Yes,No,Yes,No,No,No,No,Yes,No
CUST-04878,Sarah Lopez,Female,0,40,No,Yes,3,Month-to-month,82.24,241.23,Mailed check,DSL,Yes,Yes,No,Yes,No,Yes,Yes,Yes,Yes
CUST-04879,Michelle Hernandez,Male,0,59,Yes,No,4,Month-to-month,97.14,405.79,Bank transfer,Fiber optic,Yes,No,Yes,No,No,Yes,No,Yes,No
CUST-04880,Mark Torres,Female,0,32,No,No,17,One year,74.06,1216.75,Bank transfer,DSL,Yes,Yes,Yes,No,Yes,No,No,Yes,No
CUST-04881,Lisa Miller,Male,0,47,No,No,4,Month-to-month,83.63,379.0,Credit card,Fiber optic,Yes,No,No,No,No,No,No,Yes,No
CUST-04882,Charles Johnson,Male,1,71,No,No,5,Month-to-month,106.42,524.47,Bank transfer,Fiber optic,Yes,Yes,No,Yes,No,Yes,No,No,No
CUST-04883,Emily Lewis,Female,0,47,No,Yes,2,Month-to-month,71.11,96.05,Bank transfer,DSL,Yes,No,No,No,No,No,Yes,No,Yes
CUST-04884,Lisa Anderson,Female,0,19,Yes,No,34,Two year,90.16,3029.98,Credit card,Fiber optic,Yes,Yes,No,No,No,Yes,No,Yes,Yes
CUST-04885,Betty Jones,Female,0,40,No,No,57,Two year,38.76,2235.74,Electronic check,No,Yes,No internet service,No internet service,No internet service,No internet service,No internet service,No internet service,Yes,No
CUST-04886,Charles Rodriguez,Female,0,58,No,No,44,One year,32.05,1396.84,Credit card,No,Yes,No internet service,No internet service,No internet service,No internet service,No internet service,No internet service,Yes,No
CUST-04887,Christopher White,Female,0,43,Yes,No,24,One year,105.65,2507.18,Bank transfer,Fiber optic,Yes,Yes,No,Yes,No,Yes,Yes,No,No
CUST-04888,Paul Miller,Male,0,18,No,No,3,Month-to-month,79.54,222.39,Bank transfer,Fiber optic,Yes,No,No,No,No,No,Yes,No,No
CUST-04889,Jessica Sanchez,Male,1,79,No,Yes,5,Month-to-month,63.97,364.95,Bank transfer,DSL,Yes,Yes,No,No,No,No,No,Yes,Yes
CUST-04890,Anthony Lewis,Female,0,21,Yes,No,42,Two year,100.28,4200.4,Bank transfer,Fiber optic,Yes,Yes,No,No,No,Yes,No,No,No
CUST-04891,Lisa Williams,Female,0,50,Yes,No,26,One year,27.42,749.79,Bank transfer,No,Yes,No internet service,No internet service,No internet service,No internet service,No internet service,No internet service,No,No
CUST-04892,Elizabeth Anderson,Male,0,39,No,No,1,Month-to-month,88.04,95.88,Bank transfer,DSL,Yes,Yes,Yes,Yes,No,Yes,No,No,No
CUST-04893,Donna Williams,Female,0,61,Yes,No,10,Month-to-month,26.14,233.43,Bank transfer,No,Yes,No internet service,No internet service,No internet service,No internet service,No internet service,No internet service,Yes,No
CUST-04894,Jessica Harris,Female,0,44,Yes,No,56,Two year,77.36,4290.5,Credit card,DSL,No,Yes,Yes,No,No,Yes,No,No,No
CUST-04895,Thomas Thomas,Female,1,83,Yes,No,1,Month-to-month,93.3,93.3,Electronic check,DSL,Yes,No,No,No,Yes,Yes,Yes,Yes,Yes
CUST-04896,Michael Torres,Female,0,29,Yes,Yes,55,Two year,97.18,5343.93,Credit card,Fiber optic,Yes,No,Yes,No,No,Yes,Yes,No,No
CUST-04897,Joshua Garcia,Male,0,61,Yes,Yes,11,Month-to-month,101.98,1073.47,Mailed check,Fiber optic,Yes,Yes,Yes,No,No,No,Yes,No,Yes
CUST-04898,Richard Brown,Female,0,21,No,No,11,Month-to-month,94.71,1015.24,Credit card,DSL,Yes,Yes,Yes,Yes,No,No,No,Yes,No
CUST-04899,Sandra Jackson,Male,0,40,Yes,No,3,Month-to-month,84.93,275.78,Mailed check,DSL,Yes,Yes,Yes,No,No,Yes,Yes,No,Yes
CUST-04900,Karen Torres,Female,0,37,No,No,8,Month-to-month,94.28,765.27,Mailed check,Fiber optic,Yes,Yes,No,No,Yes,No,No,No,Yes
CUST-04901,Robert Nguyen,Female,0,63,No,No,4,Month-to-month,87.37,350.45,Mailed check,DSL,Yes,Yes,No,Yes,Yes,Yes,No,Yes,No
CUST-04902,Sandra Davis,Male,0,40,No,No,12,One year,26.0,351.45,Mailed check,No,Yes,No internet service,No internet service,No internet service,No internet service,No internet service,No internet service,No,No
CUST-04903,Paul Miller,Female,1,78,Yes,No,8,One year,82.38,682.38,Mailed check,Fiber optic,Yes,No,No,No,No,No,Yes,Yes,Yes
CUST-04904,Steven Clark,Male,1,66,No,No,1,Month-to-month,84.05,110.36,Electronic check,Fiber optic,Yes,No,No,No,Yes,No,Yes,Yes,Yes
CUST-04905,Ashley Flores,Female,0,21,No,No,11,Month-to-month,90.53,998.94,Mailed check,Fiber optic,Yes,No,Yes,No,No,No,Yes,Yes,Yes
CUST-04906,Mark Wright,Female,0,19,No,No,25,Two year,131.69,3281.35,Electronic check,Fiber optic,Yes,Yes,Yes,Yes,Yes,Yes,Yes,No,No
CUST-04907,Linda Wilson,Female,0,63,No,No,11,Month-to-month,95.85,1018.91,Electronic check,DSL,Yes,No,Yes,No,Yes,Yes,Yes,No,No
CUST-04908,Emily Lee,Male,0,31,Yes,No,1,Month-to-month,15.96,48.12,Bank transfer,No,No,No internet service,No internet service,No internet service,No internet service,No internet service,No internet service,No,No
CUST-04909,Mark Nguyen,Male,0,26,No,No,5,Month-to-month,77.67,409.12,Mailed check,Fiber optic,Yes,No,No,No,Yes,No,No,Yes,Yes
CUST-04910,James Harris,Male,1,77,No,Yes,11,Month-to-month,35.28,368.74,Bank transfer,No,Yes,No internet service,No internet service,No internet service,No internet service,No internet service,No internet service,Yes,Yes
CUST-04911,Steven Sanchez,Male,0,20,Yes,Yes,21,One year,76.02,1645.7,Mailed check,DSL,Yes,No,Yes,No,No,No,Yes,Yes,No
CUST-04912,Sandra Jackson,Male,0,54,No,No,5,Month-to-month,27.96,147.18,Mailed check,No,Yes,No internet service,No internet service,No internet service,No internet service,No internet service,No internet service,No,Yes
CUST-04913,Elizabeth Robinson,Female,0,31,Yes,No,7,One year,73.66,468.64,Electronic check,Fiber optic,No,No,Yes,Yes,No,No,No,Yes,No
CUST-04914,Mark Davis,Female,0,52,No,Yes,21,One year,97.47,2021.71,Mailed check,DSL,Yes,Yes,No,Yes,Yes,No,Yes,Yes,No
CUST-04915,Joseph Harris,Male,0,26,Yes,Yes,5,Month-to-month,90.37,428.01,Credit card,Fiber optic,Yes,No,Yes,Yes,No,No,No,Yes,Yes
CUST-04916,Betty Garcia,Female,0,37,No,No,46,Two year,34.89,1628.39,Credit card,No,Yes,No internet service,No internet service,No internet service,No internet service,No internet service,No internet service,No,No
CUST-04917,William Rodriguez,Male,0,64,No,Yes,10,Month-to-month,97.47,1010.34,Bank transfer,DSL,Yes,Yes,Yes,Yes,Yes,No,Yes,Yes,No
CUST-04918,Nancy King,Female,0,35,No,Yes,62,Two year,96.91,5982.16,Bank transfer,Fiber optic,Yes,No,Yes,No,No,No,Yes,No,No
CUST-04919,Joshua King,Male,0,49,Yes,Yes,71,Two year,97.48,6885.34,Bank transfer,DSL,Yes,Yes,Yes,Yes,Yes,No,Yes,No,No
CUST-04920,Linda Taylor,Male,0,21,No,No,9,Month-to-month,25.97,199.19,Bank transfer,No,Yes,No internet service,No internet service,No internet service,No internet service,No internet service,No internet service,Yes,No
CUST-04921,Paul Miller,Female,0,29,Yes,No,7,Month-to-month,73.3,562.38,Bank transfer,DSL,Yes,Yes,No,No,No,No,No,No,Yes
CUST-04922,Elizabeth Wilson,Female,0,61,No,No,1,Month-to-month,15.28,39.56,Credit card,No,No,No internet service,No internet service,No internet service,No internet service,No internet service,No internet service,Yes,Yes
CUST-04923,Charles Sanchez,Female,0,43,Yes,Yes,6,Month-to-month,30.57,155.64,Credit card,No,Yes,No internet service,No internet service,No internet service,No internet service,No internet service,No internet service,Yes,No
CUST-04924,James Rodriguez,Female,1,79,No,Yes,8,One year,90.21,728.84,Bank transfer,Fiber optic,Yes,Yes,No,No,No,No,Yes,Yes,Yes
CUST-04925,Sarah Rodriguez,Male,0,24,Yes,No,8,Month-to-month,28.53,227.04,Bank transfer,No,Yes,No internet service,No internet service,No internet service,No internet service,No internet service,No internet service,Yes,Yes
CUST-04926,Mary Harris,Male,0,38,No,No,29,Two year,83.73,2430.58,Credit card,DSL,Yes,Yes,Yes,No,No,Yes,No,No,No
CUST-04927,Emily Brown,Male,0,58,Yes,Yes,7,Month-to-month,66.9,431.55,Bank transfer,DSL,Yes,No,Yes,Yes,No,No,No,Yes,No
CUST-04928,Jessica Torres,Male,0,58,Yes,No,9,One year,102.83,915.16,Electronic check,Fiber optic,Yes,No,No,No,Yes,No,Yes,Yes,No
CUST-04929,John Nguyen,Male,0,43,No,No,1,Month-to-month,109.25,109.25,Bank transfer,Fiber optic,Yes,Yes,Yes,Yes,No,Yes,No,No,Yes
CUST-04930,Michelle Gonzalez,Male,0,23,Yes,Yes,41,One year,100.93,4158.13,Mailed check,Fiber optic,Yes,No,Yes,No,Yes,Yes,No,Yes,No
CUST-04931,Sandra Jones,Male,0,56,No,Yes,9,Month-to-month,96.68,884.36,Credit card,Fiber optic,Yes,Yes,No,No,Yes,No,No,Yes,Yes
CUST-04932,Donna Lewis,Female,0,21,No,No,7,Month-to-month,33.14,246.12,Bank transfer,No,Yes,No internet service,No internet service,No internet service,No internet service,No internet service,No internet service,Yes,No
CUST-04933,Margaret Wilson,Female,0,39,No,Yes,8,Month-to-month,91.46,746.6,Mailed check,Fiber optic,Yes,Yes,Yes,No,No,No,Yes,Yes,No
CUST-04934,Robert Anderson,Female,0,64,Yes,No,10,Month-to-month,69.64,681.66,Bank transfer,DSL,Yes,No,Yes,No,No,Yes,No,Yes,Yes
CUST-04935,Margaret Garcia,Male,0,59,No,No,58,Two year,23.89,1415.23,Electronic check,No,No,No internet service,No internet service,No internet service,No internet service,No internet service,No internet service,No,No
CUST-04936,Mark Flores,Male,0,47,No,Yes,33,Two year,39.92,1348.2,Bank transfer,No,Yes,No internet service,No internet service,No internet service,No internet service,No internet service,No internet service,No,No
CUST-04937,Ashley Allen,Male,0,39,Yes,Yes,7,Month-to-month,103.93,764.43,Mailed check,Fiber optic,Yes,No,No,Yes,No,Yes,Yes,No,No
CUST-04938,Paul Sanchez,Male,0,19,Yes,No,12,One year,85.23,985.93,Bank transfer,DSL,Yes,Yes,Yes,No,No,Yes,No,Yes,No
CUST-04939,Donald Wilson,Female,0,46,No,Yes,8,Month-to-month,91.57,696.02,Bank transfer,Fiber optic,Yes,Yes,No,Yes,No,No,No,No,Yes
CUST-04940,Ashley Martin,Male,0,26,No,No,5,Month-to-month,91.58,467.11,Bank transfer,DSL,Yes,No,Yes,Yes,No,No,Yes,Yes,Yes
CUST-04941,Barbara Wright,Female,1,79,Yes,No,31,Two year,70.58,2139.91,Credit card,DSL,Yes,Yes,No,No,No,No,No,Yes,Yes
CUST-04942,Sandra Wright,Female,0,53,No,Yes,35,One year,83.05,2859.45,Electronic check,Fiber optic,Yes,Yes,No,No,No,No,No,No,No
CUST-04943,Elizabeth Thompson,Female,0,54,No,No,3,Month-to-month,76.23,224.13,Credit card,DSL,Yes,Yes,Yes,Yes,No,No,No,No,No
CUST-04944,Donald Lewis,Female,0,37,Yes,No,1,Month-to-month,90.84,131.97,Credit card,DSL,Yes,Yes,Yes,No,No,No,Yes,Yes,No
CUST-04945,Michael Harris,Male,0,56,No,No,7,Month-to-month,31.62,206.36,Bank transfer,No,Yes,No internet service,No internet service,No internet service,No internet service,No internet service,No internet service,Yes,No
CUST-04946,Betty Wright,Male,0,39,Yes,No,31,Two year,94.59,2940.13,Electronic check,Fiber optic,Yes,No,Yes,No,No,No,Yes,Yes,No
CUST-04947,Joshua Thomas,Female,0,22,Yes,Yes,5,Month-to-month,80.27,427.35,Mailed check,Fiber optic,Yes,No,Yes,No,No,No,No,Yes,Yes
CUST-04948,Karen Hill,Female,1,77,Yes,No,12,One year,80.48,992.38,Bank transfer,DSL,Yes,No,No,Yes,No,No,Yes,Yes,Yes
CUST-04949,Susan Lee,Female,0,28,No,No,45,One year,111.64,5017.77,Bank transfer,Fiber optic,Yes,No,No,Yes,Yes,Yes,Yes,Yes,No
CUST-04950,David Williams,Female,0,51,Yes,No,6,Month-to-month,112.84,673.27,Mailed check,Fiber optic,Yes,Yes,No,Yes,Yes,Yes,No,No,No
CUST-04951,James Williams,Female,0,53,Yes,Yes,1,Month-to-month,83.6,110.07,Credit card,DSL,Yes,Yes,Yes,Yes,Yes,No,No,Yes,No
CUST-04952,Emily Robinson,Male,1,69,No,Yes,4,Month-to-month,75.92,269.19,Electronic check,DSL,Yes,Yes,No,No,No,No,Yes,No,Yes
CUST-04953,Christopher Brown,Male,0,53,Yes,No,10,Month-to-month,71.83,729.94,Electronic check,DSL,Yes,No,No,No,Yes,No,No,Yes,Yes
CUST-04954,Mary Martinez,Female,0,59,Yes,No,2,Month-to-month,113.73,187.83,Credit card,Fiber optic,Yes,Yes,Yes,Yes,Yes,Yes,No,Yes,No
CUST-04955,Nancy Wilson,Male,1,83,Yes,Yes,44,Two year,97.35,4303.33,Mailed check,DSL,Yes,Yes,Yes,No,Yes,Yes,Yes,Yes,No
CUST-04956,Elizabeth Williams,Female,1,69,No,No,56,Two year,67.68,3814.45,Credit card,DSL,No,Yes,No,No,No,No,Yes,No,No
CUST-04957,Jennifer Young,Male,0,18,No,No,3,Month-to-month,74.49,183.14,Mailed check,DSL,Yes,Yes,No,No,No,No,No,No,No
CUST-04958,William Torres,Female,0,51,Yes,No,6,One year,98.52,640.28,Mailed check,Fiber optic,Yes,No,Yes,Yes,No,No,Yes,No,No
CUST-04959,Mark Taylor,Male,0,63,Yes,No,46,One year,92.99,4298.66,Bank transfer,Fiber optic,Yes,Yes,No,No,No,No,No,Yes,No
CUST-04960,Christopher Martinez,Male,0,25,No,No,5,Month-to-month,104.62,492.76,Bank transfer,Fiber optic,Yes,No,Yes,No,Yes,Yes,No,No,Yes
CUST-04961,James Taylor,Female,0,24,Yes,No,8,Month-to-month,81.14,660.57,Bank transfer,Fiber optic,Yes,No,Yes,No,No,No,No,No,No
CUST-04962,Karen Williams,Female,1,72,Yes,No,8,Month-to-month,36.89,313.3,Bank transfer,No,Yes,No internet service,No internet service,No internet service,No internet service,No internet service,No internet service,Yes,No
CUST-04963,Richard Hill,Female,1,78,Yes,No,18,Two year,102.79,1841.9,Credit card,Fiber optic,Yes,No,Yes,Yes,Yes,No,Yes,Yes,No
CUST-04964,Michelle King,Male,0,28,Yes,No,46,Two year,25.68,1217.23,Electronic check,No,Yes,No internet service,No internet service,No internet service,No internet service,No internet service,No internet service,Yes,No
CUST-04965,Nancy Wilson,Female,0,55,Yes,No,10,Month-to-month,91.0,899.19,Mailed check,Fiber optic,Yes,Yes,No,No,No,No,No,No,Yes
CUST-04966,Sarah Perez,Female,0,63,No,No,10,Month-to-month,96.65,1005.07,Electronic check,Fiber optic,Yes,Yes,No,No,No,Yes,Yes,Yes,Yes
CUST-04967,Robert Rodriguez,Female,0,45,No,No,11,Month-to-month,79.85,832.33,Electronic check,Fiber optic,Yes,No,No,No,No,No,No,Yes,No
CUST-04968,Christopher Wright,Female,0,58,Yes,No,7,Month-to-month,94.68,700.32,Mailed check,Fiber optic,Yes,No,No,No,Yes,Yes,No,No,No
CUST-04969,Donna Lopez,Female,0,37,No,No,37,Two year,29.89,1095.68,Mailed check,No,Yes,No internet service,No internet service,No internet service,No internet service,No internet service,No internet service,No,No
CUST-04970,Jennifer Miller,Male,0,19,No,No,27,One year,96.18,2616.73,Electronic check,Fiber optic,Yes,No,Yes,Yes,Yes,No,No,No,No
CUST-04971,James Garcia,Female,0,19,Yes,No,55,Two year,71.99,3930.88,Electronic check,Fiber optic,No,No,No,No,No,Yes,No,Yes,No
CUST-04972,Richard Williams,Female,0,20,No,No,12,One year,74.01,917.4,Electronic check,DSL,Yes,No,Yes,No,No,Yes,Yes,Yes,No
CUST-04973,Jessica Wilson,Female,0,33,No,No,23,Two year,85.91,1989.74,Credit card,DSL,Yes,No,Yes,Yes,No,Yes,No,No,No
CUST-04974,Joseph Clark,Male,0,41,No,No,47,One year,90.1,4242.51,Credit card,DSL,Yes,No,Yes,No,Yes,No,Yes,No,Yes
CUST-04975,Joshua Miller,Male,0,56,Yes,Yes,50,Two year,36.34,1854.6,Electronic check,No,Yes,No internet service,No internet service,No internet service,No internet service,No internet service,No internet service,No,No
CUST-04976,Robert Young,Female,1,67,Yes,No,17,Two year,27.9,516.71,Mailed check,No,Yes,No internet service,No internet service,No internet service,No internet service,No internet service,No internet service,Yes,No
CUST-04977,Margaret Jones,Male,1,82,No,No,68,Two year,84.72,5779.97,Bank transfer,Fiber optic,Yes,No,No,No,No,No,Yes,No,No
CUST-04978,Jennifer King,Male,0,21,No,No,34,One year,96.73,3264.25,Credit card,Fiber optic,Yes,Yes,No,Yes,No,Yes,No,No,No
CUST-04979,Paul Miller,Male,0,54,Yes,No,5,Month-to-month,107.39,541.1,Electronic check,DSL,Yes,Yes,Yes,Yes,Yes,No,Yes,No,No
CUST-04980,Linda Walker,Female,0,38,Yes,No,30,One year,30.14,906.88,Electronic check,No,Yes,No internet service,No internet service,No internet service,No internet service,No internet service,No internet service,No,No
CUST-04981,William Williams,Female,0,36,Yes,No,47,Two year,32.22,1500.28,Bank transfer,No,Yes,No internet service,No internet service,No internet service,No internet service,No internet service,No internet service,Yes,No
CUST-04982,Elizabeth White,Female,1,77,Yes,No,43,One year,111.42,4807.46,Credit card,Fiber optic,Yes,Yes,No,No,Yes,No,Yes,No,No
CUST-04983,Charles Brown,Female,0,28,No,Yes,21,Two year,79.47,1656.76,Bank transfer,Fiber optic,Yes,No,No,No,Yes,No,No,Yes,Yes
CUST-04984,Susan Ramirez,Female,0,43,No,No,56,Two year,75.24,4177.65,Bank transfer,DSL,Yes,Yes,No,No,Yes,No,No,Yes,No
CUST-04985,Donna Thomas,Female,0,61,Yes,No,4,Month-to-month,77.84,314.46,Credit card,Fiber optic,Yes,No,No,No,No,No,No,Yes,No
CUST-04986,Emily Martin,Male,0,39,Yes,No,62,Two year,107.83,6670.33,Bank transfer,Fiber optic,Yes,Yes,No,Yes,Yes,Yes,No,No,Yes
CUST-04987,Donald Garcia,Male,0,35,Yes,No,41,Two year,94.92,3864.12,Bank transfer,Fiber optic,Yes,Yes,No,No,No,Yes,No,No,No
CUST-04988,Karen Wilson,Female,0,43,No,No,4,Month-to-month,82.68,331.84,Credit card,DSL,Yes,No,Yes,Yes,No,Yes,No,No,Yes
CUST-04989,Michelle White,Male,0,53,No,No,33,One year,34.48,1160.0,Mailed check,No,Yes,No internet service,No internet service,No internet service,No internet service,No internet service,No internet service,Yes,No
CUST-04990,Charles Wright,Male,1,74,No,No,2,Month-to-month,28.31,72.97,Bank transfer,No,Yes,No internet service,No internet service,No internet service,No internet service,No internet service,No internet service,Yes,No
CUST-04991,Betty Williams,Male,0,58,No,No,40,One year,104.25,4174.0,Mailed check,Fiber optic,Yes,No,Yes,Yes,No,No,No,Yes,Yes
CUST-04992,Robert Torres,Female,0,45,No,Yes,13,One year,30.75,423.8,Credit card,No,Yes,No internet service,No internet service,No internet service,No internet service,No internet service,No internet service,No,No
CUST-04993,Richard Thomas,Male,0,59,No,No,8,Month-to-month,96.04,739.73,Bank transfer,Fiber optic,Yes,Yes,Yes,No,No,No,No,Yes,No
CUST-04994,Susan Davis,Male,0,44,No,No,6,Month-to-month,77.88,462.56,Bank transfer,DSL,Yes,Yes,No,No,Yes,Yes,No,Yes,Yes
CUST-04995,Mary Allen,Male,0,60,Yes,Yes,8,Month-to-month,112.13,899.97,Bank transfer,Fiber optic,Yes,Yes,Yes,Yes,Yes,Yes,No,No,Yes
CUST-04996,Barbara Hernandez,Male,0,20,No,No,3,Month-to-month,82.29,233.93,Credit card,DSL,No,Yes,Yes,Yes,No,No,No,Yes,Yes
CUST-04997,Charles Moore,Female,0,36,No,Yes,49,Two year,39.28,1889.58,Electronic check,No,Yes,No internet service,No internet service,No internet service,No internet service,No internet service,No internet service,Yes,No
CUST-04998,Mark Sanchez,Female,0,27,No,No,3,Month-to-month,70.69,226.74,Credit card,DSL,Yes,No,No,No,No,Yes,No,Yes,No
CUST-04999,Nancy Garcia,Female,0,43,No,No,9,Month-to-month,101.42,869.96,Mailed check,Fiber optic,Yes,No,Yes,No,No,Yes,Yes,No,Yes
CUST-05000,Robert Wilson,Male,0,48,No,No,40,One year,110.93,4404.65,Electronic check,Fiber optic,Yes,No,No,Yes,No,Yes,Yes,Yes,No
